song_id,song,artist,reentry_date,previous_rank,reentry_rank,rank_jump,previous_popularity,reentry_popularity,popularity_change,popularity_change_rate,peak_rank_after_reentry,peak_date,peak_improvement,retention_days,rank_recovery_speed,rank_volatility,momentum_score
K-POP - Travis Scott & Bad Bunny & The Weeknd,K-POP,Travis Scott & Bad Bunny & The Weeknd,2024-07-29,47,46,1,4,91,87,2175.0,46,2024-07-29,0,2,0.0,0.0,544.05
STUPID IN LOVE (feat. HUH YUNJIN of LE SSERAFIM) - MAX,STUPID IN LOVE (feat. HUH YUNJIN of LE SSERAFIM),MAX,2025-03-06,46,49,-3,42,72,30,71.42857142857143,28,2025-04-04,21,46,0.7241379310344828,5.2831817603112174,23.251970443349755
Lost and Found - KingLee & Lil' Flip,Lost and Found,KingLee & Lil' Flip,2025-01-16,27,8,19,48,64,16,33.33333333333333,8,2025-01-16,0,2,0.0,0.0,14.033333333333331
No Tomorrow - Spotify Singles - Various Artists,No Tomorrow - Spotify Singles,Various Artists,2025-04-10,50,46,4,30,45,15,50.0,46,2025-04-10,0,2,0.0,0.0,13.7
CHIHIRO - Billie Eilish,CHIHIRO,Billie Eilish,2025-05-23,47,46,1,61,90,29,47.540983606557376,46,2025-05-23,0,3,0.0,0.5,12.185245901639345
Last Christmas - Single Version - Wham!,Last Christmas - Single Version,Wham!,2024-12-23,47,42,5,89,89,0,0.0,13,2024-12-25,29,5,14.5,7.917543811056558,11.65
HAPPY - DAY6,HAPPY,DAY6,2025-08-29,39,42,-3,53,57,4,7.547169811320755,4,2025-10-06,38,91,1.0,2.0626304672539972,11.586792452830188
Get A Guitar - RIIZE,Get A Guitar,RIIZE,2024-12-06,45,49,-4,46,54,8,17.391304347826086,23,2025-02-10,26,140,0.3939393939393939,3.226239302625765,10.9266139657444
I will come to you - Jin,I will come to you,Jin,2025-11-23,37,47,-10,43,53,10,23.25581395348837,30,2025-11-27,17,5,4.25,4.437059837324712,10.913953488372092
Fry’s Dream - AKMU,Fry’s Dream,AKMU,2024-09-05,46,41,5,52,59,7,13.461538461538462,18,2024-09-29,23,52,0.9583333333333334,2.743057572851873,10.807051282051281
Interlude : Dive - Jimin,Interlude : Dive,Jimin,2024-05-24,38,48,-10,78,77,-1,-1.282051282051282,7,2024-06-25,41,402,1.28125,5.49446409710184,10.50625
All I Want for Christmas Is You - Mariah Carey,All I Want for Christmas Is You,Mariah Carey,2024-12-17,44,24,20,98,99,1,1.0204081632653061,9,2024-12-25,15,11,1.875,6.887670143089026,10.380102040816325
OMG - NewJeans,OMG,NewJeans,2025-04-28,48,41,7,82,82,0,0.0,15,2025-05-01,26,170,8.666666666666666,4.021591939849843,10.333333333333332
"Angel Pt. 1 (feat. Jimin of BTS, JVKE & Muni Long) - Trailer Version - Fast & Furious: The Fast Saga & Jimin & BTS","Angel Pt. 1 (feat. Jimin of BTS, JVKE & Muni Long) - Trailer Version",Fast & Furious: The Fast Saga & Jimin & BTS,2024-10-27,49,50,-1,70,71,1,1.4285714285714286,12,2024-12-11,38,69,0.8444444444444444,4.618716745882802,10.026031746031746
Rainbow - Lim Young Woong,Rainbow,Lim Young Woong,2024-09-10,49,36,13,58,59,1,1.7241379310344827,14,2024-12-03,22,337,0.2619047619047619,2.92245030752878,9.883415435139574
"Angel Pt. 1 (feat. Jimin of BTS, JVKE & Muni Long) - Trailer Version - Fast & Furious: The Fast Saga & Jimin & BTS","Angel Pt. 1 (feat. Jimin of BTS, JVKE & Muni Long) - Trailer Version",Fast & Furious: The Fast Saga & Jimin & BTS,2024-10-31,50,46,4,71,71,0,0.0,12,2024-12-11,34,65,0.8292682926829268,4.664938671544553,9.865853658536585
Dreamers [Music from the FIFA World Cup Qatar 2022 Official Soundtrack] - Jung Kook & BTS,Dreamers [Music from the FIFA World Cup Qatar 2022 Official Soundtrack],Jung Kook & BTS,2024-10-26,47,33,14,82,82,0,0.0,21,2024-10-27,12,26,12.0,9.465727652959385,9.600000000000001
Jealousyvalhalla - YANGHONGWON,Jealousyvalhalla,YANGHONGWON,2025-05-26,44,16,28,46,48,2,4.3478260869565215,16,2025-05-26,0,1,0.0,0.0,9.486956521739131
Rainbow - Lim Young Woong,Rainbow,Lim Young Woong,2024-07-10,50,43,7,60,60,0,0.0,14,2024-12-03,29,399,0.19863013698630136,3.1216844957934997,9.38972602739726
"Our Blues, Our Life - Lim Young Woong","Our Blues, Our Life",Lim Young Woong,2024-09-10,49,37,12,58,59,1,1.7241379310344827,16,2024-11-30,21,339,0.25925925925925924,2.904730819549051,9.332886334610473
Spring Snow - 10CM,Spring Snow,10CM,2025-05-19,50,44,6,60,69,9,15.0,30,2025-05-31,14,26,1.1666666666666667,6.479776230704267,9.283333333333333
OMG - NewJeans,OMG,NewJeans,2025-02-10,50,43,7,87,87,0,0.0,15,2025-05-01,28,247,0.35,3.980200303983933,9.17
Rainbow - Lim Young Woong,Rainbow,Lim Young Woong,2024-09-01,50,50,0,58,58,0,0.0,14,2024-12-03,36,346,0.3870967741935484,3.128384327047377,9.07741935483871
Who (Rock Remix) - Jimin,Who (Rock Remix),Jimin,2025-09-21,49,49,0,64,65,1,1.5625,16,2025-10-07,33,68,2.0625,6.908625715333247,9.053125
Rainbow - Lim Young Woong,Rainbow,Lim Young Woong,2024-07-08,37,50,-13,60,60,0,0.0,14,2024-12-03,36,401,0.24324324324324326,3.139404463420866,9.04864864864865
Snowman - Sia,Snowman,Sia,2024-12-21,44,34,10,94,94,0,0.0,14,2024-12-25,20,7,5.0,7.895146188218008,9.0
Touch - KATSEYE,Touch,KATSEYE,2025-09-05,50,47,3,82,82,0,0.0,16,2025-09-24,31,72,1.631578947368421,4.453794890577656,8.976315789473684
OMG - NewJeans,OMG,NewJeans,2025-01-28,50,49,1,87,87,0,0.0,15,2025-05-01,34,260,0.3655913978494624,3.962892876036922,8.873118279569892
"Our Blues, Our Life - Lim Young Woong","Our Blues, Our Life",Lim Young Woong,2024-09-03,50,44,6,58,58,0,0.0,16,2024-11-30,28,346,0.3181818181818182,3.0306255720601136,8.863636363636365
Who (Instrumental) - Jimin,Who (Instrumental),Jimin,2025-09-26,41,50,-9,63,63,0,0.0,17,2025-10-07,33,63,3.0,6.528909124439259,8.85
OMG - NewJeans,OMG,NewJeans,2025-02-04,50,50,0,87,87,0,0.0,15,2025-05-01,35,253,0.4069767441860465,4.022883760438524,8.831395348837209
OMG - NewJeans,OMG,NewJeans,2025-02-01,49,50,-1,87,87,0,0.0,15,2025-05-01,35,256,0.39325842696629215,4.002098503632454,8.82865168539326
Seven (feat. Latto) (Alesso Remix) - Jung Kook & Latto,Seven (feat. Latto) (Alesso Remix),Jung Kook & Latto,2024-09-05,17,46,-29,68,71,3,4.411764705882353,24,2024-09-07,22,4,11.0,11.0,8.80294117647059
Who (Acoustic Remix) - Jimin,Who (Acoustic Remix),Jimin,2025-09-21,45,50,-5,63,64,1,1.5873015873015872,18,2025-10-07,32,68,2.0,6.641985872565594,8.796825396825398
Who (Instrumental) - Jimin,Who (Instrumental),Jimin,2025-09-22,45,30,15,61,63,2,3.278688524590164,17,2025-10-07,13,67,0.8666666666666667,6.56359911430713,8.743005464480875
Love You With All My Heart - Crush,Love You With All My Heart,Crush,2025-04-23,48,48,0,70,73,3,4.285714285714286,19,2025-05-08,29,33,1.9333333333333333,4.926708935739963,8.708095238095238
"Our Blues, Our Life - Lim Young Woong","Our Blues, Our Life",Lim Young Woong,2024-07-31,50,47,3,60,59,-1,-1.6666666666666667,16,2024-11-30,31,380,0.2540983606557377,3.042617902413345,8.700819672131148
You Were Beautiful - DAY6,You Were Beautiful,DAY6,2025-10-14,49,38,11,65,64,-1,-1.5384615384615385,26,2025-10-15,12,44,12.0,6.249578549786214,8.7
Who (Beautiful Mind Remix) - Jimin,Who (Beautiful Mind Remix),Jimin,2025-09-22,49,32,17,62,63,1,1.6129032258064515,20,2025-10-07,12,67,0.8,5.697730445660357,8.663225806451614
Rainbow - Lim Young Woong,Rainbow,Lim Young Woong,2024-07-31,48,46,2,60,59,-1,-1.6666666666666667,14,2024-12-03,32,378,0.256,3.0691422253511007,8.6512
Who (Instrumental) - Jimin,Who (Instrumental),Jimin,2025-09-30,42,48,-6,63,63,0,0.0,17,2025-10-07,31,59,4.428571428571429,6.6036372319622485,8.635714285714286
Interlude : Dive - Jimin,Interlude : Dive,Jimin,2025-02-08,39,49,-10,77,77,0,0.0,15,2025-04-21,34,142,0.4722222222222222,5.446647815098558,8.594444444444445
OMG - NewJeans,OMG,NewJeans,2024-12-02,48,42,6,87,86,-1,-1.1494252873563218,15,2025-05-01,27,317,0.18,3.5149808004739986,8.586
Who (Rock Remix) - Jimin,Who (Rock Remix),Jimin,2025-09-13,47,49,-2,64,64,0,0.0,16,2025-10-07,33,76,1.375,6.856937988219867,8.525
OMG - NewJeans,OMG,NewJeans,2025-04-01,45,48,-3,87,82,-5,-5.747126436781609,15,2025-05-01,33,197,1.1,4.068121218983658,8.47
"Our Blues, Our Life - Lim Young Woong","Our Blues, Our Life",Lim Young Woong,2024-08-24,49,47,2,58,58,0,0.0,16,2024-11-30,31,356,0.3163265306122449,3.0556240564393904,8.41326530612245
OMG - NewJeans,OMG,NewJeans,2025-02-14,41,47,-6,86,87,1,1.1627906976744187,15,2025-05-01,32,243,0.42105263157894735,3.982164276513687,8.374908200734394
"Our Blues, Our Life - Lim Young Woong","Our Blues, Our Life",Lim Young Woong,2024-10-07,45,49,-4,58,58,0,0.0,16,2024-11-30,33,312,0.6111111111111112,2.8496165940127907,8.372222222222222
People Pt.2 (feat. IU) - Agust D,People Pt.2 (feat. IU),Agust D,2024-07-02,45,35,10,80,78,-2,-2.5,14,2024-08-11,21,126,0.525,3.37516577370653,8.355
Interlude : Dive - Jimin,Interlude : Dive,Jimin,2025-02-04,47,48,-1,77,77,0,0.0,15,2025-04-21,33,146,0.4342105263157895,5.516094018204946,8.336842105263157
"Our Blues, Our Life - Lim Young Woong","Our Blues, Our Life",Lim Young Woong,2024-08-20,47,49,-2,58,58,0,0.0,16,2024-11-30,33,360,0.3235294117647059,3.052486936549272,8.314705882352941
Lucky Girl Syndrome - ILLIT,Lucky Girl Syndrome,ILLIT,2025-04-23,45,44,1,73,76,3,4.10958904109589,21,2025-04-27,23,52,5.75,3.717327739095488,8.227397260273973
"Angel Pt. 1 (feat. Jimin of BTS, JVKE & Muni Long) - Trailer Version - Fast & Furious: The Fast Saga & Jimin & BTS","Angel Pt. 1 (feat. Jimin of BTS, JVKE & Muni Long) - Trailer Version",Fast & Furious: The Fast Saga & Jimin & BTS,2024-09-14,43,35,8,81,70,-11,-13.580246913580247,12,2024-12-11,23,112,0.26136363636363635,4.824157061029519,8.202272727272728
With you - Jimin & HA SUNG WOON,With you,Jimin & HA SUNG WOON,2024-06-08,50,44,6,77,76,-1,-1.2987012987012987,20,2024-06-21,24,230,1.8461538461538463,8.268010643437755,8.169230769230769
Interlude : Dive - Jimin,Interlude : Dive,Jimin,2024-07-30,45,44,1,78,78,0,0.0,14,2024-08-16,30,335,1.7647058823529411,5.555179715000079,8.152941176470588
Beautiful Things - Benson Boone,Beautiful Things,Benson Boone,2025-02-05,50,46,4,92,93,1,1.0869565217391304,20,2025-03-06,26,85,0.896551724137931,2.801680424175362,8.151049475262369
A bientot - Lim Young Woong,A bientot,Lim Young Woong,2024-09-23,50,49,1,57,57,0,0.0,18,2024-11-30,31,301,0.45588235294117646,2.724903197396075,8.141176470588237
A bientot - Lim Young Woong,A bientot,Lim Young Woong,2024-09-30,48,50,-2,57,57,0,0.0,18,2024-11-30,32,294,0.5245901639344263,2.699450070526652,8.104918032786886
A bientot - Lim Young Woong,A bientot,Lim Young Woong,2024-08-06,50,49,1,57,57,0,0.0,18,2024-11-30,31,349,0.2672413793103448,2.702258771682646,8.10344827586207
OMG - NewJeans,OMG,NewJeans,2024-12-28,46,40,6,85,83,-2,-2.3529411764705883,15,2025-05-01,25,291,0.20161290322580644,3.612935383481308,8.090322580645163
A bientot - Lim Young Woong,A bientot,Lim Young Woong,2024-09-19,48,50,-2,58,57,-1,-1.7241379310344827,18,2024-11-30,32,305,0.4444444444444444,2.706237022298985,8.088888888888889
Interlude : Dive - Jimin,Interlude : Dive,Jimin,2025-02-02,36,47,-11,77,77,0,0.0,15,2025-04-21,32,148,0.41025641025641024,5.494255630579768,8.082051282051282
Who (Beautiful Mind Remix) - Jimin,Who (Beautiful Mind Remix),Jimin,2025-09-30,46,49,-3,64,64,0,0.0,20,2025-10-07,29,59,4.142857142857143,5.815015047272019,8.07857142857143
A bientot - Lim Young Woong,A bientot,Lim Young Woong,2024-09-03,49,50,-1,57,57,0,0.0,18,2024-11-30,32,321,0.36363636363636365,2.69149673709773,8.072727272727272
A bientot - Lim Young Woong,A bientot,Lim Young Woong,2024-08-04,46,50,-4,58,57,-1,-1.7241379310344827,18,2024-11-30,32,351,0.2711864406779661,2.6970832335168122,8.054237288135592
A bientot - Lim Young Woong,A bientot,Lim Young Woong,2024-07-23,50,50,0,59,58,-1,-1.694915254237288,18,2024-11-30,32,363,0.24615384615384617,2.7053097819621903,8.04923076923077
A bientot - Lim Young Woong,A bientot,Lim Young Woong,2024-07-17,50,50,0,59,59,0,0.0,18,2024-11-30,32,369,0.23529411764705882,2.69357314626823,8.047058823529412
A bientot - Lim Young Woong,A bientot,Lim Young Woong,2024-07-13,47,50,-3,59,59,0,0.0,18,2024-11-30,32,373,0.22857142857142856,2.6877618225475914,8.045714285714286
Interlude : Dive - Jimin,Interlude : Dive,Jimin,2024-09-29,45,35,10,76,76,0,0.0,15,2025-04-21,20,274,0.09803921568627451,5.582631260218308,8.019607843137255
Interlude : Dive - Jimin,Interlude : Dive,Jimin,2024-10-17,46,42,4,78,78,0,0.0,15,2025-04-21,27,256,0.14516129032258066,5.566174708447064,7.9790322580645165
Beautiful Things - Benson Boone,Beautiful Things,Benson Boone,2025-02-03,48,50,-2,91,92,1,1.098901098901099,20,2025-03-06,30,87,0.967741935483871,2.8197906858834614,7.968273661822049
If We Ever Meet Again - Lim Young Woong,If We Ever Meet Again,Lim Young Woong,2024-07-30,43,40,3,61,61,0,0.0,12,2024-11-17,28,439,0.2545454545454545,2.7066721414531973,7.950909090909091
"Our Blues, Our Life - Lim Young Woong","Our Blues, Our Life",Lim Young Woong,2024-10-13,46,39,7,58,58,0,0.0,16,2024-11-30,23,306,0.4791666666666667,2.818375773860439,7.945833333333333
Who (Shibuyakei Remix) - Jimin,Who (Shibuyakei Remix),Jimin,2025-09-22,45,31,14,62,64,2,3.225806451612903,20,2025-10-10,11,67,0.6111111111111112,5.977598706591224,7.878673835125449
"Our Blues, Our Life - Lim Young Woong","Our Blues, Our Life",Lim Young Woong,2024-09-29,41,47,-6,58,58,0,0.0,16,2024-11-30,31,320,0.5,2.8248349292890604,7.85
People Pt.2 (feat. IU) - Agust D,People Pt.2 (feat. IU),Agust D,2024-06-07,43,45,-2,80,80,0,0.0,14,2024-08-11,31,151,0.47692307692307695,3.477241270477448,7.845384615384615
Interlude : Dive - Jimin,Interlude : Dive,Jimin,2024-10-12,45,39,6,77,77,0,0.0,15,2025-04-21,24,261,0.1256544502617801,5.555185900336044,7.825130890052356
A bientot - Lim Young Woong,A bientot,Lim Young Woong,2024-08-28,44,49,-5,57,57,0,0.0,18,2024-11-30,31,327,0.32978723404255317,2.6861822887278883,7.81595744680851
Like Crazy - Jimin,Like Crazy,Jimin,2025-09-05,38,33,5,81,80,-1,-1.2345679012345678,8,2025-11-23,25,84,0.31645569620253167,7.47984178283474,7.813291139240507
Interlude : Dive - Jimin,Interlude : Dive,Jimin,2024-10-14,39,46,-7,77,77,0,0.0,15,2025-04-21,31,259,0.164021164021164,5.54800810808479,7.782804232804232
A bientot - Lim Young Woong,A bientot,Lim Young Woong,2024-10-13,48,45,3,57,57,0,0.0,18,2024-11-30,27,281,0.5625,2.710808230459583,7.7625
A bientot - Lim Young Woong,A bientot,Lim Young Woong,2024-07-11,47,47,0,58,59,1,1.7241379310344827,18,2024-11-30,29,375,0.20422535211267606,2.68918969890832,7.721879553181156
Interlude : Dive - Jimin,Interlude : Dive,Jimin,2025-02-14,42,24,18,77,76,-1,-1.2987012987012987,15,2025-04-21,9,136,0.13636363636363635,5.068961185261887,7.677272727272727
Spring Snow - 10CM,Spring Snow,10CM,2025-05-29,38,50,-12,74,76,2,2.7027027027027026,30,2025-05-31,20,16,10.0,6.005182946607224,7.675675675675675
3D (feat. Jack Harlow) (Instrumental) - Jung Kook & Jack Harlow,3D (feat. Jack Harlow) (Instrumental),Jung Kook & Jack Harlow,2024-10-09,28,50,-22,55,60,5,9.090909090909092,38,2024-10-10,12,5,12.0,7.562241731127087,7.672727272727274
Perfect Night - LE SSERAFIM,Perfect Night,LE SSERAFIM,2025-09-01,48,45,3,81,81,0,0.0,30,2025-09-02,15,51,15.0,5.370139662988292,7.65
Please Don't Change (feat. DJ Snake) - Jung Kook,Please Don't Change (feat. DJ Snake),Jung Kook,2025-02-13,48,45,3,84,83,-1,-1.1904761904761905,30,2025-02-14,15,31,15.0,6.107827400602898,7.65
A bientot - Lim Young Woong,A bientot,Lim Young Woong,2024-06-22,48,46,2,58,58,0,0.0,18,2024-11-30,28,394,0.17391304347826086,2.7378584443187775,7.634782608695652
A bientot - Lim Young Woong,A bientot,Lim Young Woong,2024-10-09,47,48,-1,57,57,0,0.0,18,2024-11-30,30,285,0.5769230769230769,2.712405363721075,7.615384615384615
Who (Beautiful Mind Remix) - Jimin,Who (Beautiful Mind Remix),Jimin,2025-08-05,35,50,-15,61,61,0,0.0,20,2025-10-07,30,115,0.47619047619047616,5.7169439764173235,7.595238095238095
Interlude : Dive - Jimin,Interlude : Dive,Jimin,2025-02-24,44,39,5,76,76,0,0.0,15,2025-04-21,24,126,0.42857142857142855,5.002749333116386,7.585714285714285
Dreamers [Music from the FIFA World Cup Qatar 2022 Official Soundtrack] - Jung Kook & BTS,Dreamers [Music from the FIFA World Cup Qatar 2022 Official Soundtrack],Jung Kook & BTS,2024-10-16,48,38,10,82,82,0,0.0,21,2024-10-27,17,36,1.5454545454545454,11.147397131614062,7.559090909090909
Get A Guitar - RIIZE,Get A Guitar,RIIZE,2024-12-28,50,38,12,66,64,-2,-3.0303030303030303,23,2025-02-10,15,118,0.3409090909090909,3.081429916293663,7.418181818181818
Christmas Love - Jimin,Christmas Love,Jimin,2024-11-05,48,28,20,68,69,1,1.4705882352941175,24,2024-12-25,4,54,0.08,8.283380952244078,7.383647058823529
Get A Guitar - RIIZE,Get A Guitar,RIIZE,2024-12-23,50,47,3,65,66,1,1.5384615384615385,23,2025-02-10,24,123,0.4897959183673469,3.293797200800317,7.382574568288854
NIGHT DANCER - BIG Naughty Remix - imase & BIG Naughty,NIGHT DANCER - BIG Naughty Remix,imase & BIG Naughty,2024-06-03,41,50,-9,53,59,6,11.320754716981133,37,2024-06-05,13,7,6.5,4.536885862938733,7.3801886792452835
Who (Beautiful Mind Remix) - Jimin,Who (Beautiful Mind Remix),Jimin,2025-08-23,49,49,0,62,62,0,0.0,20,2025-10-07,29,97,0.6444444444444445,6.086954937254198,7.378888888888889
Who (Instrumental) - Jimin,Who (Instrumental),Jimin,2025-08-23,45,46,-1,61,61,0,0.0,17,2025-10-07,29,97,0.6444444444444445,6.7264252828949465,7.378888888888889
Who (Beautiful Mind Remix) - Jimin,Who (Beautiful Mind Remix),Jimin,2025-08-20,49,49,0,62,62,0,0.0,20,2025-10-07,29,100,0.6041666666666666,5.981143576106694,7.370833333333334
Who (Beautiful Mind Remix) - Jimin,Who (Beautiful Mind Remix),Jimin,2025-08-17,43,49,-6,62,62,0,0.0,20,2025-10-07,29,103,0.5686274509803921,5.930266027469949,7.363725490196078
Who (Instrumental) - Jimin,Who (Instrumental),Jimin,2025-08-14,39,46,-7,61,61,0,0.0,17,2025-10-07,29,106,0.5370370370370371,6.378359458963966,7.357407407407408
Left and Right (Feat. Jung Kook of BTS) - Charlie Puth,Left and Right (Feat. Jung Kook of BTS),Charlie Puth,2024-10-26,32,30,2,84,83,-1,-1.1904761904761905,15,2024-10-27,15,325,15.0,5.526545007915696,7.35
ETA - NewJeans,ETA,NewJeans,2025-04-27,50,41,9,81,81,0,0.0,25,2025-05-02,16,193,3.2,3.1315781974781367,7.34
Interlude : Dive - Jimin,Interlude : Dive,Jimin,2025-01-30,34,44,-10,77,77,0,0.0,15,2025-04-21,29,151,0.35802469135802467,5.58509518642388,7.321604938271605
Cruel Summer - Taylor Swift,Cruel Summer,Taylor Swift,2024-10-24,46,50,-4,99,100,1,1.0101010101010102,22,2025-02-21,28,330,0.23333333333333334,3.52858862345051,7.2991919191919195
"Our Blues, Our Life - Lim Young Woong","Our Blues, Our Life",Lim Young Woong,2024-07-10,40,45,-5,60,60,0,0.0,16,2024-11-30,29,401,0.20279720279720279,3.047129729612136,7.2905594405594405
Who (Acoustic Remix) - Jimin,Who (Acoustic Remix),Jimin,2025-08-28,43,45,-2,62,63,1,1.6129032258064515,18,2025-10-07,27,92,0.675,6.622373519943527,7.288225806451613
Cruel Summer - Taylor Swift,Cruel Summer,Taylor Swift,2024-10-20,50,45,5,99,99,0,0.0,22,2025-02-21,23,334,0.18548387096774194,3.5212688092582693,7.287096774193548
"yes, and? - Ariana Grande","yes, and?",Ariana Grande,2025-03-10,49,30,19,97,73,-24,-24.742268041237114,25,2025-03-13,5,10,1.6666666666666667,4.211220131980754,7.283333333333333
Fate - (G)I-DLE,Fate,(G)I-DLE,2025-03-02,36,29,7,68,68,0,0.0,9,2025-03-26,20,95,0.8333333333333334,3.073202980978244,7.266666666666667
Memories - RIIZE,Memories,RIIZE,2024-09-05,47,24,23,70,71,1,1.4285714285714286,24,2024-09-05,0,45,0.0,4.69475906263008,7.257142857142856
Who (Acoustic Remix) - Jimin,Who (Acoustic Remix),Jimin,2025-09-30,39,44,-5,65,65,0,0.0,18,2025-10-07,26,59,3.7142857142857144,6.149567018517275,7.242857142857143
Who (Instrumental) - Jimin,Who (Instrumental),Jimin,2025-11-20,50,44,6,65,65,0,0.0,26,2025-11-24,18,8,4.5,7.979565739296538,7.2
Cruel Summer - Taylor Swift,Cruel Summer,Taylor Swift,2024-12-28,50,48,2,100,95,-5,-5.0,22,2025-02-21,26,265,0.4727272727272727,3.5481488294298473,7.194545454545454
Who (Shibuyakei Remix) - Jimin,Who (Shibuyakei Remix),Jimin,2025-09-27,44,47,-3,64,64,0,0.0,20,2025-10-10,27,62,2.076923076923077,5.960515275287765,7.165384615384616
A bientot - Lim Young Woong,A bientot,Lim Young Woong,2024-09-10,46,44,2,57,57,0,0.0,18,2024-11-30,26,314,0.32098765432098764,2.6866816927425363,7.164197530864197
Interlude : Dive - Jimin,Interlude : Dive,Jimin,2025-03-06,34,43,-9,76,75,-1,-1.3157894736842104,15,2025-04-21,28,116,0.6086956521739131,4.972916649211004,7.121739130434783
Fry’s Dream - AKMU,Fry’s Dream,AKMU,2024-09-12,43,39,4,60,61,1,1.6666666666666667,18,2024-09-29,21,45,1.2352941176470589,2.704067948679245,7.113725490196079
Who (Shibuyakei Remix) - Jimin,Who (Shibuyakei Remix),Jimin,2025-08-14,38,48,-10,62,62,0,0.0,20,2025-10-10,28,106,0.49122807017543857,5.94972989843356,7.098245614035088
Who (Shibuyakei Remix) - Jimin,Who (Shibuyakei Remix),Jimin,2025-09-30,43,46,-3,64,64,0,0.0,20,2025-10-10,26,59,2.6,6.032036101815678,7.02
Who (Funky Remix) - Jimin,Who (Funky Remix),Jimin,2025-09-27,46,49,-3,64,64,0,0.0,23,2025-10-07,26,62,2.6,6.241058692999727,7.02
I Love You - Lim Young Woong,I Love You,Lim Young Woong,2024-10-22,49,45,4,56,57,1,1.7857142857142856,24,2024-12-02,21,139,0.5121951219512195,3.0692950220656043,6.998867595818815
Sudden Shower - ECLIPSE,Sudden Shower,ECLIPSE,2025-05-15,48,50,-2,72,74,2,2.7777777777777777,26,2025-06-02,24,80,1.3333333333333333,3.134348689804127,6.961111111111111
Seven (feat. Latto) (Alesso Remix) - Jung Kook & Latto,Seven (feat. Latto) (Alesso Remix),Jung Kook & Latto,2024-09-07,46,24,22,71,72,1,1.4084507042253522,24,2024-09-07,0,2,0.0,0.0,6.952112676056338
Who (Rock Remix) - Jimin,Who (Rock Remix),Jimin,2025-08-14,29,43,-14,63,63,0,0.0,16,2025-10-07,27,106,0.5,6.737370839458061,6.85
BIRDS OF A FEATHER - Billie Eilish,BIRDS OF A FEATHER,Billie Eilish,2025-05-28,37,41,-4,92,93,1,1.0869565217391304,15,2025-08-15,26,181,0.3291139240506329,2.9517273085906433,6.837561915244909
Who (Funky Remix) - Jimin,Who (Funky Remix),Jimin,2025-08-17,49,44,5,62,62,0,0.0,23,2025-10-07,21,103,0.4117647058823529,6.295636929089746,6.83235294117647
Time of Our Life -Japanese ver.- - Japanese ver. - DAY6,Time of Our Life -Japanese ver.- - Japanese ver.,DAY6,2025-04-14,49,42,7,54,55,1,1.8518518518518516,25,2025-10-21,17,228,0.08947368421052632,4.890192071342766,6.830857699805069
I Love You - Lim Young Woong,I Love You,Lim Young Woong,2024-06-03,50,44,6,56,56,0,0.0,24,2024-12-02,20,280,0.10989010989010989,3.076289660619501,6.821978021978022
Time of Our Life -Japanese ver.- - Japanese ver. - DAY6,Time of Our Life -Japanese ver.- - Japanese ver.,DAY6,2025-09-05,47,50,-3,54,55,1,1.8518518518518516,25,2025-10-21,25,84,0.5434782608695652,5.1462678272624105,6.821658615136876
Welcome to the Show - DAY6,Welcome to the Show,DAY6,2025-09-07,48,44,4,67,59,-8,-11.940298507462686,22,2025-10-15,22,81,0.5789473684210527,4.7140301011878005,6.815789473684211
Sugarcoat (NATTY Solo) - KISS OF LIFE,Sugarcoat (NATTY Solo),KISS OF LIFE,2024-08-24,50,44,6,73,73,0,0.0,26,2024-08-31,18,21,2.5714285714285716,5.277204647243547,6.814285714285714
I Love You - Lim Young Woong,I Love You,Lim Young Woong,2024-10-17,48,49,-1,55,56,1,1.8181818181818181,24,2024-12-02,25,144,0.5434782608695652,3.065597524723973,6.813241106719367
A Psalm of Life - Lim Young Woong,A Psalm of Life,Lim Young Woong,2024-10-16,50,50,0,56,57,1,1.7857142857142856,25,2024-12-03,25,135,0.5208333333333334,2.9015578924978733,6.800595238095238
Who (Instrumental) - Jimin,Who (Instrumental),Jimin,2025-11-18,40,50,-10,65,65,0,0.0,26,2025-11-24,24,10,4.0,7.55707450009592,6.8
Christmas Love - Jimin,Christmas Love,Jimin,2024-11-10,50,46,4,69,69,0,0.0,24,2024-12-25,22,49,0.4888888888888889,7.485109184516431,6.797777777777778
Welcome to the Show - DAY6,Welcome to the Show,DAY6,2025-04-16,46,46,0,65,67,2,3.076923076923077,22,2025-10-15,24,225,0.13186813186813187,4.653617630336142,6.795604395604395
New Jeans - NewJeans,New Jeans,NewJeans,2025-01-06,50,41,9,81,82,1,1.2345679012345678,26,2025-06-03,15,289,0.10135135135135136,3.4740840136670537,6.778912245578912
Who (Beautiful Mind Remix) - Jimin,Who (Beautiful Mind Remix),Jimin,2025-09-27,45,45,0,64,64,0,0.0,20,2025-10-07,25,62,2.5,5.7205639644187105,6.75
Christmas Love - Jimin,Christmas Love,Jimin,2024-12-02,48,50,-2,69,69,0,0.0,24,2024-12-25,26,27,1.1304347826086956,7.16300172762788,6.726086956521739
I Love You - Lim Young Woong,I Love You,Lim Young Woong,2024-06-13,50,46,4,56,56,0,0.0,24,2024-12-02,22,270,0.12790697674418605,3.0451153135353137,6.725581395348837
I Love You - Lim Young Woong,I Love You,Lim Young Woong,2024-09-25,50,48,2,56,55,-1,-1.7857142857142856,24,2024-12-02,24,166,0.35294117647058826,3.043238698352124,6.670588235294117
Christmas Love - Jimin,Christmas Love,Jimin,2024-12-09,47,40,7,69,70,1,1.4492753623188406,24,2024-12-25,16,20,1.0,7.58931045195113,6.662318840579711
Who (Rock Remix) - Jimin,Who (Rock Remix),Jimin,2025-08-28,35,42,-7,63,63,0,0.0,16,2025-10-07,26,92,0.65,6.7420247670253834,6.63
Christmas Love - Jimin,Christmas Love,Jimin,2024-06-21,50,48,2,68,68,0,0.0,24,2024-12-25,24,191,0.12834224598930483,8.888117250457912,6.62566844919786
Christmas Love - Jimin,Christmas Love,Jimin,2024-11-08,28,50,-22,69,69,0,0.0,24,2024-12-25,26,51,0.5531914893617021,7.369020115790071,6.610638297872341
Drama - aespa,Drama,aespa,2025-05-03,50,47,3,83,82,-1,-1.2048192771084338,25,2025-05-24,22,163,1.0476190476190477,3.3619979629723606,6.60952380952381
ETA - NewJeans,ETA,NewJeans,2025-04-18,49,50,-1,81,81,0,0.0,25,2025-05-02,25,202,1.7857142857142858,3.2616434522698814,6.607142857142858
With you - Jimin & HA SUNG WOON,With you,Jimin & HA SUNG WOON,2025-01-23,50,28,22,77,74,-3,-3.896103896103896,28,2025-01-23,0,1,0.0,0.0,6.6
Who (Funky Remix) - Jimin,Who (Funky Remix),Jimin,2025-08-14,35,49,-14,62,62,0,0.0,23,2025-10-07,26,106,0.48148148148148145,6.275520217977431,6.5962962962962965
double take - Dhruv,double take,Dhruv,2025-10-19,50,41,9,82,82,0,0.0,30,2025-10-21,11,21,5.5,7.025526648683217,6.549999999999999
Christmas Love - Jimin,Christmas Love,Jimin,2024-11-24,49,46,3,69,69,0,0.0,24,2024-12-25,22,35,0.7096774193548387,6.784377479015874,6.541935483870968
A bientot - Lim Young Woong,A bientot,Lim Young Woong,2024-06-09,41,44,-3,58,58,0,0.0,18,2024-11-30,26,407,0.14942528735632185,2.7293537757005253,6.529885057471264
Welcome to the Show - DAY6,Welcome to the Show,DAY6,2025-04-18,46,48,-2,67,67,0,0.0,22,2025-10-15,26,223,0.14444444444444443,4.67717153274449,6.528888888888889
Welcome to the Show - DAY6,Welcome to the Show,DAY6,2025-04-02,47,48,-1,65,65,0,0.0,22,2025-10-15,26,239,0.1326530612244898,4.583798760053102,6.526530612244898
Perfect Night - LE SSERAFIM,Perfect Night,LE SSERAFIM,2025-08-10,50,42,8,78,81,3,3.8461538461538463,30,2025-09-02,12,73,0.5217391304347826,5.292416727601593,6.465886287625419
ETA - NewJeans,ETA,NewJeans,2025-04-07,50,50,0,80,80,0,0.0,25,2025-05-02,25,213,1.0,3.100581682657842,6.45
You Were Beautiful - DAY6,You Were Beautiful,DAY6,2025-10-08,44,49,-5,65,65,0,0.0,26,2025-10-15,23,50,3.2857142857142856,6.458929743966875,6.4071428571428575
A Psalm of Life - Lim Young Woong,A Psalm of Life,Lim Young Woong,2024-10-19,50,49,1,57,57,0,0.0,25,2024-12-03,24,132,0.5333333333333333,2.9124567776141914,6.406666666666666
Christmas Love - Jimin,Christmas Love,Jimin,2024-11-22,48,49,-1,69,69,0,0.0,24,2024-12-25,25,37,0.7575757575757576,6.641179349926844,6.401515151515151
Drama - aespa,Drama,aespa,2025-04-20,49,50,-1,83,83,0,0.0,25,2025-05-24,25,176,0.7352941176470589,3.35658335447656,6.397058823529412
Who (Instrumental) - Jimin,Who (Instrumental),Jimin,2025-11-04,50,47,3,65,65,0,0.0,26,2025-11-24,21,24,1.05,6.6332495807108,6.36
New Jeans - NewJeans,New Jeans,NewJeans,2025-01-09,41,50,-9,82,83,1,1.2195121951219512,26,2025-06-03,24,286,0.16551724137931034,3.4101484927947734,6.33798149705635
ETA - NewJeans,ETA,NewJeans,2024-11-30,50,49,1,85,85,0,0.0,25,2025-05-02,24,341,0.1568627450980392,3.5404063702423882,6.3313725490196076
Pump Up The Volume! - PLAVE,Pump Up The Volume!,PLAVE,2025-10-24,47,47,0,67,63,-4,-5.970149253731343,33,2025-10-25,14,10,14.0,6.200358412579424,6.300000000000001
Take Two - BTS,Take Two,BTS,2024-11-07,45,49,-4,86,85,-1,-1.1627906976744187,35,2024-11-08,14,11,14.0,5.458937625582473,6.300000000000001
NEMONEMO - YENA,NEMONEMO,YENA,2025-10-25,44,50,-6,68,68,0,0.0,36,2025-10-26,14,19,14.0,6.805952369383802,6.300000000000001
A Psalm of Life - Lim Young Woong,A Psalm of Life,Lim Young Woong,2024-10-21,49,45,4,57,57,0,0.0,25,2024-12-03,20,130,0.46511627906976744,2.901504845325666,6.293023255813954
ETA - NewJeans,ETA,NewJeans,2024-12-27,45,50,-5,83,83,0,0.0,25,2025-05-02,25,314,0.1984126984126984,3.5229553208504267,6.2896825396825395
New Jeans - NewJeans,New Jeans,NewJeans,2025-03-26,50,46,4,80,80,0,0.0,26,2025-06-03,20,210,0.2898550724637681,3.619254557857379,6.257971014492754
Ditto - NewJeans,Ditto,NewJeans,2025-10-12,50,45,5,78,77,-1,-1.282051282051282,30,2025-10-15,15,25,5.0,9.926258723451548,6.25
Sudden Shower - ECLIPSE,Sudden Shower,ECLIPSE,2025-05-21,43,48,-5,76,77,1,1.3157894736842104,26,2025-06-02,22,74,1.8333333333333333,3.0071004408274242,6.1956140350877185
STUPID IN LOVE (feat. HUH YUNJIN of LE SSERAFIM) - MAX,STUPID IN LOVE (feat. HUH YUNJIN of LE SSERAFIM),MAX,2025-03-26,49,32,17,74,74,0,0.0,28,2025-04-04,4,26,0.4444444444444444,4.419230702282921,6.188888888888888
HERO - Lim Young Woong,HERO,Lim Young Woong,2024-10-27,50,49,1,56,56,0,0.0,26,2024-11-30,23,117,0.6764705882352942,3.888306750122547,6.185294117647059
Christmas Love - Jimin,Christmas Love,Jimin,2024-11-28,46,48,-2,69,69,0,0.0,24,2024-12-25,24,31,0.8888888888888888,6.966057102629394,6.177777777777778
Time of Our Life -Japanese ver.- - Japanese ver. - DAY6,Time of Our Life -Japanese ver.- - Japanese ver.,DAY6,2025-08-14,49,47,2,54,54,0,0.0,25,2025-10-21,22,106,0.3235294117647059,5.126087180286044,6.164705882352941
You Were Beautiful - DAY6,You Were Beautiful,DAY6,2025-04-19,46,49,-3,66,67,1,1.5151515151515151,26,2025-10-15,23,222,0.12849162011173185,5.331564778786601,6.154486202810225
Christmas Love - Jimin,Christmas Love,Jimin,2024-11-18,33,48,-15,69,69,0,0.0,24,2024-12-25,24,41,0.6486486486486487,6.476688968909963,6.12972972972973
You Were Beautiful - DAY6,You Were Beautiful,DAY6,2025-04-14,50,48,2,66,66,0,0.0,26,2025-10-15,22,227,0.11956521739130435,5.2160230589716665,6.123913043478261
New Jeans - NewJeans,New Jeans,NewJeans,2025-03-22,50,49,1,81,80,-1,-1.2345679012345678,26,2025-06-03,23,214,0.3150684931506849,3.5960316362103284,6.113013698630136
Who (Funky Remix) - Jimin,Who (Funky Remix),Jimin,2025-09-22,42,34,8,62,64,2,3.225806451612903,23,2025-10-07,11,67,0.7333333333333333,6.216320827314109,6.103118279569892
Lovely Touch - Lim Young Woong,Lovely Touch,Lim Young Woong,2024-10-22,48,49,-1,56,56,0,0.0,25,2024-12-08,24,122,0.5106382978723404,3.4497386858352335,6.102127659574468
Who (Acoustic Remix) - Jimin,Who (Acoustic Remix),Jimin,2025-08-14,34,42,-8,62,62,0,0.0,18,2025-10-07,24,106,0.4444444444444444,6.2088788920087365,6.088888888888889
New Jeans - NewJeans,New Jeans,NewJeans,2025-01-13,50,49,1,83,83,0,0.0,26,2025-06-03,23,282,0.16312056737588654,3.4201886883674737,6.082624113475177
ETA - NewJeans,ETA,NewJeans,2024-11-23,49,48,1,86,85,-1,-1.1627906976744187,25,2025-05-02,23,348,0.14375,3.499516632666534,6.078749999999999
Time of Our Life -Japanese ver.- - Japanese ver. - DAY6,Time of Our Life -Japanese ver.- - Japanese ver.,DAY6,2025-04-25,49,48,1,55,55,0,0.0,25,2025-10-21,23,217,0.12849162011173185,5.0451799601649325,6.075698324022346
ETA - NewJeans,ETA,NewJeans,2025-02-23,48,49,-1,84,84,0,0.0,25,2025-05-02,24,256,0.35294117647058826,3.0598600432413514,6.070588235294117
New Jeans - NewJeans,New Jeans,NewJeans,2025-03-20,47,50,-3,81,81,0,0.0,26,2025-06-03,24,216,0.32,3.5836390911756824,6.064
"yes, and? - Ariana Grande","yes, and?",Ariana Grande,2025-02-15,48,45,3,97,97,0,0.0,25,2025-03-13,20,33,0.7692307692307693,6.810938913900849,6.0538461538461545
Cruel Summer - Taylor Swift,Cruel Summer,Taylor Swift,2024-10-04,44,46,-2,98,98,0,0.0,22,2025-02-21,24,350,0.17142857142857143,3.5222007946027154,6.034285714285715
Time of Our Life -Japanese ver.- - Japanese ver. - DAY6,Time of Our Life -Japanese ver.- - Japanese ver.,DAY6,2025-06-03,47,49,-2,55,54,-1,-1.8181818181818181,25,2025-10-21,24,178,0.17142857142857143,5.099503446833591,6.034285714285715
New Jeans - NewJeans,New Jeans,NewJeans,2025-01-04,50,50,0,81,81,0,0.0,26,2025-06-03,24,291,0.16,3.5357772355995545,6.032
New Jeans - NewJeans,New Jeans,NewJeans,2025-01-01,48,50,-2,80,80,0,0.0,26,2025-06-03,24,294,0.1568627450980392,3.513749742319342,6.031372549019608
Time of Our Life -Japanese ver.- - Japanese ver. - DAY6,Time of Our Life -Japanese ver.- - Japanese ver.,DAY6,2025-04-23,47,49,-2,55,55,0,0.0,25,2025-10-21,24,219,0.13259668508287292,5.016751279646902,6.026519337016574
Interlude : Dive - Jimin,Interlude : Dive,Jimin,2025-03-02,38,34,4,76,76,0,0.0,15,2025-04-21,19,120,0.38,5.028007042373258,6.026
Lovely Touch - Lim Young Woong,Lovely Touch,Lim Young Woong,2024-06-05,48,49,-1,56,56,0,0.0,25,2024-12-08,24,261,0.12903225806451613,3.4221562090431568,6.025806451612903
Time of Our Life -Japanese ver.- - Japanese ver. - DAY6,Time of Our Life -Japanese ver.- - Japanese ver.,DAY6,2025-04-01,47,49,-2,55,54,-1,-1.8181818181818181,25,2025-10-21,24,241,0.11822660098522167,4.846610937659369,6.023645320197044
Ditto - NewJeans,Ditto,NewJeans,2024-11-23,47,50,-3,84,84,0,0.0,27,2024-12-11,23,348,1.2777777777777777,3.5168608515702577,6.0055555555555555
Who (Funky Remix) - Jimin,Who (Funky Remix),Jimin,2025-10-01,44,41,3,64,64,0,0.0,23,2025-10-07,18,58,3.0,6.313445968724212,6.0
You Were Beautiful - DAY6,You Were Beautiful,DAY6,2025-09-16,49,47,2,67,65,-2,-2.9850746268656714,26,2025-10-15,21,72,0.7241379310344828,5.426042560635005,5.994827586206896
New Jeans - NewJeans,New Jeans,NewJeans,2025-02-10,49,45,4,83,83,0,0.0,26,2025-06-03,19,254,0.168141592920354,3.4385297284089615,5.983628318584071
Christmas Love - Jimin,Christmas Love,Jimin,2024-12-05,46,47,-1,69,69,0,0.0,24,2024-12-25,23,24,1.15,7.5768174892434965,5.98
New Jeans - NewJeans,New Jeans,NewJeans,2025-04-27,48,40,8,81,80,-1,-1.2345679012345678,26,2025-06-03,14,178,0.3783783783783784,3.656497959012563,5.975675675675676
Face-off - Jimin,Face-off,Jimin,2025-06-26,40,47,-7,68,69,1,1.4705882352941175,31,2025-06-28,16,25,8.0,8.10273540155757,5.967647058823529
New Jeans - NewJeans,New Jeans,NewJeans,2025-03-18,49,47,2,81,81,0,0.0,26,2025-06-03,21,218,0.2727272727272727,3.579900819700559,5.904545454545454
Ditto - NewJeans,Ditto,NewJeans,2024-11-08,49,43,6,85,85,0,0.0,27,2024-12-11,16,363,0.48484848484848486,3.447621331265407,5.8969696969696965
Hate You - Jung Kook,Hate You,Jung Kook,2024-12-27,49,47,2,85,84,-1,-1.1764705882352942,28,2025-01-03,19,94,2.7142857142857144,5.163218330596893,5.892857142857142
Drama - aespa,Drama,aespa,2025-05-11,47,46,1,83,83,0,0.0,25,2025-05-24,21,155,1.6153846153846154,3.4616128572799303,5.873076923076923
Interlude : Dive - Jimin,Interlude : Dive,Jimin,2024-10-06,35,37,-2,76,77,1,1.3157894736842104,15,2025-04-21,22,267,0.1116751269035533,5.593103012115153,5.851282393801763
With you - Jimin & HA SUNG WOON,With you,Jimin & HA SUNG WOON,2024-07-05,43,50,-7,76,77,1,1.3157894736842104,28,2025-01-23,22,203,0.10891089108910891,11.0,5.850729546638874
Dreamers [Music from the FIFA World Cup Qatar 2022 Official Soundtrack] - Jung Kook & BTS,Dreamers [Music from the FIFA World Cup Qatar 2022 Official Soundtrack],Jung Kook & BTS,2024-10-20,31,42,-11,82,82,0,0.0,21,2024-10-27,21,32,3.0,12.152674602736633,5.85
Closer to You (feat. Major Lazer) - Jung Kook,Closer to You (feat. Major Lazer),Jung Kook,2024-12-05,47,44,3,86,86,0,0.0,33,2024-12-06,11,186,11.0,4.790249708637935,5.85
Drama - aespa,Drama,aespa,2025-04-07,48,48,0,83,83,0,0.0,25,2025-05-24,23,189,0.48936170212765956,3.2442991015151548,5.847872340425532
I Love You - Lim Young Woong,I Love You,Lim Young Woong,2024-05-30,47,46,1,56,56,0,0.0,24,2024-12-02,22,284,0.11827956989247312,3.1144823004794873,5.823655913978494
New Jeans - NewJeans,New Jeans,NewJeans,2024-11-03,49,48,1,85,84,-1,-1.1764705882352942,26,2025-06-03,22,353,0.10377358490566038,3.4797274625978627,5.820754716981132
Perfect Night - LE SSERAFIM,Perfect Night,LE SSERAFIM,2025-08-28,50,48,2,81,81,0,0.0,30,2025-09-02,18,55,3.6,5.333910003425664,5.819999999999999
New Jeans - NewJeans,New Jeans,NewJeans,2025-03-16,47,49,-2,81,81,0,0.0,26,2025-06-03,23,220,0.2911392405063291,3.5707832241580117,5.808227848101266
Ditto - NewJeans,Ditto,NewJeans,2024-11-21,49,47,2,84,84,0,0.0,27,2024-12-11,20,350,1.0,3.5143645127938634,5.8
New Jeans - NewJeans,New Jeans,NewJeans,2025-03-02,48,49,-1,83,83,0,0.0,26,2025-06-03,23,234,0.24731182795698925,3.4946536370298817,5.799462365591398
Cruel Summer - Taylor Swift,Cruel Summer,Taylor Swift,2024-07-07,35,44,-9,97,98,1,1.0309278350515463,22,2025-02-21,22,439,0.09606986899563319,3.423149259645409,5.776945932562013
Lovely Touch - Lim Young Woong,Lovely Touch,Lim Young Woong,2024-06-03,45,48,-3,56,56,0,0.0,25,2024-12-08,23,263,0.12234042553191489,3.4087388568985926,5.774468085106383
ETA - NewJeans,ETA,NewJeans,2025-03-02,47,44,3,84,84,0,0.0,25,2025-05-02,19,249,0.3114754098360656,3.116510462310532,5.712295081967214
Small girl (feat. D.O.) - Lee Young Ji,Small girl (feat. D.O.),Lee Young Ji,2025-09-13,47,50,-3,74,74,0,0.0,31,2025-09-17,19,19,4.75,4.688112099953284,5.7
Filter - BTS,Filter,BTS,2025-04-06,50,31,19,76,72,-4,-5.263157894736842,31,2025-04-06,0,2,0.0,0.0,5.7
HERO - Lim Young Woong,HERO,Lim Young Woong,2024-11-05,45,48,-3,57,57,0,0.0,26,2024-11-30,22,108,0.88,3.983866099545507,5.676
STUPID IN LOVE (feat. HUH YUNJIN of LE SSERAFIM) - MAX,STUPID IN LOVE (feat. HUH YUNJIN of LE SSERAFIM),MAX,2025-03-23,45,48,-3,73,74,1,1.36986301369863,28,2025-04-04,20,29,1.6666666666666667,5.390893098092535,5.675799086757991
VIBE (feat. Jimin of BTS) - TAEYANG,VIBE (feat. Jimin of BTS),TAEYANG,2024-05-24,49,43,6,68,68,0,0.0,28,2024-06-18,15,172,0.6,4.871335215064328,5.67
Love Always Run Away - Lim Young Woong,Love Always Run Away,Lim Young Woong,2024-05-23,50,47,3,58,58,0,0.0,28,2024-12-08,19,274,0.09547738693467336,2.6966291919879763,5.669095477386935
Love Always Run Away - Lim Young Woong,Love Always Run Away,Lim Young Woong,2024-10-02,50,48,2,57,57,0,0.0,28,2024-12-08,20,142,0.29850746268656714,2.787362728387456,5.659701492537313
Who (Instrumental) - Jimin,Who (Instrumental),Jimin,2025-11-06,47,43,4,65,65,0,0.0,26,2025-11-24,17,22,0.9444444444444444,6.768838490851695,5.638888888888889
New Jeans - NewJeans,New Jeans,NewJeans,2024-12-28,48,47,1,84,79,-5,-5.952380952380952,26,2025-06-03,21,298,0.1337579617834395,3.4894834354161968,5.576751592356688
Love Always Run Away - Lim Young Woong,Love Always Run Away,Lim Young Woong,2024-05-30,50,49,1,58,58,0,0.0,28,2024-12-08,21,267,0.109375,2.702880339596541,5.5718749999999995
Hype Boy - NewJeans,Hype Boy,NewJeans,2025-05-27,43,49,-6,80,80,0,0.0,29,2025-06-03,20,140,2.857142857142857,2.862579031321653,5.571428571428571
Who (Funky Remix) - Jimin,Who (Funky Remix),Jimin,2025-08-20,44,39,5,62,62,0,0.0,23,2025-10-07,16,100,0.3333333333333333,6.31530328294339,5.566666666666666
Somebody - Jung Kook,Somebody,Jung Kook,2024-12-12,50,48,2,86,86,0,0.0,37,2024-12-13,11,89,11.0,3.9081453401837556,5.550000000000001
New Jeans - NewJeans,New Jeans,NewJeans,2025-02-28,48,48,0,83,83,0,0.0,26,2025-06-03,22,236,0.23157894736842105,3.4837100469900397,5.5463157894736845
New Jeans - NewJeans,New Jeans,NewJeans,2025-02-14,43,48,-5,83,83,0,0.0,26,2025-06-03,22,250,0.2018348623853211,3.433275075869986,5.540366972477064
Love Always Run Away - Lim Young Woong,Love Always Run Away,Lim Young Woong,2024-08-11,50,50,0,57,57,0,0.0,28,2024-12-08,22,194,0.18487394957983194,2.781372968644599,5.536974789915966
Love Always Run Away - Lim Young Woong,Love Always Run Away,Lim Young Woong,2024-08-09,47,50,-3,58,57,-1,-1.7241379310344827,28,2024-12-08,22,196,0.18181818181818182,2.769764831573652,5.536363636363636
Christmas Love - Jimin,Christmas Love,Jimin,2024-12-17,42,33,9,70,71,1,1.4285714285714286,24,2024-12-25,9,12,1.125,8.039900496896713,5.532142857142857
I Love You - Lim Young Woong,I Love You,Lim Young Woong,2024-06-10,43,46,-3,56,56,0,0.0,24,2024-12-02,22,273,0.12571428571428572,3.0615575004167748,5.525142857142857
Love Always Run Away - Lim Young Woong,Love Always Run Away,Lim Young Woong,2024-06-02,49,50,-1,58,58,0,0.0,28,2024-12-08,22,264,0.1164021164021164,2.722328374267834,5.523280423280423
Love Always Run Away - Lim Young Woong,Love Always Run Away,Lim Young Woong,2024-05-25,47,50,-3,58,58,0,0.0,28,2024-12-08,22,272,0.1116751269035533,2.6938238014522753,5.522335025380711
Ditto - NewJeans,Ditto,NewJeans,2025-08-03,50,47,3,78,79,1,1.282051282051282,30,2025-10-15,17,95,0.2328767123287671,5.8547758283302365,5.517088162978574
Hype Boy - NewJeans,Hype Boy,NewJeans,2025-04-01,50,46,4,80,80,0,0.0,29,2025-06-03,17,196,0.2698412698412698,3.0653726794799487,5.503968253968254
You Were Beautiful - DAY6,You Were Beautiful,DAY6,2025-10-06,46,44,2,65,65,0,0.0,26,2025-10-15,18,52,2.0,6.418522324787262,5.5
Perfect Night - LE SSERAFIM,Perfect Night,LE SSERAFIM,2025-08-25,40,50,-10,81,81,0,0.0,30,2025-09-02,20,58,2.5,5.289370551247319,5.5
Hype Boy - NewJeans,Hype Boy,NewJeans,2024-12-30,50,46,4,84,81,-3,-3.571428571428571,29,2025-06-03,17,288,0.10967741935483871,3.0122191837436016,5.4719354838709675
Please Don't Change (feat. DJ Snake) - Jung Kook,Please Don't Change (feat. DJ Snake),Jung Kook,2025-02-05,46,50,-4,84,84,0,0.0,30,2025-02-14,20,39,2.2222222222222223,5.802180187184312,5.444444444444445
Spring Snow - 10CM,Spring Snow,10CM,2025-05-22,44,46,-2,69,72,3,4.3478260869565215,30,2025-05-31,16,23,1.7777777777777777,6.635337280879167,5.442512077294686
Love Always Run Away - Lim Young Woong,Love Always Run Away,Lim Young Woong,2024-10-21,49,47,2,58,58,0,0.0,28,2024-12-08,19,123,0.3958333333333333,2.8282094780893523,5.429166666666666
Who (Funky Remix) - Jimin,Who (Funky Remix),Jimin,2025-11-20,50,46,4,65,65,0,0.0,32,2025-11-24,14,8,3.5,8.458783624621407,5.4
Ditto - NewJeans,Ditto,NewJeans,2025-10-05,45,50,-5,78,78,0,0.0,30,2025-10-15,20,32,2.0,8.2110588600561,5.4
New Jeans - NewJeans,New Jeans,NewJeans,2025-03-08,47,45,2,82,82,0,0.0,26,2025-06-03,19,228,0.21839080459770116,3.5466209845659096,5.393678160919539
Hype Boy - NewJeans,Hype Boy,NewJeans,2025-01-04,46,48,-2,81,83,2,2.4691358024691357,29,2025-06-03,19,283,0.12666666666666668,3.017521457600204,5.392617283950617
Interlude : Dive - Jimin,Interlude : Dive,Jimin,2024-10-22,31,35,-4,78,79,1,1.282051282051282,15,2025-04-21,20,251,0.11049723756906077,5.57535571493917,5.342612268026633
Haegeum - Agust D,Haegeum,Agust D,2024-06-21,45,50,-5,90,90,0,0.0,29,2024-08-12,21,127,0.40384615384615385,3.5809561496668953,5.3307692307692305
Love Always Run Away - Lim Young Woong,Love Always Run Away,Lim Young Woong,2024-10-14,48,49,-1,57,57,0,0.0,28,2024-12-08,21,130,0.38181818181818183,2.809604302689833,5.326363636363636
double take - Dhruv,double take,Dhruv,2025-09-25,49,39,10,83,83,0,0.0,30,2025-10-21,9,45,0.34615384615384615,6.030244817292278,5.319230769230769
Hype Boy - NewJeans,Hype Boy,NewJeans,2025-03-30,47,50,-3,80,80,0,0.0,29,2025-06-03,21,198,0.3230769230769231,3.0728125342669865,5.314615384615385
Hype Boy - NewJeans,Hype Boy,NewJeans,2024-12-11,50,50,0,85,84,-1,-1.1764705882352942,29,2025-06-03,21,307,0.1206896551724138,3.019364902951929,5.274137931034483
Hype Boy - NewJeans,Hype Boy,NewJeans,2024-10-22,48,50,-2,85,85,0,0.0,29,2025-06-03,21,357,0.09375,3.010145446611525,5.26875
Face-off - Jimin,Face-off,Jimin,2025-06-05,49,43,6,73,72,-1,-1.36986301369863,30,2025-06-19,13,46,0.9285714285714286,5.769224438109853,5.235714285714286
Please Don't Change (feat. DJ Snake) - Jung Kook,Please Don't Change (feat. DJ Snake),Jung Kook,2025-02-03,49,46,3,84,84,0,0.0,30,2025-02-14,16,41,1.4545454545454546,5.746671618761381,5.190909090909091
ETA - NewJeans,ETA,NewJeans,2025-03-15,45,43,2,82,82,0,0.0,25,2025-05-02,18,236,0.375,3.1212851394751016,5.175
Hype Boy - NewJeans,Hype Boy,NewJeans,2025-03-26,49,47,2,84,80,-4,-4.761904761904762,29,2025-06-03,18,202,0.2608695652173913,3.072259478841649,5.152173913043478
Perfect Night - LE SSERAFIM,Perfect Night,LE SSERAFIM,2025-06-01,50,48,2,84,84,0,0.0,30,2025-09-02,18,143,0.1935483870967742,4.834421424146419,5.138709677419355
Ditto - NewJeans,Ditto,NewJeans,2025-05-31,49,42,7,80,80,0,0.0,30,2025-10-15,12,159,0.08759124087591241,3.93868239839302,5.117518248175182
Haegeum - Agust D,Haegeum,Agust D,2024-06-16,49,48,1,90,90,0,0.0,29,2024-08-12,19,132,0.3333333333333333,3.585032638121087,5.116666666666666
Hype Boy - NewJeans,Hype Boy,NewJeans,2025-04-04,49,48,1,80,80,0,0.0,29,2025-06-03,19,193,0.31666666666666665,3.0754089861510723,5.113333333333333
Ditto - NewJeans,Ditto,NewJeans,2025-09-25,49,45,4,79,78,-1,-1.2658227848101267,30,2025-10-15,15,42,0.75,7.9908802185157715,5.1000000000000005
Who (Shibuyakei Remix) - Jimin,Who (Shibuyakei Remix),Jimin,2025-11-20,48,41,7,66,66,0,0.0,31,2025-11-24,10,8,2.5,7.3844845618971915,5.1
Ditto - NewJeans,Ditto,NewJeans,2025-07-20,50,49,1,79,79,0,0.0,30,2025-10-15,19,109,0.21839080459770116,5.323793143755681,5.09367816091954
All Or Nothing - J Money & KingLee,All Or Nothing,J Money & KingLee,2025-01-17,30,26,4,45,52,7,15.555555555555555,26,2025-01-17,0,1,0.0,0.0,5.088888888888889
CARNIVAL - ¥$ & Kanye West & Ty Dolla $ign,CARNIVAL,¥$ & Kanye West & Ty Dolla $ign,2025-03-06,43,50,-7,86,96,10,11.627906976744185,42,2025-03-15,8,15,0.8888888888888888,3.1815796359028696,5.084754521963824
Please Don't Change (feat. DJ Snake) - Jung Kook,Please Don't Change (feat. DJ Snake),Jung Kook,2024-12-28,46,50,-4,85,82,-3,-3.5294117647058822,30,2025-02-14,20,78,0.4166666666666667,5.975407758925636,5.083333333333333
Ditto - NewJeans,Ditto,NewJeans,2025-03-26,50,49,1,82,81,-1,-1.2195121951219512,30,2025-10-15,19,225,0.09359605911330049,3.817423381600431,5.06871921182266
Ditto - NewJeans,Ditto,NewJeans,2025-03-11,50,49,1,85,83,-2,-2.3529411764705883,30,2025-10-15,19,240,0.0871559633027523,3.7655220465925927,5.067431192660551
Promise - Jimin,Promise,Jimin,2024-06-10,50,50,0,77,77,0,0.0,31,2024-06-22,19,33,1.5833333333333333,5.890868523536341,5.066666666666666
Perfect Night - LE SSERAFIM,Perfect Night,LE SSERAFIM,2025-06-14,50,50,0,78,78,0,0.0,30,2025-09-02,20,130,0.25,5.131889411058625,5.05
Ditto - NewJeans,Ditto,NewJeans,2025-07-26,45,50,-5,79,78,-1,-1.2658227848101267,30,2025-10-15,20,103,0.24691358024691357,5.372357231441541,5.049382716049383
Father - Lim Young Woong,Father,Lim Young Woong,2024-11-01,47,43,4,57,57,0,0.0,28,2024-12-02,15,119,0.4838709677419355,3.2865189064972213,5.046774193548387
Perfect Night - LE SSERAFIM,Perfect Night,LE SSERAFIM,2025-05-13,47,50,-3,85,85,0,0.0,30,2025-09-02,20,162,0.17857142857142858,4.689010527594405,5.035714285714286
Hype Boy - NewJeans,Hype Boy,NewJeans,2025-02-10,46,49,-3,84,84,0,0.0,29,2025-06-03,20,246,0.17699115044247787,3.066372371507138,5.035398230088496
Love Always Run Away - Lim Young Woong,Love Always Run Away,Lim Young Woong,2024-06-09,48,48,0,58,58,0,0.0,28,2024-12-08,20,257,0.10989010989010989,2.7509004408571323,5.021978021978022
Love Always Run Away - Lim Young Woong,Love Always Run Away,Lim Young Woong,2024-06-05,47,48,-1,58,58,0,0.0,28,2024-12-08,20,261,0.10752688172043011,2.7296165020796046,5.021505376344086
Promise - Jimin,Promise,Jimin,2024-06-08,42,50,-8,77,77,0,0.0,31,2024-06-22,19,35,1.3571428571428572,5.784722137154181,5.021428571428571
Ditto - NewJeans,Ditto,NewJeans,2025-03-18,49,50,-1,83,82,-1,-1.2048192771084338,30,2025-10-15,20,233,0.0947867298578199,3.800254974317182,5.018957345971564
Ditto - NewJeans,Ditto,NewJeans,2025-02-16,42,50,-8,85,85,0,0.0,30,2025-10-15,20,263,0.08298755186721991,3.7316997454776297,5.016597510373444
double take - Dhruv,double take,Dhruv,2025-10-03,49,48,1,82,82,0,0.0,30,2025-10-21,18,37,1.0,6.384230572277289,5.0
Hype Boy - NewJeans,Hype Boy,NewJeans,2025-04-27,48,45,3,80,80,0,0.0,29,2025-06-03,16,170,0.43243243243243246,3.074284105435863,4.986486486486487
Ditto - NewJeans,Ditto,NewJeans,2025-07-24,49,45,4,79,79,0,0.0,30,2025-10-15,15,105,0.18072289156626506,5.360277067403701,4.986144578313253
Face-off - Jimin,Face-off,Jimin,2025-06-02,49,49,0,73,73,0,0.0,30,2025-06-19,19,49,1.1176470588235294,5.777661945027626,4.973529411764706
Please Don't Change (feat. DJ Snake) - Jung Kook,Please Don't Change (feat. DJ Snake),Jung Kook,2025-01-26,48,49,-1,84,84,0,0.0,30,2025-02-14,19,49,1.0,5.675112029883122,4.95
Face-off - Jimin,Face-off,Jimin,2025-05-31,45,49,-4,73,73,0,0.0,30,2025-06-19,19,51,1.0,5.677206862935857,4.95
Alone - Jimin,Alone,Jimin,2025-06-02,45,44,1,72,72,0,0.0,26,2025-06-29,18,49,0.6666666666666666,6.65532368358845,4.933333333333334
Perfect Night - LE SSERAFIM,Perfect Night,LE SSERAFIM,2025-05-20,49,46,3,85,84,-1,-1.1764705882352942,30,2025-09-02,16,155,0.1523809523809524,4.733105777752155,4.930476190476191
Please Don't Change (feat. DJ Snake) - Jung Kook,Please Don't Change (feat. DJ Snake),Jung Kook,2025-01-23,36,49,-13,84,84,0,0.0,30,2025-02-14,19,52,0.8636363636363636,5.494865638675506,4.922727272727273
If I have you only (My love X Nerd Connection) - Nerd Connection,If I have you only (My love X Nerd Connection),Nerd Connection,2025-04-09,50,47,3,53,53,0,0.0,31,2025-10-15,16,197,0.08465608465608465,4.465574769801908,4.916931216931217
Hype Boy - NewJeans,Hype Boy,NewJeans,2025-04-11,48,46,2,80,80,0,0.0,29,2025-06-03,17,186,0.32075471698113206,3.0815127879265125,4.914150943396226
Alone - Jimin,Alone,Jimin,2025-05-31,40,45,-5,73,72,-1,-1.36986301369863,26,2025-06-29,19,51,0.6551724137931034,6.550531986244291,4.88103448275862
Ditto - NewJeans,Ditto,NewJeans,2025-09-16,49,49,0,78,78,0,0.0,30,2025-10-15,19,51,0.6551724137931034,6.966057102629393,4.88103448275862
New Jeans - NewJeans,New Jeans,NewJeans,2025-02-12,45,43,2,83,83,0,0.0,26,2025-06-03,17,252,0.15315315315315314,3.4460059079246403,4.88063063063063
If I have you only (My love X Nerd Connection) - Nerd Connection,If I have you only (My love X Nerd Connection),Nerd Connection,2025-09-15,43,50,-7,53,53,0,0.0,31,2025-10-15,19,38,0.6333333333333333,5.05266382858645,4.876666666666667
Ditto - NewJeans,Ditto,NewJeans,2025-04-01,49,47,2,81,80,-1,-1.2345679012345678,30,2025-10-15,17,219,0.08629441624365482,3.8309756552811933,4.867258883248731
Father - Lim Young Woong,Father,Lim Young Woong,2024-10-30,47,47,0,57,57,0,0.0,28,2024-12-02,19,121,0.5757575757575758,3.2946831608179736,4.865151515151515
Armageddon - aespa,Armageddon,aespa,2025-10-07,39,33,6,76,75,-1,-1.3157894736842104,22,2025-10-14,11,52,1.5714285714285714,4.456186710630513,4.864285714285714
Cupido - Engel Montaz & Kuv507 & Latinnites Music,Cupido,Engel Montaz & Kuv507 & Latinnites Music,2025-01-10,47,32,15,69,70,1,1.4492753623188406,32,2025-01-10,0,1,0.0,0.0,4.86231884057971
Interlude : Dive - Jimin,Interlude : Dive,Jimin,2025-03-15,33,34,-1,75,75,0,0.0,15,2025-04-21,19,107,0.5135135135135135,5.033911466273871,4.852702702702703
EASY - LE SSERAFIM,EASY,LE SSERAFIM,2025-08-10,49,38,11,79,80,1,1.2658227848101267,34,2025-08-14,4,22,1.0,4.8541219597369,4.8164556962025316
Attention - NewJeans,Attention,NewJeans,2025-04-28,48,38,10,81,78,-3,-3.7037037037037033,34,2025-04-29,4,63,4.0,2.4412234510934976,4.8
Ditto - NewJeans,Ditto,NewJeans,2025-07-12,46,49,-3,78,78,0,0.0,30,2025-10-15,19,117,0.2,4.923022403411093,4.79
Perfect Night - LE SSERAFIM,Perfect Night,LE SSERAFIM,2025-05-23,46,49,-3,84,84,0,0.0,30,2025-09-02,19,152,0.18627450980392157,4.750504349161971,4.787254901960784
Christmas Love - Jimin,Christmas Love,Jimin,2024-12-12,41,42,-1,70,70,0,0.0,24,2024-12-25,18,17,1.3846153846153846,8.249217343291393,4.776923076923077
Ditto - NewJeans,Ditto,NewJeans,2025-05-20,48,49,-1,80,80,0,0.0,30,2025-10-15,19,170,0.12837837837837837,3.9921602861107672,4.775675675675676
Ditto - NewJeans,Ditto,NewJeans,2025-05-17,48,49,-1,80,80,0,0.0,30,2025-10-15,19,173,0.12582781456953643,3.9462668448430995,4.775165562913907
Love Always Run Away - Lim Young Woong,Love Always Run Away,Lim Young Woong,2024-06-13,47,47,0,58,58,0,0.0,28,2024-12-08,19,253,0.10674157303370786,2.7721575697810823,4.771348314606741
You Were Beautiful - DAY6,You Were Beautiful,DAY6,2025-10-21,46,33,13,64,65,1,1.5625,32,2025-10-22,1,37,1.0,5.1613951602255765,4.7406250000000005
ETA - NewJeans,ETA,NewJeans,2025-05-27,44,48,-4,80,79,-1,-1.25,31,2025-06-03,17,163,2.4285714285714284,3.1987222417071224,4.735714285714286
Please Please Please - Sabrina Carpenter,Please Please Please,Sabrina Carpenter,2025-08-15,50,47,3,98,98,0,0.0,33,2025-08-24,14,18,1.5555555555555556,6.229767250869009,4.711111111111111
My Love Mine All Mine - Mitski,My Love Mine All Mine,Mitski,2025-01-09,49,47,2,98,98,0,0.0,31,2025-02-10,16,81,0.5,3.4147608578019533,4.699999999999999
Ditto - NewJeans,Ditto,NewJeans,2025-08-14,48,45,3,79,79,0,0.0,30,2025-10-15,15,84,0.24193548387096775,6.1592167045187765,4.698387096774194
If I have you only (My love X Nerd Connection) - Nerd Connection,If I have you only (My love X Nerd Connection),Nerd Connection,2025-04-12,47,43,4,53,54,1,1.8867924528301887,31,2025-10-15,12,194,0.06451612903225806,4.472295159568969,4.684601339013999
Love Letter - Lim Young Woong,Love Letter,Lim Young Woong,2024-11-09,50,49,1,57,57,0,0.0,32,2024-12-05,17,91,0.6538461538461539,2.2514998430401625,4.680769230769231
Who (Funky Remix) - Jimin,Who (Funky Remix),Jimin,2025-11-03,42,50,-8,65,65,0,0.0,32,2025-11-24,18,25,0.8571428571428571,6.099328984319252,4.671428571428572
Who (Shibuyakei Remix) - Jimin,Who (Shibuyakei Remix),Jimin,2025-11-04,48,42,6,65,65,0,0.0,31,2025-11-24,11,24,0.55,5.786840964176499,4.66
Rainy Days - V,Rainy Days,V,2025-03-15,50,48,2,80,79,-1,-1.25,39,2025-03-16,9,10,9.0,7.0,4.65
If We Ever Meet Again - Lim Young Woong,If We Ever Meet Again,Lim Young Woong,2025-05-29,47,47,0,58,58,0,0.0,29,2025-06-24,18,136,0.6923076923076923,3.1550274916840966,4.638461538461539
Perfect Night - LE SSERAFIM,Perfect Night,LE SSERAFIM,2025-06-03,48,46,2,84,83,-1,-1.1904761904761905,30,2025-09-02,16,141,0.17582417582417584,4.860371175215973,4.635164835164835
Ditto - NewJeans,Ditto,NewJeans,2025-04-27,47,46,1,80,81,1,1.25,30,2025-10-15,16,193,0.0935672514619883,3.8485697433850734,4.631213450292398
Ditto - NewJeans,Ditto,NewJeans,2025-09-13,48,48,0,79,78,-1,-1.2658227848101267,30,2025-10-15,18,54,0.5625,6.593457682470277,4.6125
NEMONEMO - YENA,NEMONEMO,YENA,2025-10-22,50,48,2,67,68,1,1.4925373134328357,36,2025-10-26,12,22,3.0,6.529019771263809,4.5731343283582095
If I have you only (My love X Nerd Connection) - Nerd Connection,If I have you only (My love X Nerd Connection),Nerd Connection,2025-09-09,48,43,5,53,53,0,0.0,31,2025-10-15,12,44,0.3333333333333333,5.0432542648816465,4.566666666666666
Interlude : Dive - Jimin,Interlude : Dive,Jimin,2024-09-14,32,26,6,77,77,0,0.0,15,2025-04-21,11,289,0.0502283105022831,5.5673905619324655,4.560045662100457
EASY - LE SSERAFIM,EASY,LE SSERAFIM,2025-08-08,50,49,1,80,79,-1,-1.25,34,2025-08-14,15,24,2.5,5.46077551307067,4.55
Please Don't Change (feat. DJ Snake) - Jung Kook,Please Don't Change (feat. DJ Snake),Jung Kook,2025-03-02,40,48,-8,83,83,0,0.0,35,2025-03-04,13,14,6.5,5.988269783501742,4.55
VIBE (feat. Jimin of BTS) - TAEYANG,VIBE (feat. Jimin of BTS),TAEYANG,2024-06-06,36,45,-9,69,69,0,0.0,28,2024-06-18,17,159,1.4166666666666667,5.192340497907759,4.533333333333333
If I have you only (My love X Nerd Connection) - Nerd Connection,If I have you only (My love X Nerd Connection),Nerd Connection,2025-04-18,45,49,-4,54,54,0,0.0,31,2025-10-15,18,188,0.1,4.634515361813885,4.52
Hate You - Jung Kook,Hate You,Jung Kook,2025-01-30,46,45,1,84,83,-1,-1.1904761904761905,29,2025-02-14,16,60,1.0666666666666667,4.933375988834158,4.513333333333333
My Love Mine All Mine - Mitski,My Love Mine All Mine,Mitski,2024-12-28,48,44,4,97,95,-2,-2.0618556701030926,31,2025-02-10,13,93,0.29545454545454547,3.2097074979228593,4.50909090909091
double take - Dhruv,double take,Dhruv,2025-10-24,49,40,9,82,82,0,0.0,36,2025-10-25,4,16,4.0,4.13361037035151,4.5
Bling-Bang-Bang-Born - Creepy Nuts,Bling-Bang-Bang-Born,Creepy Nuts,2025-02-14,38,50,-12,92,92,0,0.0,40,2025-02-15,10,45,10.0,3.642041022547296,4.5
Left and Right (Feat. Jung Kook of BTS) - Charlie Puth,Left and Right (Feat. Jung Kook of BTS),Charlie Puth,2024-11-28,19,29,-10,83,82,-1,-1.2048192771084338,19,2024-11-29,10,292,10.0,5.1378210412980785,4.5
Love 119 - RIIZE,Love 119,RIIZE,2025-04-23,44,50,-6,69,69,0,0.0,40,2025-04-24,10,5,10.0,7.0710678118654755,4.5
Memories - RIIZE,Memories,RIIZE,2024-09-18,41,47,-6,73,73,0,0.0,37,2024-09-19,10,32,10.0,3.371794570886235,4.5
Slow Dancing - V,Slow Dancing,V,2025-03-15,41,36,5,87,87,0,0.0,25,2025-03-24,11,55,1.2222222222222223,2.657517638699695,4.4944444444444445
Left and Right (Feat. Jung Kook of BTS) - Charlie Puth,Left and Right (Feat. Jung Kook of BTS),Charlie Puth,2025-02-10,50,46,4,83,83,0,0.0,33,2025-09-02,13,218,0.06372549019607843,5.422929398886373,4.462745098039216
double take - Dhruv,double take,Dhruv,2025-09-30,44,47,-3,83,82,-1,-1.2048192771084338,30,2025-10-21,17,40,0.8095238095238095,6.1579573689232365,4.411904761904762
Promise - Jimin,Promise,Jimin,2024-07-07,49,46,3,77,77,0,0.0,36,2024-07-09,10,6,5.0,7.8222439235810075,4.4
Like Crazy (Deep House Remix) - Jimin,Like Crazy (Deep House Remix),Jimin,2024-06-20,46,43,3,71,71,0,0.0,33,2024-06-22,10,20,5.0,6.340216645150071,4.4
Please Please Please - Sabrina Carpenter,Please Please Please,Sabrina Carpenter,2025-08-01,49,50,-1,98,98,0,0.0,33,2025-08-24,17,32,0.7391304347826086,5.759050847723665,4.397826086956521
Ditto - NewJeans,Ditto,NewJeans,2025-08-10,47,45,2,79,78,-1,-1.2658227848101267,30,2025-10-15,15,88,0.22727272727272727,5.960372611394917,4.3954545454545455
Sudden Shower - ECLIPSE,Sudden Shower,ECLIPSE,2025-05-28,41,38,3,78,78,0,0.0,26,2025-06-02,12,67,2.4,2.8042233575543256,4.38
Time of Our Life -Japanese ver.- - Japanese ver. - DAY6,Time of Our Life -Japanese ver.- - Japanese ver.,DAY6,2025-10-06,41,37,4,56,56,0,0.0,25,2025-10-21,12,53,0.8,5.456620019543034,4.36
Please Please Please - Sabrina Carpenter,Please Please Please,Sabrina Carpenter,2025-07-23,45,50,-5,99,98,-1,-1.0101010101010102,33,2025-08-24,17,41,0.53125,5.3452248382484875,4.35625
Filter - BTS,Filter,BTS,2024-06-21,45,47,-2,75,76,1,1.3333333333333335,31,2025-04-06,16,291,0.05536332179930796,10.614455552060438,4.344405997693195
If I have you only (My love X Nerd Connection) - Nerd Connection,If I have you only (My love X Nerd Connection),Nerd Connection,2025-09-07,46,48,-2,53,53,0,0.0,31,2025-10-15,17,46,0.4473684210526316,5.045447216917424,4.339473684210526
Welcome to the Show - DAY6,Welcome to the Show,DAY6,2025-03-26,32,36,-4,61,63,2,3.278688524590164,22,2025-10-15,14,246,0.06896551724137931,4.614651956499868,4.333465234595817
My Love Mine All Mine - Mitski,My Love Mine All Mine,Mitski,2024-12-23,48,48,0,98,97,-1,-1.0204081632653061,31,2025-02-10,17,98,0.3469387755102041,3.222018903913277,4.319387755102041
BIRDS OF A FEATHER - Billie Eilish,BIRDS OF A FEATHER,Billie Eilish,2025-08-14,27,18,9,99,100,1,1.0101010101010102,15,2025-08-15,3,103,3.0,3.178225126668379,4.302525252525252
Hate You - Jung Kook,Hate You,Jung Kook,2025-02-02,45,44,1,83,83,0,0.0,29,2025-02-14,15,57,1.25,4.978466946369602,4.3
EASY - LE SSERAFIM,EASY,LE SSERAFIM,2025-08-03,48,50,-2,80,80,0,0.0,34,2025-08-14,16,29,1.4545454545454546,5.312459150169742,4.290909090909091
Left and Right (Feat. Jung Kook of BTS) - Charlie Puth,Left and Right (Feat. Jung Kook of BTS),Charlie Puth,2025-01-28,50,50,0,83,83,0,0.0,33,2025-09-02,17,231,0.07834101382488479,5.284778982028377,4.265668202764977
Like Crazy (UK Garage Remix) - Jimin,Like Crazy (UK Garage Remix),Jimin,2024-06-20,48,42,6,71,71,0,0.0,35,2024-06-22,7,14,3.5,6.2257529665093525,4.25
Please Don't Change (feat. DJ Snake) - Jung Kook,Please Don't Change (feat. DJ Snake),Jung Kook,2025-01-21,45,36,9,84,84,0,0.0,30,2025-02-14,6,54,0.25,5.862270118094184,4.249999999999999
EASY - LE SSERAFIM,EASY,LE SSERAFIM,2025-06-29,48,48,0,78,80,2,2.564102564102564,34,2025-08-14,14,64,0.30434782608695654,5.190018120261494,4.201895206243032
Armageddon - aespa,Armageddon,aespa,2025-11-21,41,50,-9,72,72,0,0.0,38,2025-11-23,12,7,6.0,4.980517599161312,4.2
Please Please Please - Sabrina Carpenter,Please Please Please,Sabrina Carpenter,2025-08-24,47,33,14,98,97,-1,-1.0204081632653061,33,2025-08-24,0,9,0.0,4.428247395979588,4.2
Young Man - HYUKOH & 落日飛車 Sunset Rollercoaster,Young Man,HYUKOH & 落日飛車 Sunset Rollercoaster,2025-07-12,47,33,14,55,35,-20,-36.36363636363637,33,2025-07-12,0,3,0.0,6.5,4.2
Left and Right (Feat. Jung Kook of BTS) - Charlie Puth,Left and Right (Feat. Jung Kook of BTS),Charlie Puth,2025-08-23,48,43,5,78,78,0,0.0,33,2025-09-02,10,24,1.0,5.886449146461322,4.2
Home - Lim Young Woong,Home,Lim Young Woong,2025-11-01,49,50,-1,62,62,0,0.0,38,2025-11-03,12,22,6.0,3.9024383330567387,4.2
Who (Rock Remix) - Jimin,Who (Rock Remix),Jimin,2025-11-06,39,35,4,66,67,1,1.5151515151515151,25,2025-11-24,10,22,0.5555555555555556,6.531278310704734,4.189898989898989
Interlude : Dive - Jimin,Interlude : Dive,Jimin,2025-06-28,50,47,3,74,77,3,4.054054054054054,42,2025-06-29,5,2,5.0,0.0,4.1635135135135135
FLOWER - JISOO,FLOWER,JISOO,2024-06-23,49,48,1,85,85,0,0.0,37,2024-06-25,11,32,5.5,3.3517719194479807,4.15
Armageddon - aespa,Armageddon,aespa,2025-09-22,28,38,-10,77,77,0,0.0,22,2025-10-14,16,67,0.7272727272727273,4.288628450259477,4.1454545454545455
Slow Dancing - V,Slow Dancing,V,2025-03-02,39,41,-2,89,89,0,0.0,25,2025-03-24,16,68,0.7272727272727273,2.658551865751883,4.1454545454545455
Somebody - Jung Kook,Somebody,Jung Kook,2024-12-10,47,50,-3,86,86,0,0.0,37,2024-12-13,13,91,4.333333333333333,3.853070703497906,4.116666666666667
If I have you only (My love X Nerd Connection) - Nerd Connection,If I have you only (My love X Nerd Connection),Nerd Connection,2025-09-29,46,42,4,54,53,-1,-1.8518518518518516,31,2025-10-15,11,24,0.6875,5.473452081269225,4.0875
Who (Funky Remix) - Jimin,Who (Funky Remix),Jimin,2025-10-16,47,48,-1,64,64,0,0.0,32,2025-11-24,16,43,0.41025641025641024,5.8410002525780875,4.082051282051282
Please Don't Change (feat. DJ Snake) - Jung Kook,Please Don't Change (feat. DJ Snake),Jung Kook,2024-12-23,45,46,-1,86,85,-1,-1.1627906976744187,30,2025-02-14,16,83,0.3018867924528302,5.943365601623058,4.060377358490566
Lilith (feat. SUGA of BTS) (Diablo IV Anthem) - Halsey & SUGA,Lilith (feat. SUGA of BTS) (Diablo IV Anthem),Halsey & SUGA,2024-07-31,50,41,9,84,84,0,0.0,36,2024-08-12,5,45,0.4166666666666667,2.8875064021321823,4.033333333333333
Time of Our Life -Japanese ver.- - Japanese ver. - DAY6,Time of Our Life -Japanese ver.- - Japanese ver.,DAY6,2025-10-08,37,40,-3,56,56,0,0.0,25,2025-10-21,15,51,1.1538461538461537,5.495307088780389,3.980769230769231
Left and Right (Feat. Jung Kook of BTS) - Charlie Puth,Left and Right (Feat. Jung Kook of BTS),Charlie Puth,2025-01-21,48,44,4,83,83,0,0.0,33,2025-09-02,11,238,0.049107142857142856,5.0464966093005215,3.959821428571429
Like Crazy (UK Garage Remix) - Jimin,Like Crazy (UK Garage Remix),Jimin,2024-06-03,50,49,1,72,72,0,0.0,35,2024-06-22,14,31,0.7368421052631579,5.517925334761245,3.9473684210526314
Super Shy - NewJeans,Super Shy,NewJeans,2025-03-15,36,33,3,86,86,0,0.0,21,2025-05-06,12,189,0.23076923076923078,2.9415132160165456,3.946153846153846
Like Crazy (Deep House Remix) - Jimin,Like Crazy (Deep House Remix),Jimin,2024-06-01,48,47,1,72,72,0,0.0,33,2024-06-22,14,39,0.6666666666666666,5.245936405568269,3.933333333333333
Filter - BTS,Filter,BTS,2024-06-14,46,43,3,75,75,0,0.0,31,2025-04-06,12,298,0.04054054054054054,8.731551981177228,3.908108108108108
Face-off - Jimin,Face-off,Jimin,2025-07-19,50,37,13,72,72,0,0.0,37,2025-07-19,0,2,0.0,0.0,3.9
Like Crazy (UK Garage Remix) - Jimin,Like Crazy (UK Garage Remix),Jimin,2024-06-01,44,50,-6,72,72,0,0.0,35,2024-06-22,15,33,0.7142857142857143,5.389584311207966,3.892857142857143
Who (Funky Remix) - Jimin,Who (Funky Remix),Jimin,2025-11-06,46,40,6,65,65,0,0.0,32,2025-11-24,8,22,0.4444444444444444,6.215430712940851,3.888888888888889
Guess featuring Billie Eilish - Charli xcx & Billie Eilish,Guess featuring Billie Eilish,Charli xcx & Billie Eilish,2025-08-14,49,40,9,89,90,1,1.1235955056179776,38,2025-08-15,2,3,2.0,1.0,3.880898876404494
Like Crazy (Deep House Remix) - Jimin,Like Crazy (Deep House Remix),Jimin,2024-05-30,43,48,-5,73,72,-1,-1.36986301369863,33,2024-06-22,15,41,0.6521739130434783,5.13903903684553,3.880434782608696
Warmth - Lim Young Woong,Warmth,Lim Young Woong,2025-11-01,50,49,1,62,62,0,0.0,36,2025-11-09,13,24,1.625,3.90627433829847,3.875
Who (Funky Remix) - Jimin,Who (Funky Remix),Jimin,2025-10-27,46,47,-1,65,65,0,0.0,32,2025-11-24,15,32,0.5357142857142857,5.667271814698278,3.857142857142857
Who (Funky Remix) - Jimin,Who (Funky Remix),Jimin,2025-10-19,44,47,-3,64,64,0,0.0,32,2025-11-24,15,40,0.4166666666666667,5.949688136981268,3.8333333333333335
If I have you only (My love X Nerd Connection) - Nerd Connection,If I have you only (My love X Nerd Connection),Nerd Connection,2025-09-02,44,46,-2,55,53,-2,-3.6363636363636362,31,2025-10-15,15,51,0.3488372093023256,4.924011663397588,3.8197674418604652
Please Don't Change (feat. DJ Snake) - Jung Kook,Please Don't Change (feat. DJ Snake),Jung Kook,2025-01-01,44,45,-1,83,83,0,0.0,30,2025-02-14,15,74,0.3409090909090909,5.183440513361329,3.8181818181818183
Attention - NewJeans,Attention,NewJeans,2024-09-15,49,48,1,83,83,0,0.0,34,2025-04-29,14,288,0.061946902654867256,2.7406362535174393,3.8123893805309734
Baddie - IVE,Baddie,IVE,2024-12-09,50,49,1,82,82,0,0.0,39,2024-12-11,10,45,5.0,3.265986323710904,3.8
"Our Blues, Our Life - Lim Young Woong","Our Blues, Our Life",Lim Young Woong,2025-06-24,50,39,11,51,52,1,1.9607843137254901,39,2025-06-24,0,52,0.0,2.2464193731358355,3.7901960784313724
Lilith (feat. SUGA of BTS) (Diablo IV Anthem) - Halsey & SUGA,Lilith (feat. SUGA of BTS) (Diablo IV Anthem),Halsey & SUGA,2024-08-07,45,49,-4,83,82,-1,-1.2048192771084338,36,2024-08-12,13,38,2.6,2.9340578815309546,3.77
Like Crazy (UK Garage Remix) - Jimin,Like Crazy (UK Garage Remix),Jimin,2024-06-10,49,48,1,71,71,0,0.0,35,2024-06-22,13,24,1.0833333333333333,5.810803051107947,3.7666666666666666
With you - Jimin & HA SUNG WOON,With you,Jimin & HA SUNG WOON,2024-06-28,43,43,0,76,76,0,0.0,28,2025-01-23,15,210,0.07177033492822966,12.355835328567093,3.764354066985646
Attention - NewJeans,Attention,NewJeans,2024-09-28,49,49,0,81,81,0,0.0,34,2025-04-29,15,275,0.07042253521126761,2.994618829748432,3.7640845070422535
Attention - NewJeans,Attention,NewJeans,2024-09-01,48,49,-1,83,83,0,0.0,34,2025-04-29,15,302,0.0625,2.6577866331280324,3.7625
Warmth - Lim Young Woong,Warmth,Lim Young Woong,2025-10-29,47,50,-3,62,62,0,0.0,36,2025-11-09,14,27,1.2727272727272727,3.8297084310253524,3.7545454545454544
Like Crazy (Deep House Remix) - Jimin,Like Crazy (Deep House Remix),Jimin,2024-06-27,47,45,2,71,71,0,0.0,38,2024-06-28,7,13,7.0,6.718548123582124,3.75
Promise - Jimin,Promise,Jimin,2024-05-30,45,42,3,77,77,0,0.0,31,2024-06-22,11,44,0.4782608695652174,5.77167412647511,3.7456521739130433
Cruel Summer - Taylor Swift,Cruel Summer,Taylor Swift,2025-07-31,45,50,-5,89,92,3,3.3707865168539324,39,2025-08-15,11,50,0.7333333333333333,2.3405982141324473,3.7393632958801497
Klaxon - (G)I-DLE,Klaxon,(G)I-DLE,2025-07-27,47,47,0,72,74,2,2.7777777777777777,36,2025-08-04,11,21,1.375,2.865288212939473,3.7194444444444446
Interlude : Dive - Jimin,Interlude : Dive,Jimin,2025-06-12,50,46,4,82,75,-7,-8.536585365853659,37,2025-06-19,9,18,1.2857142857142858,4.374482217880901,3.7071428571428573
Like Crazy (UK Garage Remix) - Jimin,Like Crazy (UK Garage Remix),Jimin,2024-06-08,49,49,0,72,71,-1,-1.3888888888888888,35,2024-06-22,14,26,1.0,5.661259709273624,3.7
Left and Right (Feat. Jung Kook of BTS) - Charlie Puth,Left and Right (Feat. Jung Kook of BTS),Charlie Puth,2025-08-18,46,47,-1,83,78,-5,-6.024096385542169,33,2025-09-02,14,29,0.9333333333333333,5.517897056729983,3.6866666666666665
Who (Beautiful Mind Remix) - Jimin,Who (Beautiful Mind Remix),Jimin,2025-11-06,48,41,7,65,65,0,0.0,35,2025-11-24,6,22,0.3333333333333333,5.385164807134504,3.666666666666667
Melt Down - DAY6,Melt Down,DAY6,2025-10-08,40,41,-1,65,65,0,0.0,28,2025-10-15,13,37,1.8571428571428572,5.6216817577237475,3.6214285714285714
Promise - Jimin,Promise,Jimin,2024-05-28,43,45,-2,78,77,-1,-1.282051282051282,31,2024-06-22,14,46,0.56,5.706487171427716,3.612
Cupid - FIFTY FIFTY,Cupid,FIFTY FIFTY,2024-07-09,36,50,-14,87,87,0,0.0,42,2024-07-10,8,4,8.0,6.164414002968976,3.6
Like Crazy (UK Garage Remix) - Jimin,Like Crazy (UK Garage Remix),Jimin,2024-06-27,49,46,3,71,71,0,0.0,40,2024-06-28,6,7,6.0,6.273754856543249,3.6
Better Things - aespa,Better Things,aespa,2024-09-09,50,50,0,81,81,0,0.0,42,2024-09-10,8,28,8.0,3.872983346207417,3.6
ETA - NewJeans,ETA,NewJeans,2025-03-26,39,39,0,81,81,0,0.0,25,2025-05-02,14,225,0.3783783783783784,3.1673006124631025,3.575675675675676
Small girl (feat. D.O.) - Lee Young Ji,Small girl (feat. D.O.),Lee Young Ji,2025-09-09,43,44,-1,75,74,-1,-1.3333333333333335,31,2025-09-17,13,23,1.625,4.4451813448057,3.575
Pump Up The Volume! - PLAVE,Pump Up The Volume!,PLAVE,2025-09-17,45,47,-2,67,67,0,0.0,33,2025-10-25,14,47,0.3684210526315789,5.0426750270636544,3.5736842105263156
Face-off - Jimin,Face-off,Jimin,2025-06-09,43,41,2,72,68,-4,-5.555555555555555,30,2025-06-19,11,42,1.1,6.041379303510821,3.5700000000000003
Who (Acoustic Remix) - Jimin,Who (Acoustic Remix),Jimin,2025-11-06,40,36,4,66,66,0,0.0,27,2025-11-24,9,22,0.5,6.252437166540896,3.5500000000000003
double take - Dhruv,double take,Dhruv,2025-10-31,49,49,0,82,82,0,0.0,39,2025-11-02,10,9,5.0,4.415880433163924,3.5
Closer to You (feat. Major Lazer) - Jung Kook,Closer to You (feat. Major Lazer),Jung Kook,2025-03-02,45,47,-2,82,81,-1,-1.2195121951219512,37,2025-03-04,10,99,5.0,5.166611805721464,3.5
Face-off - Jimin,Face-off,Jimin,2025-07-01,36,49,-13,70,71,1,1.4285714285714286,37,2025-07-19,12,20,0.6666666666666666,7.059745037889116,3.4904761904761905
Dance The Night (From Barbie The Album) - Dua Lipa,Dance The Night (From Barbie The Album),Dua Lipa,2024-07-26,46,45,1,90,95,5,5.555555555555555,41,2024-07-27,4,17,4.0,3.2903900478008175,3.488888888888889
"Our Blues, Our Life - Lim Young Woong","Our Blues, Our Life",Lim Young Woong,2025-06-21,49,50,-1,51,51,0,0.0,39,2025-06-24,11,55,3.6666666666666665,3.113247129976625,3.4833333333333334
SOS - KANGDANIEL,SOS,KANGDANIEL,2024-08-12,30,47,-17,74,73,-1,-1.3513513513513513,35,2024-08-17,12,22,2.4,4.365003372034186,3.48
You Were Beautiful - DAY6,You Were Beautiful,DAY6,2025-11-07,38,48,-10,64,64,0,0.0,36,2025-11-12,12,20,2.4,4.633213427705081,3.48
Like Crazy (Deep House Remix) - Jimin,Like Crazy (Deep House Remix),Jimin,2024-05-28,46,43,3,74,73,-1,-1.3513513513513513,33,2024-06-22,10,43,0.4,5.132796508726993,3.48
Like Crazy (Deep House Remix) - Jimin,Like Crazy (Deep House Remix),Jimin,2024-06-08,46,45,1,72,72,0,0.0,33,2024-06-22,12,32,0.8571428571428571,5.598883817333594,3.471428571428571
Lovin On Me - Jack Harlow,Lovin On Me,Jack Harlow,2025-01-18,50,49,1,99,99,0,0.0,39,2025-01-21,10,14,3.3333333333333335,3.8693955887479667,3.466666666666667
Small girl (feat. D.O.) - Lee Young Ji,Small girl (feat. D.O.),Lee Young Ji,2025-09-02,44,43,1,75,75,0,0.0,31,2025-09-17,12,30,0.8,4.251987192486139,3.46
Face-off - Jimin,Face-off,Jimin,2025-07-06,49,50,-1,72,72,0,0.0,37,2025-07-19,13,15,1.0,11.0,3.45
You Were Beautiful - DAY6,You Were Beautiful,DAY6,2025-10-28,49,49,0,64,64,0,0.0,36,2025-11-12,13,30,0.8666666666666667,4.725575706687724,3.4233333333333333
You Were Beautiful - DAY6,You Were Beautiful,DAY6,2025-10-26,46,49,-3,64,64,0,0.0,36,2025-11-12,13,32,0.7647058823529411,4.6169379140810785,3.402941176470588
"무제(無題) (Untitled, 2014) - G-DRAGON","무제(無題) (Untitled, 2014)",G-DRAGON,2025-11-27,50,43,7,58,61,3,5.172413793103448,43,2025-11-27,0,1,0.0,0.0,3.393103448275862
Who (Beautiful Mind Remix) - Jimin,Who (Beautiful Mind Remix),Jimin,2025-11-04,43,48,-5,65,65,0,0.0,35,2025-11-24,13,24,0.65,5.469634129164876,3.38
"Steal The Show - From ""Elemental"" - Lauv","Steal The Show - From ""Elemental""",Lauv,2024-09-09,48,44,4,77,77,0,0.0,36,2024-09-18,8,25,0.8888888888888888,3.570471101814001,3.3777777777777778
Attention - NewJeans,Attention,NewJeans,2024-07-07,29,37,-8,84,85,1,1.1904761904761905,26,2024-07-14,11,358,1.5714285714285714,2.74145416417201,3.3619047619047615
Closer to You (feat. Major Lazer) - Jung Kook,Closer to You (feat. Major Lazer),Jung Kook,2025-01-16,50,49,1,84,83,-1,-1.1904761904761905,37,2025-03-04,12,144,0.2553191489361702,4.75146176338281,3.351063829787234
Closer to You (feat. Major Lazer) - Jung Kook,Closer to You (feat. Major Lazer),Jung Kook,2025-02-25,49,49,0,83,82,-1,-1.2048192771084338,37,2025-03-04,12,104,1.7142857142857142,4.962670568711339,3.342857142857143
BIRDS OF A FEATHER - Billie Eilish,BIRDS OF A FEATHER,Billie Eilish,2025-07-12,26,28,-2,98,98,0,0.0,15,2025-08-15,13,136,0.38235294117647056,3.1237918136722813,3.3264705882352943
OMG - NewJeans,OMG,NewJeans,2025-06-01,50,45,5,81,81,0,0.0,38,2025-06-20,7,136,0.3684210526315789,3.0821647999934108,3.3236842105263156
Closer to You (feat. Major Lazer) - Jung Kook,Closer to You (feat. Major Lazer),Jung Kook,2025-01-12,47,50,-3,84,84,0,0.0,37,2025-03-04,13,148,0.2549019607843137,4.571587064031885,3.3009803921568626
Ditto - NewJeans,Ditto,NewJeans,2025-10-18,50,39,11,77,77,0,0.0,39,2025-10-18,0,19,0.0,4.5,3.3
Melt Down - DAY6,Melt Down,DAY6,2025-10-06,37,40,-3,65,65,0,0.0,28,2025-10-15,12,39,1.3333333333333333,5.540117920621768,3.2666666666666666
Rainbow - Lim Young Woong,Rainbow,Lim Young Woong,2025-06-18,49,50,-1,50,51,1,2.0,40,2025-06-26,10,56,1.25,3.1985323850607714,3.25
Rainy Days - V,Rainy Days,V,2025-03-11,50,44,6,80,80,0,0.0,39,2025-03-16,5,14,1.0,5.403702434442518,3.25
Somebody - Jung Kook,Somebody,Jung Kook,2025-01-28,50,46,4,82,82,0,0.0,38,2025-03-03,8,42,0.23529411764705882,3.155262060488813,3.2470588235294118
Fact Check - NCT 127,Fact Check,NCT 127,2024-10-19,44,50,-6,70,74,4,5.714285714285714,46,2024-10-20,4,2,4.0,0.0,3.2285714285714286
Like Crazy (UK Garage Remix) - Jimin,Like Crazy (UK Garage Remix),Jimin,2024-05-28,47,44,3,73,72,-1,-1.36986301369863,35,2024-06-22,9,37,0.36,5.411954933140807,3.222
Like Crazy (Deep House Remix) - Jimin,Like Crazy (Deep House Remix),Jimin,2024-06-10,45,45,0,72,71,-1,-1.3888888888888888,33,2024-06-22,12,30,1.0,5.744321536691475,3.2
Super Shy - NewJeans,Super Shy,NewJeans,2025-07-12,38,39,-1,81,81,0,0.0,29,2025-07-15,10,70,3.3333333333333335,3.233812706189525,3.166666666666667
Super - SEVENTEEN,Super,SEVENTEEN,2024-07-07,33,47,-14,88,88,0,0.0,37,2024-07-10,10,33,3.3333333333333335,2.756003547812585,3.166666666666667
Too Sad to Dance - Jung Kook,Too Sad to Dance,Jung Kook,2025-03-21,41,50,-9,78,78,0,0.0,43,2025-03-22,7,3,7.0,3.5,3.1500000000000004
I Love You - Lim Young Woong,I Love You,Lim Young Woong,2025-02-18,50,47,3,58,58,0,0.0,42,2025-02-19,5,20,5.0,3.5101264442069584,3.15
Drama - aespa,Drama,aespa,2025-03-26,37,35,2,84,83,-1,-1.1904761904761905,25,2025-05-24,10,201,0.1694915254237288,3.1451443268573596,3.1338983050847458
Melt Down - DAY6,Melt Down,DAY6,2025-11-01,48,46,2,62,62,0,0.0,38,2025-11-04,8,13,2.6666666666666665,4.060788100849391,3.1333333333333333
Promise - Jimin,Promise,Jimin,2024-07-03,41,47,-6,77,77,0,0.0,36,2024-07-09,11,10,1.8333333333333333,6.574360974438673,3.1166666666666667
MANIAC - VIVIZ,MANIAC,VIVIZ,2025-02-09,49,48,1,81,81,0,0.0,40,2025-02-11,8,20,4.0,3.7332961307670196,3.0999999999999996
Interlude : Dive - Jimin,Interlude : Dive,Jimin,2025-03-26,27,27,0,74,74,0,0.0,15,2025-04-21,12,96,0.46153846153846156,5.118422129153379,3.0923076923076924
OMG - NewJeans,OMG,NewJeans,2025-05-20,49,50,-1,81,81,0,0.0,38,2025-06-20,12,148,0.3870967741935484,3.0720731007081645,3.07741935483871
Let's Say Goodbye - Parc Jae Jung,Let's Say Goodbye,Parc Jae Jung,2024-09-14,48,46,2,55,55,0,0.0,37,2024-09-22,9,18,1.125,4.3417981381755135,3.075
Who (Shibuyakei Remix) - Jimin,Who (Shibuyakei Remix),Jimin,2025-11-06,42,37,5,65,65,0,0.0,31,2025-11-24,6,22,0.3333333333333333,5.826448317800476,3.066666666666667
Somebody - Jung Kook,Somebody,Jung Kook,2025-01-25,49,50,-1,84,82,-2,-2.380952380952381,38,2025-03-03,12,45,0.32432432432432434,3.2093613071762426,3.064864864864865
Somebody - Jung Kook,Somebody,Jung Kook,2024-12-06,47,48,-1,86,86,0,0.0,37,2024-12-13,11,95,1.5714285714285714,3.6946469616493447,3.064285714285714
Closer to You (feat. Major Lazer) - Jung Kook,Closer to You (feat. Major Lazer),Jung Kook,2024-12-20,48,49,-1,86,85,-1,-1.1627906976744187,37,2025-03-04,12,171,0.16216216216216217,4.156283358726243,3.0324324324324325
Perfect Night - LE SSERAFIM,Perfect Night,LE SSERAFIM,2025-08-14,41,37,4,81,81,0,0.0,30,2025-09-02,7,69,0.3684210526315789,5.398396732091031,3.0236842105263158
WAY 4 LUV - PLAVE,WAY 4 LUV,PLAVE,2025-10-25,48,47,1,60,60,0,0.0,41,2025-10-26,6,3,6.0,7.5,3.0
Who (Beautiful Mind Remix) - Jimin,Who (Beautiful Mind Remix),Jimin,2025-11-20,41,45,-4,65,65,0,0.0,35,2025-11-24,10,8,2.5,7.108488745499844,3.0
Rainbow - Lim Young Woong,Rainbow,Lim Young Woong,2025-06-24,48,42,6,51,52,1,1.9607843137254901,40,2025-06-26,2,50,1.0,3.1104910096297744,2.9901960784313726
Memories - RIIZE,Memories,RIIZE,2024-09-25,47,50,-3,73,73,0,0.0,39,2024-10-06,11,25,1.0,2.7880535558675135,2.95
Bling-Bang-Bang-Born - Creepy Nuts,Bling-Bang-Bang-Born,Creepy Nuts,2025-03-13,50,48,2,92,91,-1,-1.0869565217391304,40,2025-03-18,8,18,1.6,2.988868236194653,2.92
Rainbow - Lim Young Woong,Rainbow,Lim Young Woong,2025-06-21,50,48,2,51,51,0,0.0,40,2025-06-26,8,53,1.6,3.2256278373698795,2.92
Rainy Days - V,Rainy Days,V,2025-03-02,33,50,-17,82,81,-1,-1.2195121951219512,39,2025-03-16,11,23,0.7857142857142857,3.934372877705976,2.907142857142857
"Our Blues, Our Life - Lim Young Woong","Our Blues, Our Life",Lim Young Woong,2025-05-20,50,48,2,57,57,0,0.0,39,2025-06-24,9,87,0.2571428571428571,2.9089898972361903,2.9014285714285717
Who (Beautiful Mind Remix) - Jimin,Who (Beautiful Mind Remix),Jimin,2025-10-19,43,44,-1,64,64,0,0.0,34,2025-10-24,10,40,2.0,4.888502934181384,2.9
Closer to You (feat. Major Lazer) - Jung Kook,Closer to You (feat. Major Lazer),Jung Kook,2025-01-05,43,46,-3,81,83,2,2.4691358024691357,37,2025-03-04,9,155,0.15517241379310345,4.333846123505335,2.8983184333759047
Lilith (feat. SUGA of BTS) (Diablo IV Anthem) - Halsey & SUGA,Lilith (feat. SUGA of BTS) (Diablo IV Anthem),Halsey & SUGA,2024-07-22,47,46,1,86,85,-1,-1.1627906976744187,36,2024-08-12,10,54,0.47619047619047616,3.4429880433522664,2.895238095238095
Somebody - Jung Kook,Somebody,Jung Kook,2025-02-13,48,49,-1,82,81,-1,-1.2195121951219512,38,2025-03-03,11,26,0.6111111111111112,3.9042355917074927,2.8722222222222222
"Our Blues, Our Life - Lim Young Woong","Our Blues, Our Life",Lim Young Woong,2025-05-07,49,42,7,56,56,0,0.0,39,2025-06-24,3,100,0.0625,2.993325909419153,2.8625000000000003
Promise - Jimin,Promise,Jimin,2024-06-02,42,42,0,77,77,0,0.0,31,2024-06-22,11,41,0.55,5.8701769485977,2.86
ETA - NewJeans,ETA,NewJeans,2025-10-18,50,50,0,78,79,1,1.282051282051282,42,2025-10-21,8,19,2.6666666666666665,3.491060010942235,2.8538461538461535
ETA - NewJeans,ETA,NewJeans,2025-10-20,50,45,5,79,79,0,0.0,42,2025-10-21,3,17,3.0,2.8674417556808756,2.85
SPOT! - ZICO & JENNIE,SPOT!,ZICO & JENNIE,2025-10-21,47,45,2,83,78,-5,-6.024096385542169,40,2025-10-22,5,2,5.0,0.0,2.85
Closer to You (feat. Major Lazer) - Jung Kook,Closer to You (feat. Major Lazer),Jung Kook,2025-01-10,46,47,-1,83,84,1,1.2048192771084338,37,2025-03-04,10,150,0.18867924528301888,4.479545348650045,2.8389406683337124
Who (Beautiful Mind Remix) - Jimin,Who (Beautiful Mind Remix),Jimin,2025-10-27,42,46,-4,65,65,0,0.0,35,2025-11-24,11,32,0.39285714285714285,4.955804677345546,2.8285714285714287
Get A Guitar - RIIZE,Get A Guitar,RIIZE,2025-04-06,48,49,-1,67,67,0,0.0,41,2025-04-08,8,19,4.0,3.177855476905576,2.8
Not Like Us - Kendrick Lamar,Not Like Us,Kendrick Lamar,2025-05-30,29,48,-19,98,98,0,0.0,37,2025-07-14,11,66,0.24444444444444444,2.90305961048698,2.798888888888889
"Our Blues, Our Life - Lim Young Woong","Our Blues, Our Life",Lim Young Woong,2025-05-02,48,50,-2,57,57,0,0.0,39,2025-06-24,11,105,0.20754716981132076,3.087860702967385,2.7915094339622644
"Our Blues, Our Life - Lim Young Woong","Our Blues, Our Life",Lim Young Woong,2025-04-29,49,50,-1,57,57,0,0.0,39,2025-06-24,11,108,0.19642857142857142,3.0477678535099897,2.789285714285714
Cruel Summer - Taylor Swift,Cruel Summer,Taylor Swift,2025-06-12,48,50,-2,96,88,-8,-8.333333333333332,39,2025-08-15,11,99,0.171875,2.2555199494162164,2.784375
Super Shy - NewJeans,Super Shy,NewJeans,2025-03-02,32,32,0,88,88,0,0.0,21,2025-05-06,11,202,0.16923076923076924,2.888751004992993,2.7838461538461536
Somebody - Jung Kook,Somebody,Jung Kook,2024-12-21,46,49,-3,85,84,-1,-1.1764705882352942,38,2025-03-03,11,80,0.1527777777777778,3.139247566447526,2.7805555555555554
Closer to You (feat. Major Lazer) - Jung Kook,Closer to You (feat. Major Lazer),Jung Kook,2024-12-16,42,48,-6,86,86,0,0.0,37,2025-03-04,11,175,0.14102564102564102,4.052289801035823,2.778205128205128
Candy (Feat. Zion.T) - Jay Park,Candy (Feat. Zion.T),Jay Park,2024-05-31,49,47,2,59,62,3,5.084745762711865,45,2024-06-01,2,10,2.0,2.943920288775949,2.7711864406779663
Memories - RIIZE,Memories,RIIZE,2024-10-02,44,47,-3,73,74,1,1.36986301369863,39,2024-10-06,8,18,2.0,2.8381971957211336,2.7424657534246575
Closer to You (feat. Major Lazer) - Jung Kook,Closer to You (feat. Major Lazer),Jung Kook,2024-12-29,47,43,4,85,81,-4,-4.705882352941177,37,2025-03-04,6,162,0.09230769230769231,4.253215695212271,2.7184615384615385
Shot Glass of Tears - Jung Kook,Shot Glass of Tears,Jung Kook,2024-12-12,47,47,0,86,86,0,0.0,41,2024-12-13,6,18,6.0,3.6660605559646715,2.7
FRI(END)S - V,FRI(END)S,V,2025-06-30,48,49,-1,88,88,0,0.0,43,2025-07-01,6,23,6.0,2.6457513110645907,2.7
Grain of Sand - Lim Young Woong,Grain of Sand,Lim Young Woong,2025-11-05,49,46,3,58,58,0,0.0,40,2025-11-09,6,18,1.5,3.208983928702554,2.7
My Love Mine All Mine - Mitski,My Love Mine All Mine,Mitski,2025-03-27,50,41,9,96,95,-1,-1.0416666666666665,41,2025-03-27,0,4,0.0,1.0,2.6999999999999997
T.B.H - QWER,T.B.H,QWER,2025-09-29,50,44,6,60,59,-1,-1.6666666666666667,42,2025-09-30,2,20,2.0,2.4854606802159247,2.6999999999999997
"How can I love the heartbreak, you're the one I love - AKMU","How can I love the heartbreak, you're the one I love",AKMU,2025-10-24,44,44,0,61,61,0,0.0,34,2025-11-04,10,26,0.9090909090909091,5.267662089474693,2.6818181818181817
"Our Blues, Our Life - Lim Young Woong","Our Blues, Our Life",Lim Young Woong,2025-05-10,49,46,3,56,56,0,0.0,39,2025-06-24,7,97,0.15555555555555556,2.817141829699502,2.681111111111111
Drama - aespa,Drama,aespa,2025-03-15,35,32,3,85,85,0,0.0,25,2025-05-24,7,212,0.1,3.267110781077225,2.67
Too Sad to Dance - Jung Kook,Too Sad to Dance,Jung Kook,2024-12-14,50,47,3,85,85,0,0.0,40,2025-03-17,7,100,0.07526881720430108,4.746642207381757,2.66505376344086
Beautiful Things - Benson Boone,Beautiful Things,Benson Boone,2025-03-02,28,26,2,99,100,1,1.0101010101010102,20,2025-03-06,6,60,1.5,1.9819126719750242,2.652525252525252
OMG - NewJeans,OMG,NewJeans,2025-07-24,50,42,8,80,80,0,0.0,41,2025-10-13,1,83,0.012345679012345678,3.507927529974865,2.6524691358024692
"Our Blues, Our Life - Lim Young Woong","Our Blues, Our Life",Lim Young Woong,2025-06-10,49,49,0,57,51,-6,-10.526315789473683,39,2025-06-24,10,66,0.7142857142857143,3.0057343155226155,2.642857142857143
Christmas Love - Jimin,Christmas Love,Jimin,2024-12-20,33,30,3,71,71,0,0.0,24,2024-12-25,6,9,1.2,8.788308995478026,2.6399999999999997
Holssi - IU,Holssi,IU,2025-03-02,24,33,-9,69,70,1,1.4492753623188406,25,2025-03-08,8,25,1.3333333333333333,2.6212112275281685,2.6289855072463766
Somebody - Jung Kook,Somebody,Jung Kook,2025-02-08,48,47,1,82,82,0,0.0,38,2025-03-03,9,31,0.391304347826087,3.628824513108725,2.628260869565217
Cruel Summer - Taylor Swift,Cruel Summer,Taylor Swift,2025-06-17,49,47,2,88,88,0,0.0,39,2025-08-15,8,94,0.13559322033898305,2.365492666561356,2.6271186440677967
Too Sad to Dance - Jung Kook,Too Sad to Dance,Jung Kook,2024-12-09,50,48,2,86,86,0,0.0,40,2025-03-17,8,105,0.08163265306122448,4.271760045262084,2.616326530612245
Seven (feat. Latto) (Explicit Ver.) - Jung Kook & Latto,Seven (feat. Latto) (Explicit Ver.),Jung Kook & Latto,2024-07-19,1,1,0,86,95,9,10.465116279069768,1,2024-07-19,0,108,0.0,0.0,2.616279069767442
My Love Mine All Mine - Mitski,My Love Mine All Mine,Mitski,2025-03-22,48,50,-2,96,96,0,0.0,41,2025-03-27,9,9,1.8,6.182412330330469,2.61
Rainbow - Lim Young Woong,Rainbow,Lim Young Woong,2025-06-07,49,50,-1,55,55,0,0.0,40,2025-06-26,10,67,0.5263157894736842,3.0181099389031183,2.6052631578947367
"Our Blues, Our Life - Lim Young Woong","Our Blues, Our Life",Lim Young Woong,2025-07-15,50,46,4,55,56,1,1.8181818181818181,43,2025-07-18,3,31,1.0,1.749635530559413,2.6045454545454545
Hype Boy - NewJeans,Hype Boy,NewJeans,2025-07-12,41,35,6,78,78,0,0.0,32,2025-07-25,3,94,0.23076923076923078,3.0431514873658014,2.596153846153846
Somebody - Jung Kook,Somebody,Jung Kook,2025-02-10,47,48,-1,82,82,0,0.0,38,2025-03-03,10,29,0.47619047619047616,3.759012837806343,2.5952380952380953
Not Like Us - Kendrick Lamar,Not Like Us,Kendrick Lamar,2025-06-22,44,47,-3,98,93,-5,-5.1020408163265305,37,2025-07-14,10,43,0.45454545454545453,2.8497532787944992,2.590909090909091
Somebody - Jung Kook,Somebody,Jung Kook,2025-02-02,48,48,0,82,82,0,0.0,38,2025-03-03,10,37,0.3448275862068966,3.5188381921057728,2.5689655172413794
Grain of Sand - Lim Young Woong,Grain of Sand,Lim Young Woong,2025-11-03,47,49,-2,58,58,0,0.0,40,2025-11-09,9,20,1.5,3.2054159415003682,2.55
My Love Mine All Mine - Mitski,My Love Mine All Mine,Mitski,2025-03-19,50,47,3,96,96,0,0.0,41,2025-03-27,6,12,0.75,4.882622246293481,2.55
Super Shy - NewJeans,Super Shy,NewJeans,2025-03-26,29,31,-2,85,85,0,0.0,21,2025-05-06,10,178,0.24390243902439024,2.9323937889262646,2.548780487804878
Sunflower - Spider-Man: Into the Spider-Verse - Post Malone,Sunflower - Spider-Man: Into the Spider-Verse,Post Malone,2024-07-07,32,50,-18,88,89,1,1.1363636363636365,45,2024-07-08,5,80,5.0,2.0024984394500787,2.534090909090909
Too Sad to Dance - Jung Kook,Too Sad to Dance,Jung Kook,2024-12-04,46,50,-4,86,86,0,0.0,40,2025-03-17,10,110,0.0970873786407767,4.112143263825109,2.5194174757281553
Promise - Jimin,Promise,Jimin,2024-06-28,45,42,3,77,77,0,0.0,36,2024-07-09,6,15,0.5454545454545454,6.356886030125127,2.509090909090909
Dance The Night (From Barbie The Album) - Dua Lipa,Dance The Night (From Barbie The Album),Dua Lipa,2024-07-30,41,50,-9,96,96,0,0.0,41,2024-08-06,9,13,1.2857142857142858,2.3392781412696997,2.507142857142857
Click Like (Prod. Crush) (Feat. Paul Blanco) - Various Artists,Click Like (Prod. Crush) (Feat. Paul Blanco),Various Artists,2024-09-13,41,48,-7,60,66,6,10.0,48,2024-09-13,0,1,0.0,0.0,2.5
My Love Mine All Mine - Mitski,My Love Mine All Mine,Mitski,2025-03-02,50,46,4,99,98,-1,-1.0101010101010102,41,2025-03-27,5,29,0.2,3.7305048809332315,2.49
Bling-Bang-Bang-Born - Creepy Nuts,Bling-Bang-Bang-Born,Creepy Nuts,2025-03-15,48,45,3,91,91,0,0.0,40,2025-03-18,5,16,1.6666666666666667,2.980378006432152,2.4833333333333334
Cruel Summer - Taylor Swift,Cruel Summer,Taylor Swift,2025-08-07,47,48,-1,93,92,-1,-1.0752688172043012,39,2025-08-15,9,43,1.125,2.558808316384797,2.475
Boom Boom Bass - RIIZE,Boom Boom Bass,RIIZE,2025-08-14,37,33,4,69,68,-1,-1.4492753623188406,29,2025-08-17,4,42,1.3333333333333333,3.6828582788245656,2.466666666666667
Dance The Night (From Barbie The Album) - Dua Lipa,Dance The Night (From Barbie The Album),Dua Lipa,2024-06-09,42,46,-4,86,90,4,4.651162790697675,41,2024-07-27,5,64,0.10416666666666667,3.1991209730174317,2.4336240310077524
Rainbow - Lim Young Woong,Rainbow,Lim Young Woong,2025-06-16,48,49,-1,51,50,-1,-1.9607843137254901,40,2025-06-26,9,58,0.9,3.161861817223565,2.43
Grain of Sand - Lim Young Woong,Grain of Sand,Lim Young Woong,2025-10-22,49,47,2,58,58,0,0.0,40,2025-11-09,7,32,0.3888888888888889,3.149990106830527,2.427777777777778
Lucky Girl Syndrome - ILLIT,Lucky Girl Syndrome,ILLIT,2025-06-02,45,43,2,78,77,-1,-1.282051282051282,39,2025-06-03,4,12,4.0,3.0590888662080453,2.4000000000000004
Hate You - Jung Kook,Hate You,Jung Kook,2025-03-11,43,47,-4,81,81,0,0.0,39,2025-03-15,8,20,2.0,2.990180006385608,2.4
Melt Down - DAY6,Melt Down,DAY6,2025-11-10,50,42,8,62,61,-1,-1.6129032258064515,42,2025-11-10,0,4,0.0,1.247219128924647,2.4
FIELD TRIP - ¥$ & Kanye West & Ty Dolla $ign,FIELD TRIP,¥$ & Kanye West & Ty Dolla $ign,2025-08-24,39,31,8,81,78,-3,-3.7037037037037033,31,2025-08-24,0,2,0.0,0.0,2.4
Cruel Summer - Taylor Swift,Cruel Summer,Taylor Swift,2025-08-14,46,41,5,93,93,0,0.0,39,2025-08-15,2,36,2.0,2.3211538298959886,2.4
EASY - LE SSERAFIM,EASY,LE SSERAFIM,2025-08-14,42,34,8,80,80,0,0.0,34,2025-08-14,0,18,0.0,4.33507778572473,2.4
My Love Mine All Mine - Mitski,My Love Mine All Mine,Mitski,2025-03-15,47,50,-3,97,96,-1,-1.0309278350515463,41,2025-03-27,9,16,0.75,4.633812924819281,2.4
Dangerously - Charlie Puth,Dangerously,Charlie Puth,2024-06-13,46,49,-3,63,64,1,1.5873015873015872,42,2024-06-19,7,19,1.1666666666666667,5.079916884709391,2.38015873015873
Seven (feat. Latto) (Instrumental) - Jung Kook & Latto,Seven (feat. Latto) (Instrumental),Jung Kook & Latto,2024-07-19,10,10,0,74,80,6,8.108108108108109,9,2024-07-21,1,19,0.5,7.896905160321423,2.3770270270270273
Taste - Sabrina Carpenter,Taste,Sabrina Carpenter,2025-09-20,48,47,1,95,96,1,1.0526315789473684,43,2025-09-21,4,10,4.0,4.031128874149275,2.363157894736842
Cruel Summer - Taylor Swift,Cruel Summer,Taylor Swift,2025-04-26,48,46,2,96,96,0,0.0,39,2025-08-15,7,146,0.06306306306306306,2.2407216099581255,2.3626126126126126
Let's Say Goodbye - Parc Jae Jung,Let's Say Goodbye,Parc Jae Jung,2024-07-30,39,38,1,53,53,0,0.0,30,2024-08-27,8,64,0.2857142857142857,3.549303400752482,2.3571428571428568
Do or Die - Lim Young Woong,Do or Die,Lim Young Woong,2025-11-03,49,45,4,60,59,-1,-1.6666666666666667,41,2025-11-09,4,17,0.6666666666666666,3.17274747350183,2.3333333333333335
Rainbow - Lim Young Woong,Rainbow,Lim Young Woong,2025-06-04,49,49,0,57,55,-2,-3.508771929824561,40,2025-06-26,9,70,0.4090909090909091,2.9885377736765113,2.331818181818182
3D (Justin Timberlake Remix) - Jung Kook & Justin Timberlake,3D (Justin Timberlake Remix),Jung Kook & Justin Timberlake,2024-12-03,28,38,-10,71,75,4,5.633802816901409,36,2024-12-04,2,3,2.0,6.0,2.3084507042253524
"Our Blues, Our Life - Lim Young Woong","Our Blues, Our Life",Lim Young Woong,2025-06-30,50,50,0,53,54,1,1.8867924528301887,43,2025-07-18,7,46,0.3888888888888889,1.8257418583505538,2.2994758909853252
Not Like Us - Kendrick Lamar,Not Like Us,Kendrick Lamar,2025-07-07,44,40,4,95,96,1,1.0526315789473684,37,2025-07-14,3,28,0.42857142857142855,2.8550029188543165,2.2988721804511276
Talk Saxy - RIIZE,Talk Saxy,RIIZE,2024-11-07,40,50,-10,65,67,2,3.076923076923077,44,2025-01-13,6,82,0.08955223880597014,2.576384113838776,2.287141216991963
OMG - NewJeans,OMG,NewJeans,2025-08-17,48,50,-2,80,80,0,0.0,41,2025-10-13,9,59,0.15789473684210525,3.3541019662496847,2.281578947368421
CARNIVAL - ¥$ & Kanye West & Ty Dolla $ign,CARNIVAL,¥$ & Kanye West & Ty Dolla $ign,2025-03-08,50,48,2,96,96,0,0.0,42,2025-03-15,6,13,0.8571428571428571,3.337497399083464,2.2714285714285714
Like Crazy - Jimin,Like Crazy,Jimin,2025-08-14,14,17,-3,85,84,-1,-1.1764705882352942,8,2025-11-23,9,106,0.0891089108910891,6.913448165173756,2.267821782178218
Love Letter - Lim Young Woong,Love Letter,Lim Young Woong,2024-12-23,43,49,-6,59,58,-1,-1.694915254237288,41,2024-12-29,8,47,1.3333333333333333,2.0245712852080286,2.2666666666666666
Love 119 - RIIZE,Love 119,RIIZE,2025-03-02,26,28,-2,73,72,-1,-1.36986301369863,20,2025-03-08,8,57,1.3333333333333333,3.7021103848717356,2.2666666666666666
Left and Right (Feat. Jung Kook of BTS) - Charlie Puth,Left and Right (Feat. Jung Kook of BTS),Charlie Puth,2024-12-28,22,42,-20,82,79,-3,-3.6585365853658534,33,2025-09-02,9,262,0.036290322580645164,4.400956833761446,2.257258064516129
Taste - Sabrina Carpenter,Taste,Sabrina Carpenter,2025-09-28,47,50,-3,96,96,0,0.0,45,2025-09-29,5,2,5.0,0.0,2.25
Teddy Bear - STAYC,Teddy Bear,STAYC,2024-05-21,47,47,0,74,74,0,0.0,42,2024-05-22,5,16,5.0,3.5790944881871867,2.25
Alone - Jimin,Alone,Jimin,2025-03-15,23,23,0,77,77,0,0.0,15,2025-03-22,8,128,1.1428571428571428,5.0433242270870275,2.2285714285714286
wherever u r (ft. V of BTS) - UMI & V,wherever u r (ft. V of BTS),UMI & V,2025-03-09,49,49,0,84,84,0,0.0,41,2025-03-16,8,8,1.1428571428571428,1.0,2.2285714285714286
Like Crazy (Instrumental) - Jimin,Like Crazy (Instrumental),Jimin,2024-06-14,47,49,-2,68,68,0,0.0,41,2024-06-21,8,9,1.1428571428571428,3.7416573867739413,2.2285714285714286
Mars - D.O.,Mars,D.O.,2025-05-18,48,47,1,65,70,5,7.6923076923076925,47,2025-05-18,0,1,0.0,0.0,2.223076923076923
Cupid - Twin Ver. - FIFTY FIFTY,Cupid - Twin Ver.,FIFTY FIFTY,2024-07-07,31,43,-12,99,99,0,0.0,36,2024-07-10,7,31,2.3333333333333335,3.807373602629508,2.216666666666667
VIBE (feat. Jimin of BTS) - TAEYANG,VIBE (feat. Jimin of BTS),TAEYANG,2024-10-26,49,50,-1,72,71,-1,-1.3888888888888888,43,2024-10-29,7,17,2.3333333333333335,3.6932370625238775,2.216666666666667
MANIAC - VIVIZ,MANIAC,VIVIZ,2025-02-03,46,48,-2,81,81,0,0.0,40,2025-02-11,8,26,1.0,3.370459909270543,2.2
Face-off - Jimin,Face-off,Jimin,2025-03-02,27,24,3,78,78,0,0.0,19,2025-03-22,5,141,0.25,4.55031979380807,2.1999999999999997
Dangerously - Charlie Puth,Dangerously,Charlie Puth,2024-07-01,50,44,6,64,65,1,1.5625,44,2024-07-01,0,1,0.0,0.0,2.190625
Alone - Jimin,Alone,Jimin,2025-07-01,26,50,-24,70,71,1,1.4285714285714286,43,2025-07-19,7,20,0.3888888888888889,7.0,2.184920634920635
ETA - NewJeans,ETA,NewJeans,2025-10-09,50,49,1,78,78,0,0.0,42,2025-10-21,7,28,0.5833333333333334,3.214121732666125,2.1666666666666665
Espresso - Sabrina Carpenter,Espresso,Sabrina Carpenter,2025-08-14,33,30,3,99,99,0,0.0,26,2025-08-17,4,59,1.3333333333333333,3.060041267120491,2.1666666666666665
For Us - V,For Us,V,2024-12-31,48,44,4,85,80,-5,-5.88235294117647,41,2025-01-03,3,10,1.0,3.010270485365348,2.15
T.B.H - QWER,T.B.H,QWER,2025-09-19,49,50,-1,60,60,0,0.0,42,2025-09-30,8,30,0.7272727272727273,2.8829194386586527,2.1454545454545455
Dangerously - Charlie Puth,Dangerously,Charlie Puth,2024-06-16,49,44,5,64,64,0,0.0,42,2024-06-19,2,16,0.6666666666666666,5.176871642217914,2.1333333333333333
vampire - Olivia Rodrigo,vampire,Olivia Rodrigo,2024-07-25,42,48,-6,98,98,0,0.0,42,2024-07-27,6,19,3.0,2.4717149916606487,2.1
Hype Boy - NewJeans,Hype Boy,NewJeans,2025-09-14,46,50,-4,79,79,0,0.0,44,2025-09-16,6,30,3.0,3.03315017762062,2.1
Love Letter - Lim Young Woong,Love Letter,Lim Young Woong,2024-12-28,47,43,4,58,56,-2,-3.4482758620689653,41,2024-12-29,2,42,2.0,1.9015970731391623,2.1
Alone - Jimin,Alone,Jimin,2025-07-19,50,43,7,71,71,0,0.0,43,2025-07-19,0,2,0.0,0.0,2.1
VIBE (feat. Jimin of BTS) - TAEYANG,VIBE (feat. Jimin of BTS),TAEYANG,2024-10-29,50,43,7,71,71,0,0.0,43,2024-10-29,0,14,0.0,3.177855476905576,2.1
Intro: Singularity - BTS,Intro: Singularity,BTS,2024-08-27,50,49,1,71,71,0,0.0,45,2024-08-28,4,2,4.0,0.0,2.1
Like Crazy (Instrumental) - Jimin,Like Crazy (Instrumental),Jimin,2024-06-21,48,41,7,68,68,0,0.0,41,2024-06-21,0,2,0.0,0.0,2.1
"Our Blues, Our Life - Lim Young Woong","Our Blues, Our Life",Lim Young Woong,2025-07-06,49,48,1,55,56,1,1.8181818181818181,43,2025-07-18,5,40,0.4166666666666667,1.882341594010824,2.087878787878788
"Our Blues, Our Life - Lim Young Woong","Our Blues, Our Life",Lim Young Woong,2025-05-16,47,46,1,56,56,0,0.0,39,2025-06-24,7,91,0.1794871794871795,2.847195065829417,2.0858974358974356
"If I’m S, Can You Be My N? - TWS","If I’m S, Can You Be My N?",TWS,2025-07-12,39,34,5,67,67,0,0.0,32,2025-07-17,2,12,0.4,2.860387767736777,2.08
CARNIVAL - ¥$ & Kanye West & Ty Dolla $ign,CARNIVAL,¥$ & Kanye West & Ty Dolla $ign,2025-03-15,48,42,6,96,97,1,1.0416666666666665,42,2025-03-15,0,6,0.0,2.0591260281974,2.0604166666666663
Who (Shibuyakei Remix) - Jimin,Who (Shibuyakei Remix),Jimin,2025-10-19,38,39,-1,65,65,0,0.0,31,2025-11-24,8,40,0.2222222222222222,5.575173694908084,2.0444444444444443
Love Always Run Away - Lim Young Woong,Love Always Run Away,Lim Young Woong,2025-02-12,50,46,4,59,59,0,0.0,43,2025-02-19,3,9,0.42857142857142855,1.5,2.0357142857142856
Somebody - Jung Kook,Somebody,Jung Kook,2025-02-26,45,45,0,81,81,0,0.0,38,2025-03-03,7,13,1.4,3.337034981706935,2.03
"Our Blues, Our Life - Lim Young Woong","Our Blues, Our Life",Lim Young Woong,2025-04-24,47,47,0,57,57,0,0.0,39,2025-06-24,8,113,0.13114754098360656,3.0129527402384615,2.0262295081967214
Somebody - Jung Kook,Somebody,Jung Kook,2024-12-16,43,46,-3,86,85,-1,-1.1627906976744187,38,2025-03-03,8,85,0.1038961038961039,3.1281182789245916,2.020779220779221
ETA - NewJeans,ETA,NewJeans,2025-07-24,49,50,-1,78,78,0,0.0,42,2025-10-21,8,105,0.0898876404494382,3.085584763595603,2.0179775280898875
greedy - Tate McRae,greedy,Tate McRae,2024-10-10,48,50,-2,95,96,1,1.0526315789473684,45,2024-10-12,5,4,2.5,2.6246692913372702,2.013157894736842
Pleasure Shop - KEY,Pleasure Shop,KEY,2025-09-29,50,48,2,54,57,3,5.555555555555555,48,2025-09-29,0,1,0.0,0.0,1.988888888888889
A bientot - Lim Young Woong,A bientot,Lim Young Woong,2025-07-18,45,48,-3,51,55,4,7.8431372549019605,48,2025-07-18,0,3,0.0,1.0,1.9607843137254901
Talk Saxy - RIIZE,Talk Saxy,RIIZE,2024-12-14,50,49,1,69,70,1,1.4492753623188406,44,2025-01-13,5,45,0.16666666666666666,2.569046515733026,1.9456521739130437
Rainbow - Lim Young Woong,Rainbow,Lim Young Woong,2025-06-30,49,46,3,54,54,0,0.0,42,2025-07-18,4,44,0.2222222222222222,2.86788526076037,1.9444444444444444
Discord - QWER,Discord,QWER,2024-12-15,49,44,5,58,59,1,1.7241379310344827,44,2024-12-15,0,2,0.0,0.0,1.9310344827586206
we can't be friends (wait for your love) - Ariana Grande,we can't be friends (wait for your love),Ariana Grande,2025-03-15,17,18,-1,87,89,2,2.2988505747126435,15,2025-03-16,3,58,3.0,2.2864314105263084,1.924712643678161
You Were Beautiful - DAY6,You Were Beautiful,DAY6,2025-11-02,43,42,1,64,64,0,0.0,36,2025-11-12,6,25,0.6,4.757848159995588,1.92
Like That - Future & Metro Boomin,Like That,Future & Metro Boomin,2025-03-29,48,46,2,87,90,3,3.4482758620689653,45,2025-03-30,1,3,1.0,0.5,1.9120689655172411
A bientot - Lim Young Woong,A bientot,Lim Young Woong,2025-04-05,47,46,1,56,56,0,0.0,40,2025-04-17,6,107,0.5,2.667133292507144,1.9000000000000001
New Jeans - NewJeans,New Jeans,NewJeans,2025-08-11,45,50,-5,78,78,0,0.0,44,2025-08-14,6,72,2.0,3.6421567954234177,1.9
T.B.H - QWER,T.B.H,QWER,2025-07-12,37,37,0,62,62,0,0.0,31,2025-07-15,6,99,2.0,2.666121624838304,1.9
FRI(END)S - V,FRI(END)S,V,2025-06-28,48,48,0,87,88,1,1.1494252873563218,43,2025-07-01,5,25,1.6666666666666667,2.5848482437491946,1.8706896551724137
Too Sad to Dance - Jung Kook,Too Sad to Dance,Jung Kook,2024-12-23,47,45,2,85,83,-2,-2.3529411764705883,40,2025-03-17,5,91,0.05952380952380952,5.571355310873648,1.861904761904762
Cruel Summer - Taylor Swift,Cruel Summer,Taylor Swift,2025-03-02,31,31,0,100,99,-1,-1.0,24,2025-03-15,7,201,0.5384615384615384,2.473307919793996,1.8576923076923078
Somebody - Jung Kook,Somebody,Jung Kook,2025-02-17,41,45,-4,81,81,0,0.0,38,2025-03-03,7,22,0.5,3.170173496829472,1.85
Shopper - IU,Shopper,IU,2025-03-02,30,42,-12,72,73,1,1.3888888888888888,37,2025-03-06,5,9,1.25,5.02338282435253,1.8472222222222223
Love Me Again - V,Love Me Again,V,2025-03-15,18,17,1,89,89,0,0.0,11,2025-04-11,6,258,0.2222222222222222,2.8591786145333242,1.8444444444444446
Interlude : Showtime - Jimin,Interlude : Showtime,Jimin,2025-08-14,13,15,-2,77,77,0,0.0,8,2025-08-29,7,106,0.4666666666666667,3.2433570693596288,1.8433333333333333
Hype Boy - NewJeans,Hype Boy,NewJeans,2025-08-14,40,36,4,79,79,0,0.0,34,2025-08-17,2,61,0.6666666666666666,2.686149776976264,1.8333333333333333
Alone - Jimin,Alone,Jimin,2025-03-02,22,22,0,78,78,0,0.0,15,2025-03-22,7,141,0.35,4.875879696555583,1.82
Kill Bill - SZA,Kill Bill,SZA,2024-06-11,49,49,0,94,94,0,0.0,42,2024-07-02,7,24,0.3333333333333333,2.094636006565341,1.8166666666666667
3D (feat. Jack Harlow) - Jung Kook,3D (feat. Jack Harlow),Jung Kook,2025-07-12,11,10,1,78,78,0,0.0,4,2025-09-28,6,139,0.07692307692307693,1.5016640564594859,1.8153846153846154
VIBE (feat. Jimin of BTS) - TAEYANG,VIBE (feat. Jimin of BTS),TAEYANG,2024-07-20,50,49,1,72,72,0,0.0,43,2024-10-29,6,115,0.0594059405940594,3.551277269931747,1.811881188118812
NEMONEMO - YENA,NEMONEMO,YENA,2025-11-01,50,48,2,69,69,0,0.0,44,2025-11-05,4,12,1.0,3.059411708155671,1.8
SOS - KANGDANIEL,SOS,KANGDANIEL,2024-08-31,45,49,-4,72,70,-2,-2.7777777777777777,45,2024-09-01,4,3,4.0,2.0,1.8
Rainbow - Lim Young Woong,Rainbow,Lim Young Woong,2025-03-02,33,35,-2,61,60,-1,-1.639344262295082,31,2025-03-03,4,164,4.0,2.913208540424115,1.8
Hate You - Jung Kook,Hate You,Jung Kook,2025-03-02,35,37,-2,83,82,-1,-1.2048192771084338,33,2025-03-03,4,29,4.0,4.1182520563948,1.8
If We Ever Meet Again - Lim Young Woong,If We Ever Meet Again,Lim Young Woong,2025-10-07,48,50,-2,55,55,0,0.0,46,2025-10-08,4,5,4.0,2.165063509461097,1.8
Bam Yang Gang - BIBI,Bam Yang Gang,BIBI,2025-05-05,45,47,-2,76,76,0,0.0,43,2025-05-06,4,3,4.0,4.5,1.8
Yes or No - Jung Kook,Yes or No,Jung Kook,2025-03-02,23,25,-2,87,86,-1,-1.1494252873563218,21,2025-03-03,4,68,4.0,2.908623621798935,1.8
Welcome to the Show - DAY6,Welcome to the Show,DAY6,2025-11-21,38,47,-9,59,59,0,0.0,43,2025-11-22,4,6,4.0,4.127953488110059,1.8
Boom Boom Bass - RIIZE,Boom Boom Bass,RIIZE,2025-09-20,48,48,0,67,67,0,0.0,44,2025-09-21,4,5,4.0,2.6246692913372702,1.8
踊り子 - Vaundy,踊り子,Vaundy,2025-09-25,50,44,6,71,71,0,0.0,44,2025-09-25,0,2,0.0,0.0,1.7999999999999998
"Yes or No (Feat. 허윤진 of LE SSERAFIM, Crush) - GroovyRoom & HUH YUNJIN","Yes or No (Feat. 허윤진 of LE SSERAFIM, Crush)",GroovyRoom & HUH YUNJIN,2025-03-26,47,41,6,71,70,-1,-1.4084507042253522,41,2025-03-26,0,2,0.0,0.0,1.7999999999999998
Right Now - NewJeans,Right Now,NewJeans,2025-08-14,44,38,6,77,77,0,0.0,38,2025-08-14,0,6,0.0,2.638181191654584,1.7999999999999998
T.B.H - QWER,T.B.H,QWER,2025-08-14,45,39,6,61,61,0,0.0,39,2025-08-14,0,66,0.0,2.6569101598723917,1.7999999999999998
踊り子 - Vaundy,踊り子,Vaundy,2025-08-14,32,29,3,71,71,0,0.0,27,2025-08-15,2,44,2.0,2.9557514085345766,1.7999999999999998
New Jeans - NewJeans,New Jeans,NewJeans,2025-10-21,50,44,6,78,76,-2,-2.564102564102564,44,2025-10-21,0,1,0.0,0.0,1.7999999999999998
"Angel Pt. 2 (feat. Jimin of BTS, Charlie Puth and Muni Long) - Fast & Furious: The Fast Saga & Jimin & BTS","Angel Pt. 2 (feat. Jimin of BTS, Charlie Puth and Muni Long)",Fast & Furious: The Fast Saga & Jimin & BTS,2024-11-03,50,44,6,72,69,-3,-4.166666666666666,44,2024-11-03,0,2,0.0,0.0,1.7999999999999998
Armageddon - aespa,Armageddon,aespa,2025-08-14,19,16,3,78,78,0,0.0,14,2025-08-15,2,106,2.0,3.6839923056323665,1.7999999999999998
New Jeans - NewJeans,New Jeans,NewJeans,2025-08-14,50,44,6,78,78,0,0.0,44,2025-08-14,0,69,0.0,3.521363372331802,1.7999999999999998
Talk Saxy - RIIZE,Talk Saxy,RIIZE,2025-01-12,49,46,3,70,70,0,0.0,44,2025-01-13,2,16,2.0,2.7701027756664733,1.7999999999999998
Lovely Touch - Lim Young Woong,Lovely Touch,Lim Young Woong,2025-02-19,50,44,6,58,58,0,0.0,44,2025-02-19,0,2,0.0,0.0,1.7999999999999998
Broken Melodies - NCT DREAM,Broken Melodies,NCT DREAM,2024-07-20,50,44,6,72,56,-16,-22.22222222222222,44,2024-07-20,0,2,0.0,0.0,1.7999999999999998
Hype Boy - NewJeans,Hype Boy,NewJeans,2025-09-16,50,44,6,79,79,0,0.0,44,2025-09-16,0,28,0.0,2.4037008503093262,1.7999999999999998
Standing Next to You - Jung Kook,Standing Next to You,Jung Kook,2025-07-12,12,12,0,89,89,0,0.0,5,2025-08-17,7,139,0.19444444444444445,1.2753059408186767,1.788888888888889
Love Me Again - V,Love Me Again,V,2025-03-02,18,18,0,91,90,-1,-1.098901098901099,11,2025-04-11,7,271,0.175,2.7987932799414335,1.785
Please Please Please - Sabrina Carpenter,Please Please Please,Sabrina Carpenter,2025-07-12,34,40,-6,98,98,0,0.0,33,2025-08-24,7,52,0.16279069767441862,4.508479664907993,1.7825581395348837
Love Me Again - V,Love Me Again,V,2025-08-14,26,31,-5,87,87,0,0.0,24,2025-10-17,7,106,0.109375,3.7665914145754833,1.771875
Too Sad to Dance - Jung Kook,Too Sad to Dance,Jung Kook,2024-12-16,47,47,0,85,85,0,0.0,40,2025-03-17,7,98,0.07692307692307693,5.120763831912405,1.7653846153846153
Haegeum - Agust D,Haegeum,Agust D,2024-10-16,50,47,3,83,84,1,1.2048192771084338,45,2024-10-23,2,10,0.2857142857142857,2.7856776554368237,1.7583476764199655
Not Like Us - Kendrick Lamar,Not Like Us,Kendrick Lamar,2025-07-12,40,42,-2,96,96,0,0.0,37,2025-07-14,5,23,2.5,2.5548972582082436,1.75
vampire - Olivia Rodrigo,vampire,Olivia Rodrigo,2024-07-31,42,48,-6,99,98,-1,-1.0101010101010102,42,2024-08-06,6,13,1.0,1.8633899812498245,1.7
アイドル - YOASOBI,アイドル,YOASOBI,2024-09-22,45,48,-3,88,86,-2,-2.272727272727273,42,2024-09-28,6,15,1.0,1.562049935181331,1.7
Trust in me - Lim Young Woong,Trust in me,Lim Young Woong,2024-11-29,47,48,-1,58,58,0,0.0,42,2024-12-05,6,10,1.0,1.2570787221094177,1.7
Smart - LE SSERAFIM,Smart,LE SSERAFIM,2025-03-02,14,12,2,83,84,1,1.2048192771084338,9,2025-03-15,3,111,0.23076923076923078,2.3359999569263086,1.6973586654309547
CROOKED - G-DRAGON,CROOKED,G-DRAGON,2025-11-27,50,47,3,63,65,2,3.1746031746031744,47,2025-11-27,0,1,0.0,0.0,1.6936507936507934
アイドル - YOASOBI,アイドル,YOASOBI,2024-09-03,48,45,3,88,88,0,0.0,42,2024-09-28,3,34,0.12,1.7814470856604931,1.674
Attention - NewJeans,Attention,NewJeans,2025-06-01,48,50,-2,78,77,-1,-1.282051282051282,44,2025-06-08,6,29,0.8571428571428571,2.335727146259843,1.6714285714285715
Lucky Girl Syndrome - ILLIT,Lucky Girl Syndrome,ILLIT,2025-05-27,37,45,-8,78,78,0,0.0,39,2025-06-03,6,18,0.8571428571428571,2.664693550105965,1.6714285714285715
Face-off - Jimin,Face-off,Jimin,2025-03-15,24,25,-1,77,76,-1,-1.2987012987012987,19,2025-03-22,6,128,0.8571428571428571,4.608478406681762,1.6714285714285715
Interlude : Dive - Jimin,Interlude : Dive,Jimin,2025-06-05,43,41,2,85,82,-3,-3.5294117647058822,37,2025-06-19,4,25,0.2857142857142857,4.207424645234745,1.6571428571428573
Lovely Touch - Lim Young Woong,Lovely Touch,Lim Young Woong,2025-02-11,44,50,-6,58,58,0,0.0,44,2025-02-19,6,10,0.75,3.0,1.65
Somebody - Jung Kook,Somebody,Jung Kook,2025-03-02,43,39,4,81,81,0,0.0,38,2025-03-03,1,9,1.0,3.2360813064912666,1.65
Kill Bill - SZA,Kill Bill,SZA,2024-05-21,46,46,0,94,94,0,0.0,40,2024-05-29,6,45,0.75,2.2798026230355997,1.65
The Planet - BTS,The Planet,BTS,2024-07-02,48,44,4,88,87,-1,-1.1363636363636365,43,2024-07-03,1,15,1.0,1.699673171197595,1.65
Attention - NewJeans,Attention,NewJeans,2025-05-19,50,48,2,78,78,0,0.0,44,2025-06-08,4,42,0.2,2.313447820100235,1.6400000000000001
A bientot - Lim Young Woong,A bientot,Lim Young Woong,2025-04-24,49,49,0,57,56,-1,-1.7543859649122806,43,2025-05-07,6,88,0.46153846153846156,2.5708704751503917,1.5923076923076924
"Our Blues, Our Life - Lim Young Woong","Our Blues, Our Life",Lim Young Woong,2025-07-04,48,49,-1,55,55,0,0.0,43,2025-07-18,6,42,0.42857142857142855,1.848859796868452,1.5857142857142856
Impossible - RIIZE,Impossible,RIIZE,2025-06-18,46,49,-3,69,63,-6,-8.695652173913043,44,2025-06-21,5,4,1.6666666666666667,2.6246692913372702,1.5833333333333335
Talk Saxy - RIIZE,Talk Saxy,RIIZE,2025-01-10,48,49,-1,70,70,0,0.0,44,2025-01-13,5,18,1.6666666666666667,2.8284271247461903,1.5833333333333335
Polaroid - Lim Young Woong,Polaroid,Lim Young Woong,2025-07-12,30,29,1,58,58,0,0.0,24,2025-08-12,5,92,0.16129032258064516,3.0498735047640464,1.582258064516129
Standing Next to You - Jung Kook,Standing Next to You,Jung Kook,2025-08-14,10,9,1,90,90,0,0.0,5,2025-08-17,4,106,1.3333333333333333,1.3143547255863623,1.5666666666666667
FRI(END)S - V,FRI(END)S,V,2025-07-17,50,48,2,90,90,0,0.0,45,2025-07-20,3,6,1.0,2.277608394786075,1.55
Rainbow - Lim Young Woong,Rainbow,Lim Young Woong,2025-07-15,47,45,2,56,56,0,0.0,42,2025-07-18,3,29,1.0,3.212629398844658,1.55
Attention - NewJeans,Attention,NewJeans,2025-05-14,50,50,0,78,78,0,0.0,44,2025-06-08,6,47,0.24,2.2939534045447005,1.548
Don't Look Back In Anger - Remastered - Oasis,Don't Look Back In Anger - Remastered,Oasis,2025-09-03,49,45,4,77,78,1,1.2987012987012987,45,2025-09-03,0,1,0.0,0.0,1.5246753246753246
New Jeans - NewJeans,New Jeans,NewJeans,2025-08-18,49,50,-1,78,78,0,0.0,44,2025-10-21,6,65,0.09375,3.0,1.51875
"Angel Pt. 2 (feat. Jimin of BTS, Charlie Puth and Muni Long) - Fast & Furious: The Fast Saga & Jimin & BTS","Angel Pt. 2 (feat. Jimin of BTS, Charlie Puth and Muni Long)",Fast & Furious: The Fast Saga & Jimin & BTS,2024-08-24,47,50,-3,72,72,0,0.0,44,2024-11-03,6,73,0.08450704225352113,5.0,1.5169014084507042
Love Me Again - V,Love Me Again,V,2025-07-12,29,30,-1,87,87,0,0.0,24,2025-10-17,6,139,0.061855670103092786,3.6051892200221163,1.5123711340206185
ETA - NewJeans,ETA,NewJeans,2025-07-14,48,48,0,78,78,0,0.0,42,2025-10-21,6,115,0.06060606060606061,2.792052212182923,1.5121212121212122
ETA - NewJeans,ETA,NewJeans,2025-07-08,47,48,-1,78,78,0,0.0,42,2025-10-21,6,121,0.05714285714285714,2.703441094235271,1.5114285714285713
wherever u r (ft. V of BTS) - UMI & V,wherever u r (ft. V of BTS),UMI & V,2025-03-16,46,41,5,83,82,-1,-1.2048192771084338,41,2025-03-16,0,1,0.0,0.0,1.5
plot twist - TWS,plot twist,TWS,2025-06-02,48,46,2,75,74,-1,-1.3333333333333335,43,2025-06-06,3,16,0.75,2.1771072363040243,1.5
Haegeum - Agust D,Haegeum,Agust D,2024-10-23,50,45,5,84,84,0,0.0,45,2024-10-23,0,3,0.0,1.5,1.5
Love Letter - Lim Young Woong,Love Letter,Lim Young Woong,2025-01-07,44,46,-2,58,58,0,0.0,41,2025-01-11,5,32,1.25,1.9888888029148615,1.5
Hate You - Jung Kook,Hate You,Jung Kook,2025-03-15,44,39,5,80,80,0,0.0,39,2025-03-15,0,16,0.0,2.8464084064530395,1.5
A Psalm of Life - Lim Young Woong,A Psalm of Life,Lim Young Woong,2025-02-19,50,45,5,58,58,0,0.0,45,2025-02-19,0,9,0.0,0.4714045207910317,1.5
Too Sad to Dance - Jung Kook,Too Sad to Dance,Jung Kook,2025-03-17,45,40,5,83,78,-5,-6.024096385542169,40,2025-03-17,0,7,0.0,5.673402858955108,1.5
Cruel Summer - Taylor Swift,Cruel Summer,Taylor Swift,2025-03-15,29,24,5,98,98,0,0.0,24,2025-03-15,0,188,0.0,2.4300106015294887,1.5
Come back to me - RM,Come back to me,RM,2025-05-26,47,42,5,78,63,-15,-19.230769230769234,42,2025-05-26,0,1,0.0,0.0,1.5
A bientot - Lim Young Woong,A bientot,Lim Young Woong,2025-05-07,48,43,5,56,55,-1,-1.7857142857142856,43,2025-05-07,0,75,0.0,1.4142135623730951,1.5
Attention - NewJeans,Attention,NewJeans,2025-06-28,50,50,0,72,75,3,4.166666666666666,49,2025-06-29,1,2,1.0,0.0,1.4916666666666665
EASY - LE SSERAFIM,EASY,LE SSERAFIM,2025-08-24,50,47,3,80,79,-1,-1.25,45,2025-08-29,2,8,0.4,2.939387691339814,1.48
Intro: Singularity - BTS,Intro: Singularity,BTS,2024-08-21,45,49,-4,70,71,1,1.4285714285714286,45,2024-08-28,4,8,0.5714285714285714,3.082207001484488,1.4714285714285715
Slow Dancing - V,Slow Dancing,V,2025-05-02,49,48,1,83,83,0,0.0,44,2025-05-07,4,7,0.8,2.8284271247461903,1.46
Rainbow - Lim Young Woong,Rainbow,Lim Young Woong,2025-08-04,47,48,-1,56,56,0,0.0,43,2025-08-09,5,9,1.0,3.0230595245361753,1.45
Rainbow - Lim Young Woong,Rainbow,Lim Young Woong,2025-07-12,43,47,-4,55,55,0,0.0,42,2025-07-18,5,32,0.8333333333333334,3.082207001484488,1.4166666666666667
Super - SEVENTEEN,Super,SEVENTEEN,2024-07-31,48,49,-1,87,86,-1,-1.1494252873563218,44,2024-08-06,5,9,0.8333333333333334,1.5,1.4166666666666667
T.B.H - QWER,T.B.H,QWER,2025-08-25,47,44,3,61,60,-1,-1.639344262295082,42,2025-09-30,2,55,0.05555555555555555,2.733536577809454,1.411111111111111
Bubble Gum - NewJeans,Bubble Gum,NewJeans,2025-09-28,49,49,0,76,76,0,0.0,45,2025-09-30,4,17,2.0,2.6087459737497545,1.4
"Our Blues, Our Life - Lim Young Woong","Our Blues, Our Life",Lim Young Woong,2025-07-09,48,48,0,56,55,-1,-1.7857142857142856,43,2025-07-18,5,37,0.5555555555555556,1.996089927833914,1.3611111111111112
Kill Bill - SZA,Kill Bill,SZA,2024-06-23,47,47,0,94,94,0,0.0,42,2024-07-02,5,12,0.5555555555555556,2.004127971368055,1.3611111111111112
I Don’t Think That I Like Her - Charlie Puth,I Don’t Think That I Like Her,Charlie Puth,2024-06-18,49,49,0,73,73,0,0.0,46,2024-06-19,3,14,3.0,2.1354156504062622,1.35
HERO - Lim Young Woong,HERO,Lim Young Woong,2025-02-18,49,50,-1,58,58,0,0.0,47,2025-02-19,3,3,3.0,1.5,1.35
Talk Saxy - RIIZE,Talk Saxy,RIIZE,2025-01-17,44,50,-6,70,70,0,0.0,47,2025-01-18,3,11,3.0,1.7204650534085253,1.35
"Our Blues, Our Life - Lim Young Woong","Our Blues, Our Life",Lim Young Woong,2025-03-02,37,38,-1,60,60,0,0.0,35,2025-03-03,3,166,3.0,2.861350699178879,1.35
My You - Jung Kook,My You,Jung Kook,2024-08-10,50,50,0,85,84,-1,-1.1764705882352942,47,2024-08-11,3,53,3.0,1.4142135623730951,1.35
Fate - (G)I-DLE,Fate,(G)I-DLE,2025-03-15,14,14,0,68,68,0,0.0,9,2025-03-26,5,82,0.45454545454545453,3.086198668624919,1.3409090909090908
Steady - NCT WISH,Steady,NCT WISH,2025-10-02,37,48,-11,56,59,3,5.357142857142857,48,2025-10-02,0,1,0.0,0.0,1.3392857142857142
Girls Never Die - tripleS,Girls Never Die,tripleS,2025-06-24,42,50,-8,68,69,1,1.4705882352941175,47,2025-06-27,3,4,1.0,0.816496580927726,1.3176470588235294
Dangerously - Charlie Puth,Dangerously,Charlie Puth,2024-06-04,47,47,0,48,48,0,0.0,42,2024-06-19,5,28,0.3333333333333333,4.11407581781264,1.3166666666666667
Supernova - aespa,Supernova,aespa,2025-09-22,17,19,-2,75,75,0,0.0,14,2025-10-09,5,67,0.29411764705882354,2.888381144897637,1.3088235294117647
Set Me Free Pt.2 - Jimin,Set Me Free Pt.2,Jimin,2025-03-02,9,9,0,79,79,0,0.0,4,2025-03-19,5,144,0.29411764705882354,2.8807152598205996,1.3088235294117647
Do or Die - Lim Young Woong,Do or Die,Lim Young Woong,2025-10-22,43,46,-3,60,60,0,0.0,41,2025-11-09,5,29,0.2777777777777778,3.2210246816812815,1.3055555555555556
I Don’t Think That I Like Her - Charlie Puth,I Don’t Think That I Like Her,Charlie Puth,2024-06-16,47,49,-2,72,73,1,1.3888888888888888,46,2024-06-19,3,16,1.0,1.950783318453271,1.2972222222222223
Sticky - KISS OF LIFE,Sticky,KISS OF LIFE,2025-07-12,8,6,2,73,75,2,2.73972602739726,6,2025-07-12,0,102,0.0,3.058888740457439,1.284931506849315
Slow Dancing - V,Slow Dancing,V,2025-05-04,48,48,0,83,82,-1,-1.2048192771084338,44,2025-05-07,4,5,1.3333333333333333,3.265986323710904,1.2666666666666666
EASY - LE SSERAFIM,EASY,LE SSERAFIM,2025-08-26,47,49,-2,79,79,0,0.0,45,2025-08-29,4,6,1.3333333333333333,3.191786333700926,1.2666666666666666
New Jeans - NewJeans,New Jeans,NewJeans,2025-07-12,42,45,-3,77,77,0,0.0,41,2025-07-15,4,102,1.3333333333333333,2.926697038566779,1.2666666666666666
Haegeum - Agust D,Haegeum,Agust D,2024-10-20,47,49,-2,84,84,0,0.0,45,2024-10-23,4,6,1.3333333333333333,2.947456530637899,1.2666666666666666
OMG - NewJeans,OMG,NewJeans,2025-07-12,45,46,-1,79,79,0,0.0,41,2025-10-13,5,95,0.053763440860215055,3.4233037061386784,1.260752688172043
"Angel Pt. 2 (feat. Jimin of BTS, Charlie Puth and Muni Long) - Fast & Furious: The Fast Saga & Jimin & BTS","Angel Pt. 2 (feat. Jimin of BTS, Charlie Puth and Muni Long)",Fast & Furious: The Fast Saga & Jimin & BTS,2024-07-31,46,45,1,74,74,0,0.0,42,2024-08-03,3,97,1.0,2.563652482218832,1.25
Blue - V,Blue,V,2025-01-03,46,43,3,80,81,1,1.25,43,2025-01-03,0,9,0.0,1.5723301886761005,1.2125
My Starry Love - Lim Young Woong,My Starry Love,Lim Young Woong,2025-01-11,50,49,1,55,57,2,3.6363636363636362,49,2025-01-11,0,1,0.0,0.0,1.209090909090909
Small girl (feat. D.O.) - Lee Young Ji,Small girl (feat. D.O.),Lee Young Ji,2025-08-14,28,27,1,77,76,-1,-1.2987012987012987,25,2025-08-15,2,49,2.0,4.08476515423577,1.2000000000000002
Drama - aespa,Drama,aespa,2025-03-02,29,27,2,87,87,0,0.0,25,2025-03-06,2,225,0.5,3.148568094962564,1.2000000000000002
Super Shy - NewJeans,Super Shy,NewJeans,2025-08-14,36,35,1,81,81,0,0.0,33,2025-08-15,2,37,2.0,4.179841430026417,1.2000000000000002
Spicy - aespa,Spicy,aespa,2024-09-15,50,46,4,81,80,-1,-1.2345679012345678,46,2024-09-15,0,2,0.0,0.0,1.2
Slow Dancing - V,Slow Dancing,V,2025-05-07,48,44,4,82,82,0,0.0,44,2025-05-07,0,2,0.0,0.0,1.2
ABCD - NAYEON,ABCD,NAYEON,2025-07-12,48,44,4,67,67,0,0.0,44,2025-07-12,0,2,0.0,0.0,1.2
EASY - LE SSERAFIM,EASY,LE SSERAFIM,2025-08-29,49,45,4,79,79,0,0.0,45,2025-08-29,0,3,0.0,2.5,1.2
I Love You - Lim Young Woong,I Love You,Lim Young Woong,2025-03-09,50,46,4,57,57,0,0.0,46,2025-03-09,0,1,0.0,0.0,1.2
The Planet - BTS,The Planet,BTS,2024-06-22,46,42,4,88,88,0,0.0,42,2024-06-22,0,25,0.0,2.6246692913372702,1.2
To. X - TAEYEON,To. X,TAEYEON,2025-03-02,20,16,4,76,76,0,0.0,16,2025-03-02,0,67,0.0,2.5972207367791356,1.2
NEMONEMO - YENA,NEMONEMO,YENA,2025-11-05,48,44,4,69,69,0,0.0,44,2025-11-05,0,8,0.0,0.5,1.2
You & Me - JENNIE,You & Me,JENNIE,2024-12-28,50,46,4,81,77,-4,-4.938271604938271,46,2024-12-28,0,17,0.0,1.4316377952748747,1.2
Cruel Summer - Taylor Swift,Cruel Summer,Taylor Swift,2025-08-31,47,43,4,92,92,0,0.0,43,2025-08-31,0,19,0.0,0.0,1.2
Teddy Bear - STAYC,Teddy Bear,STAYC,2024-05-29,49,45,4,74,74,0,0.0,45,2024-05-29,0,8,0.0,2.165063509461097,1.2
Bling-Bang-Bang-Born - Creepy Nuts,Bling-Bang-Bang-Born,Creepy Nuts,2025-03-26,46,42,4,90,90,0,0.0,42,2025-03-26,0,5,0.0,3.3541019662496847,1.2
Nest - Lim Young Woong,Nest,Lim Young Woong,2024-12-11,50,46,4,59,59,0,0.0,46,2024-12-11,0,32,0.0,1.761261143705422,1.2
VIBE (feat. Jimin of BTS) - TAEYANG,VIBE (feat. Jimin of BTS),TAEYANG,2024-11-04,48,45,3,71,71,0,0.0,44,2024-11-11,1,8,0.14285714285714285,2.8499910490371434,1.1785714285714284
Yes or No - Jung Kook,Yes or No,Jung Kook,2025-03-15,30,27,3,85,84,-1,-1.1764705882352942,26,2025-03-22,1,55,0.14285714285714285,2.98238616524597,1.1785714285714284
euphoria - Kendrick Lamar,euphoria,Kendrick Lamar,2025-05-06,42,50,-8,85,89,4,4.705882352941177,50,2025-05-06,0,1,0.0,0.0,1.1764705882352942
plot twist - TWS,plot twist,TWS,2025-03-26,15,13,2,77,77,0,0.0,11,2025-04-01,2,84,0.3333333333333333,3.043506749349069,1.1666666666666667
I Love You - Lim Young Woong,I Love You,Lim Young Woong,2025-03-04,49,50,-1,58,57,-1,-1.7241379310344827,46,2025-03-09,4,6,0.8,2.0,1.1600000000000001
Slow Dancing - V,Slow Dancing,V,2024-09-17,5,6,-1,89,91,2,2.247191011235955,4,2024-09-22,2,234,0.4,2.6617117764725453,1.1417977528089889
I Love You - Lim Young Woong,I Love You,Lim Young Woong,2025-02-26,50,48,2,58,58,0,0.0,46,2025-03-09,2,12,0.18181818181818182,1.8547236990991407,1.1363636363636365
Get A Guitar - RIIZE,Get A Guitar,RIIZE,2025-03-02,34,36,-2,72,72,0,0.0,32,2025-03-08,4,54,0.6666666666666666,2.890378126523538,1.1333333333333333
Cruel Summer - Taylor Swift,Cruel Summer,Taylor Swift,2025-08-25,47,47,0,92,92,0,0.0,43,2025-08-31,4,25,0.6666666666666666,3.570714214271425,1.1333333333333333
Bubble Gum - NewJeans,Bubble Gum,NewJeans,2025-09-23,42,49,-7,77,76,-1,-1.2987012987012987,45,2025-09-30,4,22,0.5714285714285714,2.0712315177207983,1.1142857142857143
Smart - LE SSERAFIM,Smart,LE SSERAFIM,2025-05-27,36,39,-3,80,80,0,0.0,35,2025-06-03,4,25,0.5714285714285714,2.8695600708122493,1.1142857142857143
You & Me - JENNIE,You & Me,JENNIE,2024-11-21,50,48,2,83,83,0,0.0,46,2024-12-28,2,54,0.05405405405405406,1.5524085477634344,1.1108108108108108
Home - Lim Young Woong,Home,Lim Young Woong,2025-08-14,18,20,-2,65,65,0,0.0,16,2025-08-22,4,101,0.5,3.2447331701397517,1.1
A Psalm of Life - Lim Young Woong,A Psalm of Life,Lim Young Woong,2025-02-11,45,49,-4,59,58,-1,-1.694915254237288,45,2025-02-19,4,17,0.5,2.244994432064365,1.1
Warmth - Lim Young Woong,Warmth,Lim Young Woong,2025-08-14,17,19,-2,66,65,-1,-1.5151515151515151,15,2025-08-22,4,103,0.5,3.135045287488244,1.1
Get A Guitar - RIIZE,Get A Guitar,RIIZE,2025-03-26,45,44,1,68,68,0,0.0,41,2025-04-08,3,30,0.23076923076923078,3.225270045113328,1.0961538461538463
VIBE (feat. Jimin of BTS) - TAEYANG,VIBE (feat. Jimin of BTS),TAEYANG,2024-11-02,43,48,-5,71,71,0,0.0,44,2024-11-11,4,10,0.4444444444444444,2.8284271247461903,1.0888888888888888
Rainbow - Lim Young Woong,Rainbow,Lim Young Woong,2025-07-29,44,47,-3,56,56,0,0.0,43,2025-08-09,4,15,0.36363636363636365,2.6457513110645907,1.0727272727272728
You & Me - JENNIE,You & Me,JENNIE,2024-12-15,50,50,0,82,81,-1,-1.2195121951219512,46,2024-12-28,4,30,0.3076923076923077,1.8257418583505538,1.0615384615384615
I Love You - Lim Young Woong,I Love You,Lim Young Woong,2025-02-23,42,50,-8,58,58,0,0.0,46,2025-03-09,4,15,0.2857142857142857,1.7950549357115015,1.0571428571428572
wherever u r (ft. V of BTS) - UMI & V,wherever u r (ft. V of BTS),UMI & V,2025-03-02,44,45,-1,86,86,0,0.0,41,2025-03-16,4,15,0.2857142857142857,2.7838821814150108,1.0571428571428572
Polaroid - Lim Young Woong,Polaroid,Lim Young Woong,2025-03-02,19,17,2,65,64,-1,-1.5384615384615385,16,2025-03-03,1,224,1.0,2.6538677652881693,1.05
Sunflower - Spider-Man: Into the Spider-Verse - Post Malone,Sunflower - Spider-Man: Into the Spider-Verse,Post Malone,2024-07-21,50,48,2,89,88,-1,-1.1235955056179776,47,2024-07-22,1,66,1.0,0.5,1.05
"Yes or No (Feat. 허윤진 of LE SSERAFIM, Crush) - GroovyRoom & HUH YUNJIN","Yes or No (Feat. 허윤진 of LE SSERAFIM, Crush)",GroovyRoom & HUH YUNJIN,2025-03-15,43,41,2,73,72,-1,-1.36986301369863,40,2025-03-16,1,13,1.0,3.08287726505694,1.05
Loving You - Lim Young Woong,Loving You,Lim Young Woong,2024-12-04,48,46,2,56,57,1,1.7857142857142856,46,2024-12-04,0,4,0.0,2.0,1.0464285714285713
In Bloom - ZEROBASEONE,In Bloom,ZEROBASEONE,2024-07-17,44,48,-4,73,76,3,4.10958904109589,48,2024-07-17,0,6,0.0,0.4714045207910317,1.0273972602739725
London Boy - Lim Young Woong,London Boy,Lim Young Woong,2025-07-12,24,26,-2,60,60,0,0.0,22,2025-08-12,4,131,0.12903225806451613,2.52830148862462,1.0258064516129033
Do or Die - Lim Young Woong,Do or Die,Lim Young Woong,2025-03-26,13,15,-2,68,67,-1,-1.4705882352941175,11,2025-05-07,4,239,0.09523809523809523,2.0074866410934833,1.019047619047619
Grain of Sand - Lim Young Woong,Grain of Sand,Lim Young Woong,2025-03-26,14,16,-2,66,66,0,0.0,12,2025-05-07,4,242,0.09523809523809523,2.2150780123222535,1.019047619047619
Closer Than This - Jimin,Closer Than This,Jimin,2025-03-15,7,8,-1,86,86,0,0.0,4,2025-07-18,4,258,0.032,1.2367782983385174,1.0064
A bientot - Lim Young Woong,A bientot,Lim Young Woong,2025-03-02,41,40,1,60,59,-1,-1.6666666666666667,38,2025-03-04,2,141,1.0,2.2632827882506943,1.0
You Were Beautiful - DAY6,You Were Beautiful,DAY6,2025-11-23,48,46,2,64,65,1,1.5625,46,2025-11-23,0,4,0.0,0.0,0.990625
Boom Boom Bass - RIIZE,Boom Boom Bass,RIIZE,2025-07-12,27,25,2,67,68,1,1.4925373134328357,25,2025-07-12,0,75,0.0,3.498859167374476,0.9731343283582089
Chk Chk Boom - Stray Kids,Chk Chk Boom,Stray Kids,2025-08-07,46,44,2,67,68,1,1.4925373134328357,44,2025-08-07,0,3,0.0,3.5,0.9731343283582089
Fate - (G)I-DLE,Fate,(G)I-DLE,2025-03-26,11,9,2,70,71,1,1.4285714285714286,9,2025-03-26,0,71,0.0,3.2579806429477887,0.9571428571428571
Blue - V,Blue,V,2024-12-31,46,46,0,85,80,-5,-5.88235294117647,43,2025-01-03,3,12,1.0,1.979486637221574,0.95
My You - Jung Kook,My You,Jung Kook,2024-07-31,49,50,-1,87,86,-1,-1.1494252873563218,47,2024-08-03,3,63,1.0,1.5634719199411433,0.95
Fate - (G)I-DLE,Fate,(G)I-DLE,2025-06-01,44,49,-5,74,74,0,0.0,46,2025-06-04,3,4,1.0,0.816496580927726,0.95
AK47 - Men's Tear & 뷰티풀너드,AK47,Men's Tear & 뷰티풀너드,2025-03-15,32,35,-3,51,52,1,1.9607843137254901,34,2025-03-16,1,13,1.0,4.199567077254945,0.9401960784313725
Blue - V,Blue,V,2025-01-07,48,50,-2,81,82,1,1.2345679012345678,48,2025-01-11,2,5,0.5,0.4714045207910317,0.908641975308642
To. X - TAEYEON,To. X,TAEYEON,2025-05-05,42,50,-8,76,75,-1,-1.3157894736842104,48,2025-05-06,2,3,2.0,2.0,0.9
I’ll See You There Tomorrow - TOMORROW X TOGETHER,I’ll See You There Tomorrow,TOMORROW X TOGETHER,2025-04-23,42,45,-3,78,78,0,0.0,43,2025-04-24,2,4,2.0,2.494438257849294,0.9
MANIAC - VIVIZ,MANIAC,VIVIZ,2025-02-14,47,49,-2,82,82,0,0.0,47,2025-02-15,2,15,2.0,1.479019945774904,0.9
My You - Jung Kook,My You,Jung Kook,2024-08-07,48,50,-2,85,85,0,0.0,47,2024-08-11,3,56,0.75,1.2,0.9
Baddie - IVE,Baddie,IVE,2025-01-05,50,50,0,82,80,-2,-2.4390243902439024,48,2025-01-06,2,18,2.0,1.5,0.9
Lovin On Me - Jack Harlow,Lovin On Me,Jack Harlow,2025-01-24,46,47,-1,99,99,0,0.0,45,2025-01-25,2,8,2.0,2.5071326821120348,0.9
Nest - Lim Young Woong,Nest,Lim Young Woong,2024-12-13,46,50,-4,59,59,0,0.0,48,2024-12-14,2,30,2.0,1.1547005383792515,0.9
"Our Blues, Our Life - Lim Young Woong","Our Blues, Our Life",Lim Young Woong,2025-08-05,48,49,-1,56,56,0,0.0,46,2025-08-09,3,10,0.75,1.9390719429665317,0.9
Love Letter - Lim Young Woong,Love Letter,Lim Young Woong,2025-01-18,44,48,-4,58,58,0,0.0,46,2025-01-19,2,21,2.0,1.6850834320114558,0.9
DASH - NMIXX,DASH,NMIXX,2025-03-02,42,43,-1,80,79,-1,-1.25,40,2025-03-06,3,11,0.75,2.4919871588754225,0.9
Set Me Free Pt.2 - Jimin,Set Me Free Pt.2,Jimin,2025-03-15,6,7,-1,78,78,0,0.0,4,2025-03-19,3,131,0.75,3.0057622882712716,0.9
we can't be friends (wait for your love) - Ariana Grande,we can't be friends (wait for your love),Ariana Grande,2025-03-26,19,19,0,93,93,0,0.0,17,2025-03-27,2,47,2.0,2.431277670508062,0.9
Sugarcoat (NATTY Solo) - KISS OF LIFE,Sugarcoat (NATTY Solo),KISS OF LIFE,2024-09-09,47,49,-2,74,74,0,0.0,46,2024-09-13,3,5,0.75,0.0,0.9
If We Ever Meet Again - Lim Young Woong,If We Ever Meet Again,Lim Young Woong,2025-10-01,43,48,-5,56,56,0,0.0,46,2025-10-02,2,11,2.0,1.852592444503674,0.9
Sugarcoat (NATTY Solo) - KISS OF LIFE,Sugarcoat (NATTY Solo),KISS OF LIFE,2024-09-13,49,46,3,74,74,0,0.0,46,2024-09-13,0,1,0.0,0.0,0.8999999999999999
Standing Next to You - Jung Kook,Standing Next to You,Jung Kook,2025-03-15,8,5,3,93,93,0,0.0,5,2025-03-15,0,258,0.0,1.1525956172714322,0.8999999999999999
OMG - NewJeans,OMG,NewJeans,2025-10-13,44,41,3,80,78,-2,-2.5,41,2025-10-13,0,2,0.0,0.0,0.8999999999999999
AK47 - Men's Tear & 뷰티풀너드,AK47,Men's Tear & 뷰티풀너드,2025-03-26,43,40,3,52,52,0,0.0,40,2025-03-26,0,2,0.0,0.0,0.8999999999999999
"Our Blues, Our Life - Lim Young Woong","Our Blues, Our Life",Lim Young Woong,2025-08-09,49,46,3,56,55,-1,-1.7857142857142856,46,2025-08-09,0,6,0.0,1.0,0.8999999999999999
Love Always Run Away - Lim Young Woong,Love Always Run Away,Lim Young Woong,2025-02-19,46,43,3,59,59,0,0.0,43,2025-02-19,0,2,0.0,0.0,0.8999999999999999
Teddy Bear - STAYC,Teddy Bear,STAYC,2024-06-05,49,46,3,74,73,-1,-1.3513513513513513,46,2024-06-05,0,1,0.0,0.0,0.8999999999999999
Klaxon - (G)I-DLE,Klaxon,(G)I-DLE,2025-08-15,48,45,3,75,75,0,0.0,45,2025-08-15,0,2,0.0,0.0,0.8999999999999999
Like Crazy (Deep House Remix) - Jimin,Like Crazy (Deep House Remix),Jimin,2024-07-09,49,46,3,71,71,0,0.0,46,2024-07-09,0,1,0.0,0.0,0.8999999999999999
My You - Jung Kook,My You,Jung Kook,2024-08-03,50,47,3,86,85,-1,-1.1627906976744187,47,2024-08-03,0,60,0.0,1.4142135623730951,0.8999999999999999
Father - Lim Young Woong,Father,Lim Young Woong,2025-01-22,42,42,0,59,59,0,0.0,39,2025-01-27,3,37,0.6,3.1701083225750355,0.87
T.B.H - QWER,T.B.H,QWER,2025-10-10,49,50,-1,59,59,0,0.0,47,2025-10-15,3,9,0.6,1.0897247358851685,0.87
Lilith (feat. SUGA of BTS) (Diablo IV Anthem) - Halsey & SUGA,Lilith (feat. SUGA of BTS) (Diablo IV Anthem),Halsey & SUGA,2024-08-25,46,50,-4,80,80,0,0.0,47,2024-08-30,3,20,0.6,1.0671873729054748,0.87
If We Ever Meet Again - Lim Young Woong,If We Ever Meet Again,Lim Young Woong,2025-03-26,26,24,2,60,59,-1,-1.6666666666666667,23,2025-05-07,1,200,0.023809523809523808,3.370290087111561,0.8547619047619047
Like Crazy (Deep House Remix) - Jimin,Like Crazy (Deep House Remix),Jimin,2024-07-03,39,49,-10,71,71,0,0.0,46,2024-07-09,3,7,0.5,0.0,0.85
Do or Die - Lim Young Woong,Do or Die,Lim Young Woong,2025-07-12,21,22,-1,62,62,0,0.0,19,2025-07-18,3,131,0.5,2.475804436943296,0.85
Sunflower - Spider-Man: Into the Spider-Verse - Post Malone,Sunflower - Spider-Man: Into the Spider-Verse,Post Malone,2024-07-16,49,50,-1,89,89,0,0.0,47,2024-07-22,3,71,0.5,0.816496580927726,0.85
If We Ever Meet Again - Lim Young Woong,If We Ever Meet Again,Lim Young Woong,2025-07-12,32,32,0,57,57,0,0.0,29,2025-07-18,3,92,0.5,3.3242278355250168,0.85
Hype Boy - NewJeans,Hype Boy,NewJeans,2025-09-07,47,46,1,79,79,0,0.0,44,2025-09-16,2,37,0.2222222222222222,2.7950849718747373,0.8444444444444444
Home - Lim Young Woong,Home,Lim Young Woong,2025-07-12,19,19,0,65,65,0,0.0,16,2025-07-19,3,134,0.42857142857142855,2.8512394921281876,0.8357142857142857
Sudden Shower - ECLIPSE,Sudden Shower,ECLIPSE,2025-07-12,36,38,-2,78,78,0,0.0,35,2025-07-20,3,22,0.375,3.672537044696922,0.825
FRI(END)S - V,FRI(END)S,V,2025-07-12,44,48,-4,89,89,0,0.0,45,2025-07-20,3,11,0.375,2.0303814862216996,0.825
Armageddon - aespa,Armageddon,aespa,2025-07-12,17,16,1,79,79,0,0.0,14,2025-08-15,2,139,0.058823529411764705,3.3310761274143132,0.8117647058823529
Like Crazy (English Version) - Jimin,Like Crazy (English Version),Jimin,2025-03-02,5,4,1,81,81,0,0.0,2,2025-05-09,2,144,0.029411764705882353,2.503670774470712,0.8058823529411765
Closer Than This - Jimin,Closer Than This,Jimin,2025-03-26,7,6,1,85,85,0,0.0,4,2025-07-18,2,247,0.017543859649122806,1.2451666835703923,0.8035087719298246
Standing Next to You - Jung Kook,Standing Next to You,Jung Kook,2025-03-03,8,8,0,95,95,0,0.0,5,2025-03-15,3,270,0.25,1.150380313853003,0.8
Candy (Feat. Zion.T) - Jay Park,Candy (Feat. Zion.T),Jay Park,2024-06-05,45,45,0,63,65,2,3.1746031746031744,45,2024-06-05,0,5,0.0,0.0,0.7936507936507936
Rebirth (Intro) - Jimin,Rebirth (Intro),Jimin,2025-08-14,9,10,-1,79,79,0,0.0,7,2025-08-28,3,106,0.21428571428571427,1.861021590563693,0.7928571428571428
Bam Yang Gang - BIBI,Bam Yang Gang,BIBI,2025-03-02,4,5,-1,74,75,1,1.3513513513513513,4,2025-03-03,1,67,1.0,2.176324628562772,0.7878378378378379
Hype Boy - NewJeans,Hype Boy,NewJeans,2025-08-31,44,47,-3,79,79,0,0.0,44,2025-09-16,3,44,0.1875,2.7275348516163835,0.7875
Face-off - Jimin,Face-off,Jimin,2025-03-26,24,25,-1,76,75,-1,-1.3157894736842104,22,2025-04-17,3,117,0.13636363636363635,4.747125121764121,0.7772727272727272
Alone - Jimin,Alone,Jimin,2025-03-26,21,23,-2,76,76,0,0.0,20,2025-04-17,3,117,0.13636363636363635,5.197561778132127,0.7772727272727272
Love Station - Lim Young Woong,Love Station,Lim Young Woong,2024-11-20,50,50,0,55,56,1,1.8181818181818181,49,2024-11-23,1,16,0.3333333333333333,0.816496580927726,0.7712121212121212
Warmth - Lim Young Woong,Warmth,Lim Young Woong,2025-07-12,18,18,0,65,65,0,0.0,15,2025-08-22,3,136,0.07317073170731707,2.7930174982556286,0.7646341463414634
Drama - aespa,Drama,aespa,2025-07-12,50,50,0,82,82,0,0.0,47,2025-10-12,3,93,0.03260869565217391,0.48989794855663565,0.7565217391304347
Nest - Lim Young Woong,Nest,Lim Young Woong,2025-01-03,50,49,1,55,56,1,1.8181818181818181,49,2025-01-03,0,9,0.0,0.0,0.7545454545454545
Closer Than This - Jimin,Closer Than This,Jimin,2025-03-02,7,7,0,89,89,0,0.0,4,2025-07-18,3,271,0.021739130434782608,1.2131154303818767,0.7543478260869565
Beautiful Things - Benson Boone,Beautiful Things,Benson Boone,2025-03-15,22,21,1,100,100,0,0.0,20,2025-03-16,1,47,1.0,1.8991876105974665,0.75
"Our Blues, Our Life - Lim Young Woong","Our Blues, Our Life",Lim Young Woong,2025-03-15,38,37,1,58,58,0,0.0,36,2025-03-16,1,153,1.0,3.019205709782167,0.75
Elevator - Lim Young Woong,Elevator,Lim Young Woong,2024-11-18,50,49,1,55,55,0,0.0,48,2024-11-19,1,21,1.0,0.82915619758885,0.75
Little Light - DOYOUNG,Little Light,DOYOUNG,2025-05-01,40,43,-3,67,69,2,2.9850746268656714,43,2025-05-01,0,4,0.0,2.0548046676563256,0.7462686567164178
3D (feat. Jack Harlow) - Jung Kook,3D (feat. Jack Harlow),Jung Kook,2025-03-15,5,6,-1,83,83,0,0.0,4,2025-03-17,2,258,1.0,1.6657824136609496,0.7
Cosmic - Red Velvet,Cosmic,Red Velvet,2025-07-12,31,31,0,72,72,0,0.0,29,2025-07-14,2,10,1.0,2.9228769862146455,0.7
Supernova - aespa,Supernova,aespa,2025-07-12,13,13,0,75,75,0,0.0,11,2025-07-14,2,139,1.0,2.3718792098585397,0.7
Small girl (feat. D.O.) - Lee Young Ji,Small girl (feat. D.O.),Lee Young Ji,2025-07-12,10,11,-1,75,76,1,1.3333333333333335,10,2025-07-14,1,82,0.5,3.2013789485278545,0.6833333333333333
Midas Touch - KISS OF LIFE,Midas Touch,KISS OF LIFE,2025-06-29,49,50,-1,75,77,2,2.666666666666667,50,2025-06-29,0,1,0.0,0.0,0.6666666666666667
Seven (feat. Latto) (Band Ver.) - Jung Kook & Latto,Seven (feat. Latto) (Band Ver.),Jung Kook & Latto,2024-07-27,16,34,-18,75,77,2,2.666666666666667,34,2024-07-27,0,10,0.0,2.756809750418044,0.6666666666666667
踊り子 - Vaundy,踊り子,Vaundy,2025-07-12,22,21,1,69,70,1,1.4492753623188406,21,2025-07-12,0,77,0.0,2.6354113781191133,0.6623188405797101
MILLION DOLLAR BABY - Tommy Richman,MILLION DOLLAR BABY,Tommy Richman,2025-07-12,25,24,1,94,94,0,0.0,23,2025-07-14,1,58,0.5,2.291213011588377,0.65
Right Now - NewJeans,Right Now,NewJeans,2025-07-12,16,17,-1,76,77,1,1.3157894736842104,16,2025-07-15,1,39,0.3333333333333333,2.692955396125654,0.6456140350877193
You & Me - JENNIE,You & Me,JENNIE,2025-01-04,48,47,1,78,79,1,1.282051282051282,47,2025-01-04,0,10,0.0,1.2,0.6205128205128205
"yes, and? - Ariana Grande","yes, and?",Ariana Grande,2025-03-15,25,29,-4,81,83,2,2.4691358024691357,29,2025-03-15,0,5,0.0,2.9154759474226504,0.6172839506172839
Closer to You (feat. Major Lazer) - Jung Kook,Closer to You (feat. Major Lazer),Jung Kook,2025-06-08,50,48,2,79,75,-4,-5.063291139240507,48,2025-06-08,0,1,0.0,0.0,0.6
Bubble Gum - NewJeans,Bubble Gum,NewJeans,2025-10-06,50,48,2,75,75,0,0.0,48,2025-10-06,0,9,0.0,0.0,0.6
T.B.H - QWER,T.B.H,QWER,2025-10-15,49,47,2,59,59,0,0.0,47,2025-10-15,0,4,0.0,1.0,0.6
Supernatural - NewJeans,Supernatural,NewJeans,2025-08-14,8,6,2,83,83,0,0.0,6,2025-08-14,0,106,0.0,2.070766177615975,0.6
Sweet Night - V,Sweet Night,V,2024-09-07,49,47,2,80,80,0,0.0,47,2024-09-07,0,2,0.0,0.0,0.6
Dreamers [Music from the FIFA World Cup Qatar 2022 Official Soundtrack] - Jung Kook & BTS,Dreamers [Music from the FIFA World Cup Qatar 2022 Official Soundtrack],Jung Kook & BTS,2024-11-20,30,28,2,82,80,-2,-2.4390243902439024,28,2024-11-20,0,1,0.0,0.0,0.6
Taste - Sabrina Carpenter,Taste,Sabrina Carpenter,2025-09-25,43,47,-4,96,96,0,0.0,45,2025-09-29,2,5,0.5,4.0,0.6
Bubble Gum - NewJeans,Bubble Gum,NewJeans,2025-10-02,45,50,-5,75,75,0,0.0,48,2025-10-06,2,13,0.5,1.632993161855452,0.6
Bite Me - ENHYPEN,Bite Me,ENHYPEN,2024-06-14,49,47,2,88,88,0,0.0,47,2024-06-14,0,5,0.0,1.479019945774904,0.6
Love wins all - IU,Love wins all,IU,2025-03-26,36,34,2,80,79,-1,-1.25,34,2025-03-26,0,28,0.0,3.376739087330457,0.6
MILLION DOLLAR BABY - Tommy Richman,MILLION DOLLAR BABY,Tommy Richman,2025-08-14,30,28,2,95,95,0,0.0,28,2025-08-14,0,25,0.0,2.412090756622109,0.6
Magnetic - ILLIT,Magnetic,ILLIT,2025-08-14,15,13,2,88,88,0,0.0,13,2025-08-14,0,106,0.0,2.7890944084142473,0.6
Bam Yang Gang - BIBI,Bam Yang Gang,BIBI,2025-03-26,16,14,2,77,77,0,0.0,14,2025-03-26,0,43,0.0,2.593407367316825,0.6
Cool With You - NewJeans,Cool With You,NewJeans,2024-10-19,50,48,2,85,85,0,0.0,48,2024-10-19,0,1,0.0,0.0,0.6
Love Letter - Lim Young Woong,Love Letter,Lim Young Woong,2025-01-27,50,48,2,58,58,0,0.0,48,2025-01-27,0,12,0.0,0.48989794855663565,0.6
MEOW - MEOVV,MEOW,MEOVV,2025-10-25,47,45,2,76,58,-18,-23.684210526315788,45,2025-10-25,0,2,0.0,0.0,0.6
A bientot - Lim Young Woong,A bientot,Lim Young Woong,2025-03-26,40,38,2,57,56,-1,-1.7543859649122806,38,2025-03-26,0,117,0.0,2.5382881188695783,0.6
Supernova - aespa,Supernova,aespa,2025-08-14,16,14,2,76,76,0,0.0,14,2025-08-14,0,106,0.0,2.648196327121962,0.6
Sweet Night - V,Sweet Night,V,2024-09-04,41,39,2,81,80,-1,-1.2345679012345678,39,2024-09-04,0,5,0.0,5.2493385826745405,0.6
bye - Ariana Grande,bye,Ariana Grande,2025-03-15,34,47,-13,85,87,2,2.3529411764705883,47,2025-03-15,0,1,0.0,0.0,0.5882352941176471
Teddy Bear - STAYC,Teddy Bear,STAYC,2024-05-31,45,48,-3,74,74,0,0.0,46,2024-06-05,2,6,0.4,1.699673171197595,0.5800000000000001
Love Letter - Lim Young Woong,Love Letter,Lim Young Woong,2025-01-22,50,50,0,58,58,0,0.0,48,2025-01-27,2,17,0.4,1.0,0.5800000000000001
Set Me Free Pt.2 - Jimin,Set Me Free Pt.2,Jimin,2025-07-12,7,9,-2,78,78,0,0.0,7,2025-07-17,2,12,0.4,9.119047362163903,0.5800000000000001
To. X - TAEYEON,To. X,TAEYEON,2025-03-26,22,21,1,75,75,0,0.0,20,2025-04-04,1,43,0.1111111111111111,3.0730938510196064,0.5722222222222223
LOVE DIVE - IVE,LOVE DIVE,IVE,2024-05-29,50,49,1,83,83,0,0.0,48,2024-06-19,1,22,0.047619047619047616,0.0,0.5595238095238095
My You - Jung Kook,My You,Jung Kook,2024-07-27,35,49,-14,88,87,-1,-1.1363636363636365,47,2024-08-03,2,67,0.2857142857142857,1.4658650451451907,0.5571428571428572
Espresso - Sabrina Carpenter,Espresso,Sabrina Carpenter,2025-07-12,28,27,1,99,99,0,0.0,26,2025-08-17,1,92,0.027777777777777776,2.881207737163594,0.5555555555555556
I Had Some Help (Feat. Morgan Wallen) - Post Malone & Morgan Wallen,I Had Some Help (Feat. Morgan Wallen),Post Malone & Morgan Wallen,2025-05-23,45,50,-5,93,95,2,2.1505376344086025,50,2025-05-23,0,1,0.0,0.0,0.5376344086021506
Standing Next to You - Jung Kook,Standing Next to You,Jung Kook,2025-03-26,6,7,-1,92,92,0,0.0,5,2025-04-06,2,247,0.18181818181818182,1.1336690830640084,0.5363636363636364
Slow Dance (feat. Sofia Carson) - Jimin,Slow Dance (feat. Sofia Carson),Jimin,2025-08-14,7,8,-1,80,80,0,0.0,6,2025-08-28,2,106,0.14285714285714285,1.6143910627234532,0.5285714285714286
Closer Than This - Jimin,Closer Than This,Jimin,2025-08-14,6,7,-1,78,78,0,0.0,5,2025-08-28,2,106,0.14285714285714285,1.6522094051201095,0.5285714285714286
3D (feat. Jack Harlow) - Jung Kook,3D (feat. Jack Harlow),Jung Kook,2025-03-02,6,6,0,85,85,0,0.0,4,2025-03-17,2,271,0.13333333333333333,1.6300927016787978,0.5266666666666666
Grain of Sand - Lim Young Woong,Grain of Sand,Lim Young Woong,2025-07-12,23,23,0,61,61,0,0.0,21,2025-08-07,2,134,0.07692307692307693,2.6328148172659986,0.5153846153846153
Like Crazy (English Version) - Jimin,Like Crazy (English Version),Jimin,2025-03-15,3,4,-1,79,79,0,0.0,2,2025-05-09,2,131,0.03636363636363636,2.6085327982172277,0.5072727272727273
Closer to You (feat. Major Lazer) - Jung Kook,Closer to You (feat. Major Lazer),Jung Kook,2025-03-16,48,50,-2,80,79,-1,-1.25,48,2025-06-08,2,85,0.023809523809523808,1.0,0.5047619047619047
Why? - PLAVE,Why?,PLAVE,2025-09-02,34,49,-15,54,55,1,1.8518518518518516,49,2025-09-02,0,2,0.0,0.0,0.4629629629629629
Elevator - Lim Young Woong,Elevator,Lim Young Woong,2024-11-22,49,50,-1,55,56,1,1.8181818181818181,50,2024-11-22,0,17,0.0,0.0,0.45454545454545453
Rainbow - Lim Young Woong,Rainbow,Lim Young Woong,2025-08-12,43,47,-4,55,56,1,1.8181818181818181,47,2025-08-12,0,1,0.0,0.0,0.45454545454545453
"Our Blues, Our Life - Lim Young Woong","Our Blues, Our Life",Lim Young Woong,2025-08-12,46,49,-3,55,56,1,1.8181818181818181,49,2025-08-12,0,3,0.0,0.0,0.45454545454545453
Grain of Sand - Lim Young Woong,Grain of Sand,Lim Young Woong,2025-03-02,13,13,0,69,69,0,0.0,12,2025-03-03,1,266,1.0,2.135981906401481,0.45
Hype Boy - NewJeans,Hype Boy,NewJeans,2025-09-23,50,50,0,79,79,0,0.0,49,2025-09-24,1,21,1.0,0.7071067811865476,0.45
If We Ever Meet Again - Lim Young Woong,If We Ever Meet Again,Lim Young Woong,2025-03-02,21,21,0,63,62,-1,-1.5873015873015872,20,2025-03-03,1,224,1.0,3.231283000967542,0.45
Fortnight (feat. Post Malone) - Taylor Swift,Fortnight (feat. Post Malone),Taylor Swift,2025-05-28,46,50,-4,95,95,0,0.0,49,2025-05-29,1,10,1.0,0.5773502691896257,0.45
MAESTRO - SEVENTEEN,MAESTRO,SEVENTEEN,2025-05-15,41,49,-8,81,81,0,0.0,48,2025-05-16,1,2,1.0,0.0,0.45
London Boy - Lim Young Woong,London Boy,Lim Young Woong,2025-03-02,15,15,0,67,66,-1,-1.4925373134328357,14,2025-03-03,1,263,1.0,2.0465696989594977,0.45
Do or Die - Lim Young Woong,Do or Die,Lim Young Woong,2025-03-02,11,11,0,71,70,-1,-1.4084507042253522,10,2025-03-03,1,263,1.0,1.9399137367734802,0.45
T.B.H - QWER,T.B.H,QWER,2025-10-17,47,48,-1,59,59,0,0.0,47,2025-10-18,1,2,1.0,0.0,0.45
we can't be friends (wait for your love) - Ariana Grande,we can't be friends (wait for your love),Ariana Grande,2025-05-08,46,50,-4,94,94,0,0.0,49,2025-05-09,1,4,1.0,0.9428090415820634,0.45
Not Like Us - Kendrick Lamar,Not Like Us,Kendrick Lamar,2025-07-31,46,47,-1,97,97,0,0.0,46,2025-08-01,1,4,1.0,1.699673171197595,0.45
Perfect Night - LE SSERAFIM,Perfect Night,LE SSERAFIM,2025-03-02,12,14,-2,90,90,0,0.0,13,2025-03-03,1,234,1.0,3.739754008160329,0.45
Yes or No - Jung Kook,Yes or No,Jung Kook,2025-03-26,28,28,0,83,83,0,0.0,27,2025-03-27,1,44,1.0,3.201536449027407,0.45
Nest - Lim Young Woong,Nest,Lim Young Woong,2025-01-11,49,50,-1,56,57,1,1.7857142857142856,50,2025-01-11,0,1,0.0,0.0,0.4464285714285714
Love Station - Lim Young Woong,Love Station,Lim Young Woong,2024-12-05,49,50,-1,56,57,1,1.7857142857142856,50,2024-12-05,0,1,0.0,0.0,0.4464285714285714
Drowning - WOODZ,Drowning,WOODZ,2025-11-19,49,49,0,60,61,1,1.6666666666666667,49,2025-11-19,0,4,0.0,0.0,0.4166666666666667
CROOKED - G-DRAGON,CROOKED,G-DRAGON,2025-11-09,40,47,-7,61,62,1,1.639344262295082,47,2025-11-09,0,19,0.0,3.0,0.4098360655737705
Candy (Feat. Zion.T) - Jay Park,Candy (Feat. Zion.T),Jay Park,2024-06-09,45,50,-5,65,66,1,1.5384615384615385,50,2024-06-09,0,1,0.0,0.0,0.38461538461538464
SPOT! - ZICO & JENNIE,SPOT!,ZICO & JENNIE,2025-07-12,33,36,-3,84,83,-1,-1.1904761904761905,35,2025-07-14,1,103,0.5,3.2550814975289875,0.35
Better Things - aespa,Better Things,aespa,2024-10-02,50,50,0,81,80,-1,-1.2345679012345678,49,2024-10-04,1,5,0.5,0.7071067811865476,0.35
I Don’t Think That I Like Her - Charlie Puth,I Don’t Think That I Like Her,Charlie Puth,2024-07-01,48,50,-2,73,74,1,1.36986301369863,50,2024-07-01,0,1,0.0,0.0,0.3424657534246575
Tick-Tack - ILLIT,Tick-Tack,ILLIT,2025-11-27,49,50,-1,73,74,1,1.36986301369863,50,2025-11-27,0,1,0.0,0.0,0.3424657534246575
Don't Look Back in Anger - Remastered - Oasis,Don't Look Back in Anger - Remastered,Oasis,2025-09-04,45,47,-2,74,75,1,1.3513513513513513,47,2025-09-04,0,1,0.0,0.0,0.33783783783783783
Seven (feat. Latto) (Summer Mix) - Jung Kook & Latto,Seven (feat. Latto) (Summer Mix),Jung Kook & Latto,2024-07-27,12,35,-23,76,77,1,1.3157894736842104,35,2024-07-27,0,2,0.0,0.0,0.3289473684210526
In Bloom - ZEROBASEONE,In Bloom,ZEROBASEONE,2024-07-22,49,50,-1,78,79,1,1.282051282051282,50,2024-07-22,0,1,0.0,0.0,0.3205128205128205
How Sweet - NewJeans,How Sweet,NewJeans,2025-08-14,12,12,0,83,83,0,0.0,11,2025-08-17,1,106,0.3333333333333333,3.0932007947209934,0.31666666666666665
Swan Song - LE SSERAFIM,Swan Song,LE SSERAFIM,2025-03-02,17,23,-6,79,80,1,1.2658227848101267,23,2025-03-02,0,15,0.0,1.790837957972741,0.31645569620253167
Baddie - IVE,Baddie,IVE,2025-01-22,48,49,-1,80,81,1,1.25,49,2025-01-22,0,1,0.0,0.0,0.3125
Supernatural - NewJeans,Supernatural,NewJeans,2025-07-12,4,4,0,81,82,1,1.2345679012345678,4,2025-07-12,0,139,0.0,1.95257862049663,0.30864197530864196
MANIAC - VIVIZ,MANIAC,VIVIZ,2025-02-28,49,50,-1,82,83,1,1.2195121951219512,50,2025-02-28,0,1,0.0,0.0,0.3048780487804878
Lilith (feat. SUGA of BTS) (Diablo IV Anthem) - Halsey & SUGA,Lilith (feat. SUGA of BTS) (Diablo IV Anthem),Halsey & SUGA,2024-08-30,48,47,1,80,79,-1,-1.25,47,2024-08-30,0,15,0.0,0.5,0.3
Blue - V,Blue,V,2025-01-11,49,48,1,82,82,0,0.0,48,2025-01-11,0,1,0.0,0.0,0.3
Love 119 - RIIZE,Love 119,RIIZE,2025-03-26,31,30,1,69,69,0,0.0,30,2025-03-26,0,33,0.0,4.4522154285504,0.3
Queencard - (G)I-DLE,Queencard,(G)I-DLE,2024-09-29,50,49,1,85,85,0,0.0,49,2024-09-29,0,1,0.0,0.0,0.3
Bubble Gum - NewJeans,Bubble Gum,NewJeans,2025-08-14,23,22,1,79,79,0,0.0,22,2025-08-14,0,62,0.0,2.799416848895061,0.3
"Our Blues, Our Life - Lim Young Woong","Our Blues, Our Life",Lim Young Woong,2025-03-26,38,37,1,57,57,0,0.0,37,2025-03-26,0,142,0.0,3.130920769933333,0.3
한 페이지가 될 수 있게 - DAY6,한 페이지가 될 수 있게,DAY6,2025-10-07,36,35,1,52,52,0,0.0,35,2025-10-07,0,1,0.0,0.0,0.3
You & Me - JENNIE,You & Me,JENNIE,2025-01-12,49,48,1,80,80,0,0.0,48,2025-01-12,0,2,0.0,0.0,0.3
Nest - Lim Young Woong,Nest,Lim Young Woong,2024-12-30,49,50,-1,58,55,-3,-5.172413793103448,49,2025-01-03,1,13,0.25,1.0,0.3
Beautiful Things - Benson Boone,Beautiful Things,Benson Boone,2025-03-26,23,22,1,100,100,0,0.0,22,2025-03-26,0,36,0.0,1.9683205313885526,0.3
Lucky Girl Syndrome - ILLIT,Lucky Girl Syndrome,ILLIT,2025-06-12,49,48,1,73,72,-1,-1.36986301369863,48,2025-06-12,0,2,0.0,0.0,0.3
Love Station - Lim Young Woong,Love Station,Lim Young Woong,2024-11-23,50,49,1,56,56,0,0.0,49,2024-11-23,0,13,0.0,0.0,0.3
Do or Die - Lim Young Woong,Do or Die,Lim Young Woong,2025-11-19,47,46,1,59,59,0,0.0,46,2025-11-19,0,1,0.0,0.0,0.3
Drama - aespa,Drama,aespa,2025-10-12,48,47,1,82,79,-3,-3.6585365853658534,47,2025-10-12,0,1,0.0,0.0,0.3
Cruel Summer - Taylor Swift,Cruel Summer,Taylor Swift,2025-03-26,30,29,1,97,97,0,0.0,29,2025-03-26,0,177,0.0,2.411900401039867,0.3
London Boy - Lim Young Woong,London Boy,Lim Young Woong,2025-11-13,50,49,1,57,57,0,0.0,49,2025-11-13,0,7,0.0,0.4714045207910317,0.3
Kitsch - IVE,Kitsch,IVE,2024-08-17,50,49,1,77,77,0,0.0,49,2024-08-17,0,3,0.0,0.0,0.3
LOVE DIVE - IVE,LOVE DIVE,IVE,2024-06-19,49,48,1,83,83,0,0.0,48,2024-06-19,0,1,0.0,0.0,0.3
EASY - LE SSERAFIM,EASY,LE SSERAFIM,2025-03-15,4,3,1,89,89,0,0.0,3,2025-03-15,0,170,0.0,3.4354026524978423,0.3
Set Me Free Pt.2 - Jimin,Set Me Free Pt.2,Jimin,2025-03-26,5,4,1,78,77,-1,-1.282051282051282,4,2025-03-26,0,120,0.0,3.1127431276607447,0.3
Talk Saxy - RIIZE,Talk Saxy,RIIZE,2025-01-27,50,49,1,70,70,0,0.0,49,2025-01-27,0,1,0.0,0.0,0.3
Smart - LE SSERAFIM,Smart,LE SSERAFIM,2025-03-15,10,9,1,87,87,0,0.0,9,2025-03-15,0,98,0.0,2.4126628086524753,0.3
Somebody - Jung Kook,Somebody,Jung Kook,2025-03-07,42,41,1,80,80,0,0.0,41,2025-03-07,0,4,0.0,3.5,0.3
I Don’t Think That I Like Her - Charlie Puth,I Don’t Think That I Like Her,Charlie Puth,2024-06-25,49,48,1,73,73,0,0.0,48,2024-06-25,0,7,0.0,1.0,0.3
How Sweet - NewJeans,How Sweet,NewJeans,2025-07-12,9,8,1,84,84,0,0.0,8,2025-07-12,0,139,0.0,2.7539053878416038,0.3
Holssi - IU,Holssi,IU,2025-03-26,49,48,1,70,70,0,0.0,48,2025-03-26,0,1,0.0,0.0,0.3
A bientot - Lim Young Woong,A bientot,Lim Young Woong,2025-03-15,39,38,1,58,57,-1,-1.7241379310344827,38,2025-03-15,0,128,0.0,2.4482241835445873,0.3
アイドル - YOASOBI,アイドル,YOASOBI,2024-10-06,45,44,1,86,30,-56,-65.11627906976744,44,2024-10-06,0,1,0.0,0.0,0.3
SHEESH - BABYMONSTER,SHEESH,BABYMONSTER,2025-07-04,47,50,-3,84,85,1,1.1904761904761905,50,2025-07-04,0,2,0.0,0.0,0.2976190476190476
My Love Mine All Mine - Mitski,My Love Mine All Mine,Mitski,2025-02-14,39,42,-3,99,99,0,0.0,41,2025-02-19,1,45,0.2,3.392966581359478,0.29000000000000004
London Boy - Lim Young Woong,London Boy,Lim Young Woong,2025-11-08,49,50,-1,57,57,0,0.0,49,2025-11-13,1,12,0.2,0.6324555320336759,0.29000000000000004
Queencard - (G)I-DLE,Queencard,(G)I-DLE,2024-09-24,43,50,-7,87,85,-2,-2.2988505747126435,49,2024-09-29,1,6,0.2,0.0,0.29000000000000004
Perfect Night - LE SSERAFIM,Perfect Night,LE SSERAFIM,2025-03-26,18,18,0,87,87,0,0.0,17,2025-03-31,1,210,0.2,4.017778537786549,0.29000000000000004
EASY - LE SSERAFIM,EASY,LE SSERAFIM,2025-03-02,3,3,0,87,88,1,1.1494252873563218,3,2025-03-02,0,183,0.0,3.280915675318521,0.28735632183908044
If We Ever Meet Again - Lim Young Woong,If We Ever Meet Again,Lim Young Woong,2025-08-14,31,32,-1,58,58,0,0.0,31,2025-08-20,1,59,0.16666666666666666,3.3620310157731157,0.2833333333333333
Like Crazy (English Version) - Jimin,Like Crazy (English Version),Jimin,2025-07-12,6,7,-1,74,74,0,0.0,6,2025-07-18,1,12,0.16666666666666666,8.071990138335677,0.2833333333333333
Closer Than This - Jimin,Closer Than This,Jimin,2025-07-12,5,5,0,85,85,0,0.0,4,2025-07-18,1,139,0.16666666666666666,1.466335974550354,0.2833333333333333
FRI(END)S - V,FRI(END)S,V,2025-03-26,9,10,-1,89,90,1,1.1235955056179776,10,2025-03-26,0,119,0.0,3.2093575137910393,0.2808988764044944
Never Let Go - Jung Kook,Never Let Go,Jung Kook,2025-07-12,20,20,0,90,90,0,0.0,19,2025-07-19,1,57,0.14285714285714285,3.149393225043582,0.2785714285714286
My Starry Love - Lim Young Woong,My Starry Love,Lim Young Woong,2025-01-03,48,50,-2,58,55,-3,-5.172413793103448,49,2025-01-11,1,9,0.125,0.0,0.275
Do or Die - Lim Young Woong,Do or Die,Lim Young Woong,2025-08-14,20,21,-1,63,63,0,0.0,20,2025-08-22,1,98,0.125,2.8021240324030128,0.275
Grain of Sand - Lim Young Woong,Grain of Sand,Lim Young Woong,2025-08-14,21,23,-2,61,61,0,0.0,22,2025-08-26,1,101,0.08333333333333333,2.991598753089181,0.26666666666666666
Seven (feat. Latto) (Explicit Ver.) - Jung Kook,Seven (feat. Latto) (Explicit Ver.),Jung Kook,2025-07-12,3,3,0,85,85,0,0.0,2,2025-07-25,1,139,0.07692307692307693,0.45184781140269087,0.2653846153846154
Be Mine - Jimin,Be Mine,Jimin,2025-08-14,3,3,0,82,82,0,0.0,2,2025-08-28,1,106,0.07142857142857142,0.5070031106364253,0.2642857142857143
Loving You - Lim Young Woong,Loving You,Lim Young Woong,2024-11-19,47,47,0,56,56,0,0.0,46,2024-12-04,1,19,0.06666666666666667,1.8929694486000912,0.2633333333333333
Love Me Again - V,Love Me Again,V,2025-03-26,12,12,0,88,88,0,0.0,11,2025-04-11,1,247,0.0625,2.9031063949024714,0.2625
LOVE DIVE - IVE,LOVE DIVE,IVE,2024-05-21,48,49,-1,83,83,0,0.0,48,2024-06-19,1,30,0.034482758620689655,0.9428090415820634,0.25689655172413794
Magnetic - ILLIT,Magnetic,ILLIT,2025-07-12,14,14,0,89,89,0,0.0,13,2025-08-14,1,139,0.030303030303030304,2.477755477073241,0.25606060606060604
London Boy - Lim Young Woong,London Boy,Lim Young Woong,2025-03-26,17,17,0,64,63,-1,-1.5625,16,2025-05-07,1,239,0.023809523809523808,2.11998908994754,0.25476190476190474
Polaroid - Lim Young Woong,Polaroid,Lim Young Woong,2025-03-26,20,20,0,61,61,0,0.0,19,2025-05-07,1,200,0.023809523809523808,2.784864286140507,0.25476190476190474
Like Crazy (English Version) - Jimin,Like Crazy (English Version),Jimin,2025-03-26,3,3,0,78,78,0,0.0,2,2025-05-09,1,120,0.022727272727272728,2.713519092641587,0.2545454545454545
3D (feat. Jack Harlow) - Jung Kook,3D (feat. Jack Harlow),Jung Kook,2025-08-14,5,5,0,79,79,0,0.0,4,2025-09-28,1,106,0.022222222222222223,1.5777937465258136,0.2544444444444444
Grain of Sand - Lim Young Woong,Grain of Sand,Lim Young Woong,2025-03-15,13,13,0,67,67,0,0.0,12,2025-05-07,1,253,0.018867924528301886,2.187405351504315,0.2537735849056604
Do or Die - Lim Young Woong,Do or Die,Lim Young Woong,2025-03-15,12,12,0,69,68,-1,-1.4492753623188406,11,2025-05-07,1,250,0.018867924528301886,1.983882077401838,0.2537735849056604
3D (feat. Jack Harlow) - Jung Kook,3D (feat. Jack Harlow),Jung Kook,2025-03-26,4,5,-1,82,82,0,0.0,4,2025-09-28,1,247,0.005376344086021506,1.6934513512859664,0.2510752688172043
ANTIFRAGILE - LE SSERAFIM,ANTIFRAGILE,LE SSERAFIM,2024-07-17,42,49,-7,79,79,0,0.0,49,2024-07-17,0,2,0.0,0.0,0.0
Super Shy - NewJeans,Super Shy,NewJeans,2025-09-19,49,49,0,81,81,0,0.0,49,2025-09-19,0,1,0.0,0.0,0.0
plot twist - TWS,plot twist,TWS,2025-03-02,10,10,0,78,78,0,0.0,10,2025-03-02,0,108,0.0,2.711790954653564,0.0
Swan Song - LE SSERAFIM,Swan Song,LE SSERAFIM,2025-03-15,42,44,-2,79,79,0,0.0,44,2025-03-15,0,2,0.0,0.0,0.0
Nice Guy - BOYNEXTDOOR,Nice Guy,BOYNEXTDOOR,2025-10-04,46,49,-3,70,70,0,0.0,49,2025-10-04,0,1,0.0,0.0,0.0
plot twist - TWS,plot twist,TWS,2025-03-15,11,11,0,78,78,0,0.0,11,2025-03-15,0,95,0.0,2.888133459328487,0.0
A bientot - Lim Young Woong,A bientot,Lim Young Woong,2025-04-19,40,43,-3,56,56,0,0.0,43,2025-04-19,0,93,0.0,2.6912925436591904,0.0
예뻤어 - DAY6,예뻤어,DAY6,2025-10-07,43,44,-1,49,49,0,0.0,44,2025-10-07,0,1,0.0,0.0,0.0
Super Shy - NewJeans,Super Shy,NewJeans,2025-08-24,47,49,-2,81,81,0,0.0,49,2025-08-24,0,27,0.0,0.0,0.0
A Psalm of Life - Lim Young Woong,A Psalm of Life,Lim Young Woong,2025-02-26,45,46,-1,58,58,0,0.0,46,2025-02-26,0,2,0.0,0.0,0.0
녹아내려요 Melt Down - DAY6,녹아내려요 Melt Down,DAY6,2025-10-07,30,40,-10,55,55,0,0.0,40,2025-10-07,0,1,0.0,0.0,0.0
Smeraldo Garden Marching Band (feat. Loco) - Jimin,Smeraldo Garden Marching Band (feat. Loco),Jimin,2025-08-14,4,4,0,80,80,0,0.0,4,2025-08-14,0,106,0.0,0.8425207830322466,0.0
Fate - (G)I-DLE,Fate,(G)I-DLE,2025-05-27,40,44,-4,75,74,-1,-1.3333333333333335,44,2025-05-27,0,9,0.0,2.692582403567252,0.0
Thirsty - aespa,Thirsty,aespa,2024-07-04,49,50,-1,77,77,0,0.0,50,2024-07-04,0,1,0.0,0.0,0.0
The Planet - BTS,The Planet,BTS,2024-07-16,43,46,-3,87,86,-1,-1.1494252873563218,46,2024-07-16,0,1,0.0,0.0,0.0
That's What I Like - Bruno Mars,That's What I Like,Bruno Mars,2025-11-11,43,45,-2,87,87,0,0.0,45,2025-11-11,0,2,0.0,0.0,0.0
Holssi - IU,Holssi,IU,2025-03-15,28,30,-2,71,71,0,0.0,30,2025-03-15,0,12,0.0,1.9436506316151,0.0
Hate You - Jung Kook,Hate You,Jung Kook,2025-03-26,42,45,-3,79,79,0,0.0,45,2025-03-26,0,5,0.0,1.6583123951777,0.0
Stay Alive (Prod. SUGA of BTS) - Jung Kook,Stay Alive (Prod. SUGA of BTS),Jung Kook,2024-08-12,36,49,-13,83,80,-3,-3.614457831325301,49,2024-08-12,0,1,0.0,0.0,0.0
Sunflower - Spider-Man: Into the Spider-Verse - Post Malone,Sunflower - Spider-Man: Into the Spider-Verse,Post Malone,2024-09-24,47,47,0,88,85,-3,-3.4090909090909087,47,2024-09-24,0,1,0.0,0.0,0.0
Somebody - Jung Kook,Somebody,Jung Kook,2025-03-10,42,50,-8,80,79,-1,-1.25,50,2025-03-10,0,1,0.0,0.0,0.0
"How can I love the heartbreak, you're the one I love - AKMU","How can I love the heartbreak, you're the one I love",AKMU,2025-11-18,48,49,-1,62,62,0,0.0,49,2025-11-18,0,1,0.0,0.0,0.0
Super Lady - (G)I-DLE,Super Lady,(G)I-DLE,2025-02-15,45,48,-3,81,81,0,0.0,48,2025-02-15,0,2,0.0,0.0,0.0
Still With You - Jung Kook,Still With You,Jung Kook,2024-10-23,37,44,-7,84,84,0,0.0,44,2024-10-23,0,1,0.0,0.0,0.0
Sunflower - Spider-Man: Into the Spider-Verse - Post Malone,Sunflower - Spider-Man: Into the Spider-Verse,Post Malone,2024-07-10,45,46,-1,89,89,0,0.0,46,2024-07-10,0,77,0.0,1.3635890143294642,0.0
Sticky - KISS OF LIFE,Sticky,KISS OF LIFE,2025-10-21,40,49,-9,79,79,0,0.0,49,2025-10-21,0,1,0.0,0.0,0.0
Sticky - KISS OF LIFE,Sticky,KISS OF LIFE,2025-08-14,11,11,0,82,82,0,0.0,11,2025-08-14,0,69,0.0,3.62093366617455,0.0
plot twist - TWS,plot twist,TWS,2025-06-17,46,49,-3,68,68,0,0.0,49,2025-06-17,0,1,0.0,0.0,0.0
Get A Guitar - RIIZE,Get A Guitar,RIIZE,2025-04-24,50,50,0,67,67,0,0.0,50,2025-04-24,0,1,0.0,0.0,0.0
Get A Guitar - RIIZE,Get A Guitar,RIIZE,2025-04-12,48,49,-1,67,67,0,0.0,49,2025-04-12,0,13,0.0,0.4330127018922193,0.0
Get A Guitar - RIIZE,Get A Guitar,RIIZE,2025-03-15,37,40,-3,70,69,-1,-1.4285714285714286,40,2025-03-15,0,41,0.0,3.0335240943499837,0.0
GODS - League of Legends & NewJeans,GODS,League of Legends & NewJeans,2025-01-31,48,49,-1,85,85,0,0.0,49,2025-01-31,0,1,0.0,0.0,0.0
GODS - League of Legends & NewJeans,GODS,League of Legends & NewJeans,2025-01-25,45,48,-3,85,85,0,0.0,48,2025-01-25,0,7,0.0,0.0,0.0
HERO - Lim Young Woong,HERO,Lim Young Woong,2025-02-11,41,46,-5,58,58,0,0.0,46,2025-02-11,0,10,0.0,2.165063509461097,0.0
Elevator - Lim Young Woong,Elevator,Lim Young Woong,2024-12-08,50,50,0,56,56,0,0.0,50,2024-12-08,0,1,0.0,0.0,0.0
ETA - NewJeans,ETA,NewJeans,2025-11-05,43,47,-4,79,79,0,0.0,47,2025-11-05,0,1,0.0,0.0,0.0
ETA - NewJeans,ETA,NewJeans,2025-10-26,42,43,-1,79,79,0,0.0,43,2025-10-26,0,11,0.0,0.0,0.0
To. X - TAEYEON,To. X,TAEYEON,2025-03-15,20,20,0,75,75,0,0.0,20,2025-03-15,0,54,0.0,2.8622907492659326,0.0
Father - Lim Young Woong,Father,Lim Young Woong,2025-02-19,46,46,0,58,58,0,0.0,46,2025-02-19,0,9,0.0,1.8856180831641267,0.0
Slow Dancing - V,Slow Dancing,V,2025-03-26,25,26,-1,85,85,0,0.0,26,2025-03-26,0,44,0.0,1.9742087022399633,0.0
Smeraldo Garden Marching Band (feat. Loco) - Jimin & Loco,Smeraldo Garden Marching Band (feat. Loco),Jimin & Loco,2025-07-12,2,2,0,91,91,0,0.0,2,2025-07-12,0,9,0.0,0.0,0.0
Hype Boy - NewJeans,Hype Boy,NewJeans,2025-10-13,50,50,0,78,77,-1,-1.282051282051282,50,2025-10-13,0,1,0.0,0.0,0.0
Hype Boy - NewJeans,Hype Boy,NewJeans,2025-09-29,49,49,0,79,78,-1,-1.2658227848101267,49,2025-09-29,0,15,0.0,0.5,0.0
Shot Glass of Tears - Jung Kook,Shot Glass of Tears,Jung Kook,2024-12-15,41,45,-4,85,85,0,0.0,45,2024-12-15,0,15,0.0,1.699673171197595,0.0
Seven (feat. Latto) (Explicit Ver.) - Jung Kook,Seven (feat. Latto) (Explicit Ver.),Jung Kook,2025-08-14,2,2,0,86,86,0,0.0,2,2025-08-14,0,106,0.0,0.4013582382039138,0.0
Seven (feat. Latto) (Explicit Ver.) - Jung Kook,Seven (feat. Latto) (Explicit Ver.),Jung Kook,2025-03-26,2,2,0,87,87,0,0.0,2,2025-03-26,0,247,0.0,0.4570177506421851,0.0
Seven (feat. Latto) (Explicit Ver.) - Jung Kook,Seven (feat. Latto) (Explicit Ver.),Jung Kook,2025-03-15,2,2,0,88,88,0,0.0,2,2025-03-15,0,258,0.0,0.4479373854634178,0.0
Drowning - WOODZ,Drowning,WOODZ,2025-11-22,49,49,0,61,61,0,0.0,49,2025-11-22,0,1,0.0,0.0,0.0
Seven (feat. Latto) (Explicit Ver.) - Jung Kook,Seven (feat. Latto) (Explicit Ver.),Jung Kook,2025-03-02,2,2,0,90,89,-1,-1.1111111111111112,2,2025-03-02,0,271,0.0,0.43772380060351856,0.0
Vancouver - BIG Naughty,Vancouver,BIG Naughty,2024-06-12,39,50,-11,59,59,0,0.0,50,2024-06-12,0,103,0.0,0.0,0.0
Kitsch - IVE,Kitsch,IVE,2024-08-19,49,50,-1,77,76,-1,-1.2987012987012987,50,2024-08-19,0,1,0.0,0.0,0.0
Saturn - SZA,Saturn,SZA,2025-03-15,46,46,0,91,91,0,0.0,46,2025-03-15,0,2,0.0,0.0,0.0
SOS - KANGDANIEL,SOS,KANGDANIEL,2024-08-23,41,45,-4,72,72,0,0.0,45,2024-08-23,0,11,0.0,3.265986323710904,0.0
Seven (feat. Latto) (Band Ver.) - Jung Kook & Latto,Seven (feat. Latto) (Band Ver.),Jung Kook & Latto,2024-08-05,49,49,0,77,77,0,0.0,49,2024-08-05,0,1,0.0,0.0,0.0
Seven (feat. Latto) (Band Ver.) - Jung Kook & Latto,Seven (feat. Latto) (Band Ver.),Jung Kook & Latto,2024-08-02,46,49,-3,77,77,0,0.0,49,2024-08-02,0,4,0.0,0.0,0.0
EASY - LE SSERAFIM,EASY,LE SSERAFIM,2025-03-26,8,8,0,88,88,0,0.0,8,2025-03-26,0,159,0.0,3.5836229345818693,0.0
Slow Dancing (Piano Ver.) - V,Slow Dancing (Piano Ver.),V,2024-12-31,48,49,-1,86,79,-7,-8.13953488372093,49,2024-12-31,0,1,0.0,0.0,0.0
Shot Glass of Tears - Jung Kook,Shot Glass of Tears,Jung Kook,2024-12-19,49,50,-1,85,85,0,0.0,50,2024-12-19,0,11,0.0,0.0,0.0
Shot Glass of Tears - Jung Kook,Shot Glass of Tears,Jung Kook,2024-12-29,50,50,0,85,81,-4,-4.705882352941177,50,2024-12-29,0,1,0.0,0.0,0.0
Ditto - NewJeans,Ditto,NewJeans,2025-11-05,48,48,0,77,77,0,0.0,48,2025-11-05,0,1,0.0,0.0,0.0
Ditto - NewJeans,Ditto,NewJeans,2025-10-23,39,48,-9,77,77,0,0.0,48,2025-10-23,0,14,0.0,0.0,0.0
Don't Look Back in Anger - Remastered - Oasis,Don't Look Back in Anger - Remastered,Oasis,2025-09-02,31,45,-14,74,74,0,0.0,45,2025-09-02,0,3,0.0,0.0,0.0
Like Crazy - Jimin,Like Crazy,Jimin,2025-03-15,1,1,0,91,91,0,0.0,1,2025-03-15,0,258,0.0,4.502314617345064,0.0
Too Sad to Dance - Jung Kook,Too Sad to Dance,Jung Kook,2025-03-19,40,41,-1,78,78,0,0.0,41,2025-03-19,0,5,0.0,6.548960901462833,0.0
Touch - KATSEYE,Touch,KATSEYE,2025-11-15,39,50,-11,85,85,0,0.0,50,2025-11-15,0,1,0.0,0.0,0.0
FLOWER - JISOO,FLOWER,JISOO,2024-06-29,40,44,-4,85,85,0,0.0,44,2024-06-29,0,26,0.0,0.4714045207910317,0.0
FLOWER - JISOO,FLOWER,JISOO,2024-07-23,44,45,-1,85,84,-1,-1.1764705882352942,45,2024-07-23,0,2,0.0,0.0,0.0
Vancouver - BIG Naughty,Vancouver,BIG Naughty,2024-09-22,50,50,0,59,56,-3,-5.084745762711865,50,2024-09-22,0,1,0.0,0.0,0.0
Father - Lim Young Woong,Father,Lim Young Woong,2025-02-26,46,50,-4,58,58,0,0.0,50,2025-02-26,0,2,0.0,0.0,0.0
Fighting (Feat. Lee Young Ji) - BSS,Fighting (Feat. Lee Young Ji),BSS,2024-06-06,45,49,-4,78,78,0,0.0,49,2024-06-06,0,2,0.0,0.0,0.0
Fortnight (feat. Post Malone) - Taylor Swift,Fortnight (feat. Post Malone),Taylor Swift,2025-06-02,49,50,-1,95,95,0,0.0,50,2025-06-02,0,5,0.0,0.0,0.0
FRI(END)S - V,FRI(END)S,V,2025-07-22,45,49,-4,90,90,0,0.0,49,2025-07-22,0,1,0.0,0.0,0.0
Smart - LE SSERAFIM,Smart,LE SSERAFIM,2025-03-26,10,11,-1,0,47,47,0.0,11,2025-03-26,0,87,0.0,2.5411764705882347,0.0
If I have you only (My love X Nerd Connection) - Nerd Connection,If I have you only (My love X Nerd Connection),Nerd Connection,2025-10-22,47,50,-3,54,54,0,0.0,50,2025-10-22,0,1,0.0,0.0,0.0
If We Ever Meet Again - Lim Young Woong,If We Ever Meet Again,Lim Young Woong,2025-03-15,21,22,-1,61,60,-1,-1.639344262295082,22,2025-03-15,0,211,0.0,3.3039170529745463,0.0
London Boy - Lim Young Woong,London Boy,Lim Young Woong,2025-10-15,45,45,0,58,58,0,0.0,45,2025-10-15,0,36,0.0,2.202271554554524,0.0
London Boy - Lim Young Woong,London Boy,Lim Young Woong,2025-08-14,22,24,-2,61,61,0,0.0,24,2025-08-14,0,98,0.0,2.8593283788365818,0.0
London Boy - Lim Young Woong,London Boy,Lim Young Woong,2025-03-15,15,15,0,65,65,0,0.0,15,2025-03-15,0,250,0.0,2.0970019922193446,0.0
Closer to You (feat. Major Lazer) - Jung Kook,Closer to You (feat. Major Lazer),Jung Kook,2025-03-07,37,48,-11,81,80,-1,-1.2345679012345678,48,2025-03-07,0,94,0.0,1.632993161855452,0.0
Cupid - Twin Ver. - FIFTY FIFTY,Cupid - Twin Ver.,FIFTY FIFTY,2024-08-06,49,50,-1,97,96,-1,-1.0309278350515463,50,2024-08-06,0,1,0.0,0.0,0.0
Dare to Love (feat. BIG Naughty) - B.I,Dare to Love (feat. BIG Naughty),B.I,2024-07-04,48,48,0,64,64,0,0.0,48,2024-07-04,0,1,0.0,0.0,0.0
Cupid - Twin Ver. - FIFTY FIFTY,Cupid - Twin Ver.,FIFTY FIFTY,2024-07-26,45,49,-4,98,97,-1,-1.0204081632653061,49,2024-07-26,0,12,0.0,0.0,0.0
Cruel Summer - Taylor Swift,Cruel Summer,Taylor Swift,2025-09-18,43,49,-6,92,92,0,0.0,49,2025-09-18,0,1,0.0,0.0,0.0
Like Crazy - Jimin,Like Crazy,Jimin,2025-03-26,1,1,0,90,90,0,0.0,1,2025-03-26,0,247,0.0,4.594012052568957,0.0
Rockstar - LISA,Rockstar,LISA,2025-07-12,35,41,-6,90,90,0,0.0,41,2025-07-12,0,8,0.0,1.7261494247992246,0.0
Like Crazy - Jimin,Like Crazy,Jimin,2025-07-12,1,1,0,88,88,0,0.0,1,2025-07-12,0,139,0.0,6.13458751077329,0.0
Rainy Days - V,Rainy Days,V,2025-03-24,39,44,-5,79,79,0,0.0,44,2025-03-24,0,1,0.0,0.0,0.0
Like Crazy (UK Garage Remix) - Jimin,Like Crazy (UK Garage Remix),Jimin,2024-07-03,42,50,-8,71,71,0,0.0,50,2024-07-03,0,1,0.0,0.0,0.0
London Boy - Lim Young Woong,London Boy,Lim Young Woong,2025-11-19,50,50,0,57,57,0,0.0,50,2025-11-19,0,1,0.0,0.0,0.0
London Boy - Lim Young Woong,London Boy,Lim Young Woong,2025-11-16,49,50,-1,57,57,0,0.0,50,2025-11-16,0,4,0.0,0.0,0.0
Rainbow - Lim Young Woong,Rainbow,Lim Young Woong,2025-03-15,31,31,0,59,58,-1,-1.694915254237288,31,2025-03-15,0,151,0.0,2.95052794626992,0.0
Love Letter - Lim Young Woong,Love Letter,Lim Young Woong,2025-02-07,49,50,-1,57,57,0,0.0,50,2025-02-07,0,1,0.0,0.0,0.0
Love 119 - RIIZE,Love 119,RIIZE,2025-03-15,26,26,0,71,70,-1,-1.4084507042253522,26,2025-03-15,0,44,0.0,4.023679907746142,0.0
Polaroid - Lim Young Woong,Polaroid,Lim Young Woong,2025-03-15,19,19,0,62,62,0,0.0,19,2025-03-15,0,211,0.0,2.726444393616464,0.0
Polaroid - Lim Young Woong,Polaroid,Lim Young Woong,2025-08-14,24,26,-2,58,58,0,0.0,26,2025-08-14,0,59,0.0,3.036490323374616,0.0
Promise - Jimin,Promise,Jimin,2024-07-12,47,49,-2,77,77,0,0.0,49,2024-07-12,0,1,0.0,0.0,0.0
Lilith (feat. SUGA of BTS) (Diablo IV Anthem) - Halsey & SUGA,Lilith (feat. SUGA of BTS) (Diablo IV Anthem),Halsey & SUGA,2024-09-13,48,49,-1,79,78,-1,-1.2658227848101267,49,2024-09-13,0,1,0.0,0.0,0.0
Boom Boom Bass - RIIZE,Boom Boom Bass,RIIZE,2025-09-23,44,45,-1,67,67,0,0.0,45,2025-09-23,0,2,0.0,0.0,0.0
Bubble Gum - NewJeans,Bubble Gum,NewJeans,2025-07-12,15,15,0,80,80,0,0.0,15,2025-07-12,0,95,0.0,2.3197396171725733,0.0
Bubble Gum - NewJeans,Bubble Gum,NewJeans,2025-10-14,48,50,-2,75,74,-1,-1.3333333333333335,50,2025-10-14,0,1,0.0,0.0,0.0
Rainbow - Lim Young Woong,Rainbow,Lim Young Woong,2025-03-26,33,33,0,57,57,0,0.0,33,2025-03-26,0,140,0.0,2.988809366764731,0.0
Christmas Tree - V,Christmas Tree,V,2024-09-18,32,44,-12,82,81,-1,-1.2195121951219512,44,2024-09-18,0,2,0.0,0.0,0.0
Like Crazy - Jimin,Like Crazy,Jimin,2025-03-02,1,1,0,92,92,0,0.0,1,2025-03-02,0,271,0.0,4.399203785689429,0.0
But Sometimes - BOYNEXTDOOR,But Sometimes,BOYNEXTDOOR,2024-09-27,39,49,-10,70,70,0,0.0,49,2024-09-27,0,1,0.0,0.0,0.0
CRAZY - LE SSERAFIM,CRAZY,LE SSERAFIM,2025-11-22,39,45,-6,80,80,0,0.0,45,2025-11-22,0,2,0.0,0.0,0.0
Love Letter - Lim Young Woong,Love Letter,Lim Young Woong,2025-02-01,49,49,0,58,57,-1,-1.7241379310344827,49,2025-02-01,0,7,0.0,0.0,0.0
London Boy - Lim Young Woong,London Boy,Lim Young Woong,2025-11-05,45,49,-4,58,57,-1,-1.7241379310344827,49,2025-11-05,0,15,0.0,0.6871842709362769,0.0
Love wins all - IU,Love wins all,IU,2025-04-21,47,48,-1,78,78,0,0.0,48,2025-04-21,0,2,0.0,0.0,0.0
Love wins all - IU,Love wins all,IU,2025-03-15,27,28,-1,81,81,0,0.0,28,2025-03-15,0,39,0.0,3.086209869406922,0.0
Love wins all - IU,Love wins all,IU,2025-03-02,16,19,-3,84,83,-1,-1.1904761904761905,19,2025-03-02,0,52,0.0,2.721362888742003,0.0
Love Me Like This - NMIXX,Love Me Like This,NMIXX,2024-06-07,50,50,0,79,30,-49,-62.0253164556962,50,2024-06-07,0,1,0.0,0.0,0.0
Love Me Like This - NMIXX,Love Me Like This,NMIXX,2024-06-05,46,50,-4,80,79,-1,-1.25,50,2024-06-05,0,3,0.0,0.0,0.0
"Yes or No (Feat. 허윤진 of LE SSERAFIM, Crush) - GroovyRoom & HUH YUNJIN","Yes or No (Feat. 허윤진 of LE SSERAFIM, Crush)",GroovyRoom & HUH YUNJIN,2025-03-02,25,30,-5,75,75,0,0.0,30,2025-03-02,0,26,0.0,2.647536930024057,0.0
Who - Jimin,Who,Jimin,2025-08-14,1,1,0,94,94,0,0.0,1,2025-08-14,0,106,0.0,0.0,0.0
Love Lee - AKMU,Love Lee,AKMU,2024-11-12,48,50,-2,81,81,0,0.0,50,2024-11-12,0,1,0.0,0.0,0.0
Midas Touch - KISS OF LIFE,Midas Touch,KISS OF LIFE,2025-06-19,45,49,-4,75,75,0,0.0,49,2025-06-19,0,11,0.0,0.4714045207910317,0.0
Perfect Night - LE SSERAFIM,Perfect Night,LE SSERAFIM,2025-03-15,16,16,0,88,88,0,0.0,16,2025-03-15,0,221,0.0,3.89334204057362,0.0
Loving You - Lim Young Woong,Loving You,Lim Young Woong,2024-12-06,46,50,-4,57,57,0,0.0,50,2024-12-06,0,2,0.0,0.0,0.0
Yes or No - Jung Kook,Yes or No,Jung Kook,2025-05-06,46,47,-1,82,82,0,0.0,47,2025-05-06,0,3,0.0,0.0,0.0
You & Me - JENNIE,You & Me,JENNIE,2025-01-06,47,47,0,79,79,0,0.0,47,2025-01-06,0,8,0.0,1.299038105676658,0.0
You & Me (Coachella ver.) - JENNIE,You & Me (Coachella ver.),JENNIE,2024-10-10,4,16,-12,0,74,74,0.0,16,2024-10-10,0,2,0.0,0.0,0.0
MILLION DOLLAR BABY - Tommy Richman,MILLION DOLLAR BABY,Tommy Richman,2025-09-07,49,50,-1,93,93,0,0.0,50,2025-09-07,0,1,0.0,0.0,0.0
Please Don't Change (feat. DJ Snake) - Jung Kook,Please Don't Change (feat. DJ Snake),Jung Kook,2025-03-15,41,49,-8,82,81,-1,-1.2195121951219512,49,2025-03-15,0,1,0.0,0.0,0.0
"Our Blues, Our Life - Lim Young Woong","Our Blues, Our Life",Lim Young Woong,2025-07-22,43,46,-3,56,56,0,0.0,46,2025-07-22,0,24,0.0,1.6583123951777,0.0
Big Dawgs - Hanumankind & Kalmi,Big Dawgs,Hanumankind & Kalmi,2025-08-29,48,48,0,92,92,0,0.0,48,2025-08-29,0,3,0.0,0.5,0.0
My Love Mine All Mine - Mitski,My Love Mine All Mine,Mitski,2025-03-30,46,49,-3,95,95,0,0.0,49,2025-03-30,0,1,0.0,0.0,0.0
"Our Blues, Our Life - Lim Young Woong","Our Blues, Our Life",Lim Young Woong,2025-08-14,49,50,-1,56,56,0,0.0,50,2025-08-14,0,1,0.0,0.0,0.0
My Starry Love - Lim Young Woong,My Starry Love,Lim Young Woong,2024-12-13,42,48,-6,58,58,0,0.0,48,2024-12-13,0,30,0.0,1.5,0.0
Never Let Go - Jung Kook,Never Let Go,Jung Kook,2025-08-14,25,25,0,87,87,0,0.0,25,2025-08-14,0,24,0.0,4.555476149532593,0.0
My You - Jung Kook,My You,Jung Kook,2024-09-30,47,47,0,84,79,-5,-5.952380952380952,47,2024-09-30,0,2,0.0,0.0,0.0
NEMONEMO - YENA,NEMONEMO,YENA,2025-11-12,47,49,-2,69,69,0,0.0,49,2025-11-12,0,1,0.0,0.0,0.0
Nest - Lim Young Woong,Nest,Lim Young Woong,2024-12-19,49,49,0,59,58,-1,-1.694915254237288,49,2024-12-19,0,24,0.0,0.9428090415820634,0.0
Attention - NewJeans,Attention,NewJeans,2025-06-14,44,48,-4,76,72,-4,-5.263157894736842,48,2025-06-14,0,16,0.0,0.9797958971132713,0.0
Baggy Jeans - NCT,Baggy Jeans,NCT,2024-09-28,46,50,-4,64,64,0,0.0,50,2024-09-28,0,1,0.0,0.0,0.0
Bam Yang Gang - BIBI,Bam Yang Gang,BIBI,2025-03-15,9,10,-1,77,77,0,0.0,10,2025-03-15,0,54,0.0,2.3713422125220327,0.0
You Were Beautiful - DAY6,You Were Beautiful,DAY6,2025-11-26,46,48,-2,65,65,0,0.0,48,2025-11-26,0,1,0.0,0.0,0.0
"Angel Pt. 1 (feat. Jimin of BTS, JVKE & Muni Long) - Trailer Version - Fast & Furious: The Fast Saga & Jimin & BTS","Angel Pt. 1 (feat. Jimin of BTS, JVKE & Muni Long) - Trailer Version",Fast & Furious: The Fast Saga & Jimin & BTS,2024-12-28,41,41,0,67,65,-2,-2.9850746268656714,41,2024-12-28,0,7,0.0,5.022173057773122,0.0
Armageddon - aespa & Grimes & Flava D,Armageddon,aespa & Grimes & Flava D,2025-10-06,31,36,-5,0,36,36,0.0,36,2025-10-06,0,1,0.0,0.0,0.0
A bientot - Lim Young Woong,A bientot,Lim Young Woong,2025-06-24,43,45,-2,55,51,-4,-7.2727272727272725,45,2025-06-24,0,27,0.0,1.479019945774904,0.0
