song_id,song,artist,comeback_number,reentry_date,reentry_rank,reentry_popularity,peak_rank,peak_date,retention_days,average_rank,average_popularity,rank_decay,days_to_peak,rank_recovery_speed,rank_stability,first_entry_rank,first_entry_popularity,first_entry_peak_rank,first_entry_retention_days,first_entry_average_rank,first_entry_average_popularity,rank_improvement_vs_first_entry,peak_improvement_vs_first_entry,retention_change_vs_first_entry
3D (Justin Timberlake Remix) - Jung Kook & Justin Timberlake,3D (Justin Timberlake Remix),Jung Kook & Justin Timberlake,1,2024-12-03,38,75,36,2024-12-04,3,40.0,75.66666666666667,10,1,2.0,5.291502622129181,21,0,21,3,25.0,46.0,-17,-15,0
3D (feat. Jack Harlow) (Instrumental) - Jung Kook & Jack Harlow,3D (feat. Jack Harlow) (Instrumental),Jung Kook & Jack Harlow,1,2024-10-09,50,60,38,2024-10-10,5,43.0,61.4,11,1,12.0,6.0,9,0,9,6,15.666666666666666,42.0,-41,-29,-1
3D (feat. Jack Harlow) - Jung Kook,3D (feat. Jack Harlow),Jung Kook,1,2025-03-02,6,85,5,2025-03-06,12,5.333333333333333,83.66666666666667,0,4,0.25,0.4923659639173309,6,86,3,40,5.525,85.6,0,-2,-28
3D (feat. Jack Harlow) - Jung Kook,3D (feat. Jack Harlow),Jung Kook,2,2025-03-15,6,83,4,2025-03-17,10,4.4,82.1,0,2,1.0,0.699205898780101,6,86,3,40,5.525,85.6,0,-1,-30
3D (feat. Jack Harlow) - Jung Kook,3D (feat. Jack Harlow),Jung Kook,3,2025-03-26,5,82,5,2025-03-26,107,9.186915887850468,79.34579439252336,6,0,0.0,3.8611046447569977,6,86,3,40,5.525,85.6,1,-2,67
3D (feat. Jack Harlow) - Jung Kook,3D (feat. Jack Harlow),Jung Kook,4,2025-07-12,10,78,5,2025-08-12,32,9.6875,78.8125,0,31,0.16129032258064516,1.712148245013622,6,86,3,40,5.525,85.6,-4,-2,-8
3D (feat. Jack Harlow) - Jung Kook,3D (feat. Jack Harlow),Jung Kook,5,2025-08-14,5,79,4,2025-09-28,106,8.264150943396226,77.69811320754717,9,45,0.022222222222222223,3.667883486731441,6,86,3,40,5.525,85.6,1,-1,66
A Psalm of Life - Lim Young Woong,A Psalm of Life,Lim Young Woong,1,2024-10-16,50,57,50,2024-10-16,1,50.0,57.0,0,0,0.0,0.0,50,56,50,1,50.0,56.0,0,0,0
A Psalm of Life - Lim Young Woong,A Psalm of Life,Lim Young Woong,2,2024-10-19,49,57,49,2024-10-19,1,49.0,57.0,0,0,0.0,0.0,50,56,50,1,50.0,56.0,1,1,0
A Psalm of Life - Lim Young Woong,A Psalm of Life,Lim Young Woong,3,2024-10-21,45,57,25,2024-12-03,112,35.92857142857143,59.32142857142857,20,43,0.46511627906976744,4.842965151052757,50,56,50,1,50.0,56.0,5,25,111
A Psalm of Life - Lim Young Woong,A Psalm of Life,Lim Young Woong,4,2025-02-11,49,58,49,2025-02-11,2,49.5,58.0,1,0,0.0,0.7071067811865476,50,56,50,1,50.0,56.0,1,1,1
A Psalm of Life - Lim Young Woong,A Psalm of Life,Lim Young Woong,5,2025-02-19,45,58,45,2025-02-19,2,45.0,58.0,0,0,0.0,0.0,50,56,50,1,50.0,56.0,5,5,1
A Psalm of Life - Lim Young Woong,A Psalm of Life,Lim Young Woong,6,2025-02-26,46,58,46,2025-02-26,2,46.0,58.0,0,0,0.0,0.0,50,56,50,1,50.0,56.0,4,4,1
A bientot - Lim Young Woong,A bientot,Lim Young Woong,1,2024-06-09,44,58,40,2024-06-10,12,44.583333333333336,58.0,8,1,4.0,2.108783937953269,41,58,34,21,38.523809523809526,58.0,-3,-6,-9
A bientot - Lim Young Woong,A bientot,Lim Young Woong,2,2024-06-22,46,58,39,2024-06-24,13,44.76923076923077,58.0,8,2,3.5,3.0863637221884637,41,58,34,21,38.523809523809526,58.0,-5,-5,-8
A bientot - Lim Young Woong,A bientot,Lim Young Woong,3,2024-07-11,47,59,47,2024-07-11,1,47.0,59.0,0,0,0.0,0.0,41,58,34,21,38.523809523809526,58.0,-6,-13,-20
A bientot - Lim Young Woong,A bientot,Lim Young Woong,4,2024-07-13,50,59,50,2024-07-13,1,50.0,59.0,0,0,0.0,0.0,41,58,34,21,38.523809523809526,58.0,-9,-16,-20
A bientot - Lim Young Woong,A bientot,Lim Young Woong,5,2024-07-17,50,59,50,2024-07-17,2,50.0,59.0,0,0,0.0,0.0,41,58,34,21,38.523809523809526,58.0,-9,-16,-19
A bientot - Lim Young Woong,A bientot,Lim Young Woong,6,2024-07-23,50,58,46,2024-07-25,3,48.666666666666664,58.0,0,2,2.0,2.309401076758503,41,58,34,21,38.523809523809526,58.0,-9,-12,-18
A bientot - Lim Young Woong,A bientot,Lim Young Woong,7,2024-08-04,50,57,50,2024-08-04,1,50.0,57.0,0,0,0.0,0.0,41,58,34,21,38.523809523809526,58.0,-9,-16,-20
A bientot - Lim Young Woong,A bientot,Lim Young Woong,8,2024-08-06,49,57,43,2024-08-07,7,45.0,57.0,1,1,6.0,2.160246899469287,41,58,34,21,38.523809523809526,58.0,-8,-9,-14
A bientot - Lim Young Woong,A bientot,Lim Young Woong,9,2024-08-28,49,57,49,2024-08-28,1,49.0,57.0,0,0,0.0,0.0,41,58,34,21,38.523809523809526,58.0,-8,-15,-20
A bientot - Lim Young Woong,A bientot,Lim Young Woong,10,2024-09-03,50,57,46,2024-09-04,2,48.0,57.0,0,1,4.0,2.8284271247461903,41,58,34,21,38.523809523809526,58.0,-9,-12,-19
A bientot - Lim Young Woong,A bientot,Lim Young Woong,11,2024-09-10,44,57,44,2024-09-10,5,45.4,57.8,4,0,0.0,1.9493588689617927,41,58,34,21,38.523809523809526,58.0,-3,-10,-16
A bientot - Lim Young Woong,A bientot,Lim Young Woong,12,2024-09-19,50,57,50,2024-09-19,3,50.0,57.0,0,0,0.0,0.0,41,58,34,21,38.523809523809526,58.0,-9,-16,-18
A bientot - Lim Young Woong,A bientot,Lim Young Woong,13,2024-09-23,49,57,43,2024-09-25,5,46.4,57.0,5,2,3.0,3.1304951684997055,41,58,34,21,38.523809523809526,58.0,-8,-9,-16
A bientot - Lim Young Woong,A bientot,Lim Young Woong,14,2024-09-30,50,57,45,2024-10-02,6,47.333333333333336,57.0,2,2,2.5,2.250925735484551,41,58,34,21,38.523809523809526,58.0,-9,-11,-15
A bientot - Lim Young Woong,A bientot,Lim Young Woong,15,2024-10-09,48,57,48,2024-10-09,1,48.0,57.0,0,0,0.0,0.0,41,58,34,21,38.523809523809526,58.0,-7,-14,-20
A bientot - Lim Young Woong,A bientot,Lim Young Woong,16,2024-10-13,45,57,18,2024-11-30,139,29.676258992805757,60.33812949640288,23,48,0.5625,6.559886694119269,41,58,34,21,38.523809523809526,58.0,-4,16,118
A bientot - Lim Young Woong,A bientot,Lim Young Woong,17,2025-03-02,40,59,38,2025-03-04,12,39.25,58.333333333333336,1,2,1.0,1.2880570286640687,41,58,34,21,38.523809523809526,58.0,1,-4,-9
A bientot - Lim Young Woong,A bientot,Lim Young Woong,18,2025-03-15,38,57,38,2025-03-15,10,41.5,57.0,2,0,0.0,2.5495097567963922,41,58,34,21,38.523809523809526,58.0,3,-4,-11
A bientot - Lim Young Woong,A bientot,Lim Young Woong,19,2025-03-26,38,56,38,2025-03-26,9,43.44444444444444,56.0,9,0,0.0,3.431876713662333,41,58,34,21,38.523809523809526,58.0,3,-4,-12
A bientot - Lim Young Woong,A bientot,Lim Young Woong,20,2025-04-05,46,56,40,2025-04-17,13,44.07692307692308,56.0,0,12,0.5,2.660248687044705,41,58,34,21,38.523809523809526,58.0,-5,-6,-8
A bientot - Lim Young Woong,A bientot,Lim Young Woong,21,2025-04-19,43,56,43,2025-04-19,4,46.0,56.75,6,0,0.0,3.4641016151377544,41,58,34,21,38.523809523809526,58.0,-2,-9,-17
A bientot - Lim Young Woong,A bientot,Lim Young Woong,22,2025-04-24,49,56,46,2025-04-25,3,47.666666666666664,56.0,2,1,3.0,1.5275252316519465,41,58,34,21,38.523809523809526,58.0,-8,-12,-18
A bientot - Lim Young Woong,A bientot,Lim Young Woong,23,2025-05-07,43,55,43,2025-05-07,1,43.0,55.0,0,0,0.0,0.0,41,58,34,21,38.523809523809526,58.0,-2,-9,-20
A bientot - Lim Young Woong,A bientot,Lim Young Woong,24,2025-06-24,45,51,45,2025-06-24,2,45.0,51.0,0,0,0.0,0.0,41,58,34,21,38.523809523809526,58.0,-4,-11,-19
A bientot - Lim Young Woong,A bientot,Lim Young Woong,25,2025-07-18,48,55,48,2025-07-18,3,48.333333333333336,55.0,0,0,0.0,0.5773502691896258,41,58,34,21,38.523809523809526,58.0,-7,-14,-18
ABCD - NAYEON,ABCD,NAYEON,1,2025-07-12,44,67,44,2025-07-12,2,44.0,67.0,0,0,0.0,0.0,32,45,26,24,35.375,60.375,-12,-18,-22
AK47 - Men's Tear & 뷰티풀너드,AK47,Men's Tear & 뷰티풀너드,1,2025-03-15,35,52,34,2025-03-16,10,40.5,52.0,9,1,1.0,5.0387388192769915,20,39,20,12,26.916666666666668,48.416666666666664,-15,-14,-2
AK47 - Men's Tear & 뷰티풀너드,AK47,Men's Tear & 뷰티풀너드,2,2025-03-26,40,52,40,2025-03-26,2,43.0,52.0,6,0,0.0,4.242640687119285,20,39,20,12,26.916666666666668,48.416666666666664,-20,-20,-10
ANTIFRAGILE - LE SSERAFIM,ANTIFRAGILE,LE SSERAFIM,1,2024-07-17,49,79,49,2024-07-17,2,49.0,79.0,0,0,0.0,0.0,29,74,26,48,34.541666666666664,77.33333333333333,-20,-23,-46
All I Want for Christmas Is You - Mariah Carey,All I Want for Christmas Is You,Mariah Carey,1,2024-12-17,24,99,9,2024-12-25,11,24.545454545454547,99.9090909090909,1,8,1.875,12.127354504290178,44,98,44,1,44.0,98.0,20,35,10
All Or Nothing - J Money & KingLee,All Or Nothing,J Money & KingLee,1,2025-01-17,26,52,26,2025-01-17,1,26.0,52.0,0,0,0.0,0.0,30,45,30,1,30.0,45.0,4,4,0
Alone - Jimin,Alone,Jimin,1,2025-03-02,22,78,21,2025-03-10,12,25.333333333333332,77.58333333333333,2,8,0.125,3.1718458443950364,26,80,5,287,19.264808362369337,79.93379790940766,4,-16,-275
Alone - Jimin,Alone,Jimin,2,2025-03-15,23,77,15,2025-03-22,10,21.1,76.1,6,7,1.1428571428571428,3.0713731999438516,26,80,5,287,19.264808362369337,79.93379790940766,3,-10,-277
Alone - Jimin,Alone,Jimin,3,2025-03-26,23,76,20,2025-04-17,65,29.43076923076923,74.32307692307693,20,22,0.13636363636363635,6.299725268735015,26,80,5,287,19.264808362369337,79.93379790940766,3,-15,-222
Alone - Jimin,Alone,Jimin,4,2025-05-31,45,72,45,2025-05-31,1,45.0,72.0,0,0,0.0,0.0,26,80,5,287,19.264808362369337,79.93379790940766,-19,-40,-286
Alone - Jimin,Alone,Jimin,5,2025-06-02,44,72,26,2025-06-29,28,37.92857142857143,68.32142857142857,0,27,0.6666666666666666,5.5506327395643655,26,80,5,287,19.264808362369337,79.93379790940766,-18,-21,-259
Alone - Jimin,Alone,Jimin,6,2025-07-01,50,71,50,2025-07-01,1,50.0,71.0,0,0,0.0,0.0,26,80,5,287,19.264808362369337,79.93379790940766,-24,-45,-286
Alone - Jimin,Alone,Jimin,7,2025-07-19,43,71,43,2025-07-19,2,46.5,71.0,7,0,0.0,4.949747468305833,26,80,5,287,19.264808362369337,79.93379790940766,-17,-38,-285
"Angel Pt. 1 (feat. Jimin of BTS, JVKE & Muni Long) - Trailer Version - Fast & Furious: The Fast Saga & Jimin & BTS","Angel Pt. 1 (feat. Jimin of BTS, JVKE & Muni Long) - Trailer Version",Fast & Furious: The Fast Saga & Jimin & BTS,1,2024-09-14,35,70,35,2024-09-14,3,44.333333333333336,70.0,14,0,0.0,8.082903768654761,14,79,10,18,30.72222222222222,80.77777777777777,-21,-25,-15
"Angel Pt. 1 (feat. Jimin of BTS, JVKE & Muni Long) - Trailer Version - Fast & Furious: The Fast Saga & Jimin & BTS","Angel Pt. 1 (feat. Jimin of BTS, JVKE & Muni Long) - Trailer Version",Fast & Furious: The Fast Saga & Jimin & BTS,2,2024-10-27,50,71,50,2024-10-27,2,50.0,71.0,0,0,0.0,0.0,14,79,10,18,30.72222222222222,80.77777777777777,-36,-40,-16
"Angel Pt. 1 (feat. Jimin of BTS, JVKE & Muni Long) - Trailer Version - Fast & Furious: The Fast Saga & Jimin & BTS","Angel Pt. 1 (feat. Jimin of BTS, JVKE & Muni Long) - Trailer Version",Fast & Furious: The Fast Saga & Jimin & BTS,3,2024-10-31,46,71,12,2024-12-11,57,22.07017543859649,69.45614035087719,29,41,0.8292682926829268,6.750290070811792,14,79,10,18,30.72222222222222,80.77777777777777,-32,-2,39
"Angel Pt. 1 (feat. Jimin of BTS, JVKE & Muni Long) - Trailer Version - Fast & Furious: The Fast Saga & Jimin & BTS","Angel Pt. 1 (feat. Jimin of BTS, JVKE & Muni Long) - Trailer Version",Fast & Furious: The Fast Saga & Jimin & BTS,4,2024-12-28,41,65,41,2024-12-28,7,44.57142857142857,65.71428571428571,4,0,0.0,2.9358214555806383,14,79,10,18,30.72222222222222,80.77777777777777,-27,-31,-11
"Angel Pt. 2 (feat. Jimin of BTS, Charlie Puth and Muni Long) - Fast & Furious: The Fast Saga & Jimin & BTS","Angel Pt. 2 (feat. Jimin of BTS, Charlie Puth and Muni Long)",Fast & Furious: The Fast Saga & Jimin & BTS,1,2024-07-31,45,74,42,2024-08-03,20,46.1,72.85,5,3,1.0,2.4687520819444924,5,55,5,42,22.357142857142858,73.47619047619048,-40,-37,-22
"Angel Pt. 2 (feat. Jimin of BTS, Charlie Puth and Muni Long) - Fast & Furious: The Fast Saga & Jimin & BTS","Angel Pt. 2 (feat. Jimin of BTS, Charlie Puth and Muni Long)",Fast & Furious: The Fast Saga & Jimin & BTS,2,2024-08-24,50,72,50,2024-08-24,1,50.0,72.0,0,0,0.0,0.0,5,55,5,42,22.357142857142858,73.47619047619048,-45,-45,-41
"Angel Pt. 2 (feat. Jimin of BTS, Charlie Puth and Muni Long) - Fast & Furious: The Fast Saga & Jimin & BTS","Angel Pt. 2 (feat. Jimin of BTS, Charlie Puth and Muni Long)",Fast & Furious: The Fast Saga & Jimin & BTS,3,2024-11-03,44,69,44,2024-11-03,2,46.0,69.0,4,0,0.0,2.8284271247461903,5,55,5,42,22.357142857142858,73.47619047619048,-39,-39,-40
Armageddon - aespa,Armageddon,aespa,1,2025-07-12,16,79,15,2025-07-14,32,19.25,78.71875,4,2,0.5,2.747432819337753,8,64,4,43,9.348837209302326,75.86046511627907,-8,-11,-11
Armageddon - aespa,Armageddon,aespa,2,2025-08-14,16,78,14,2025-08-15,38,22.55263157894737,77.6842105263158,14,1,2.0,4.825032521503913,8,64,4,43,9.348837209302326,75.86046511627907,-8,-10,-5
Armageddon - aespa,Armageddon,aespa,3,2025-09-22,38,77,30,2025-09-23,14,36.357142857142854,76.42857142857143,9,1,8.0,3.586451918350135,8,64,4,43,9.348837209302326,75.86046511627907,-30,-26,-29
Armageddon - aespa,Armageddon,aespa,4,2025-10-07,33,75,22,2025-10-14,44,32.45454545454545,65.77272727272727,19,7,1.5714285714285714,4.8390588430249455,8,64,4,43,9.348837209302326,75.86046511627907,-25,-18,1
Armageddon - aespa,Armageddon,aespa,5,2025-11-21,50,72,38,2025-11-23,7,45.57142857142857,72.0,11,2,6.0,4.429339411136565,8,64,4,43,9.348837209302326,75.86046511627907,-42,-34,-36
Armageddon - aespa & Grimes & Flava D,Armageddon,aespa & Grimes & Flava D,1,2025-10-06,36,36,36,2025-10-06,1,36.0,36.0,0,0,0.0,0.0,31,0,31,1,31.0,0.0,-5,-5,0
Attention - NewJeans,Attention,NewJeans,1,2024-07-07,37,85,26,2024-07-14,55,35.45454545454545,84.14545454545454,22,7,1.5714285714285714,4.29391551357388,30,84,27,48,30.083333333333332,84.0,-7,1,7
Attention - NewJeans,Attention,NewJeans,2,2024-09-01,49,83,47,2024-09-03,4,48.5,83.0,2,2,1.0,1.0,30,84,27,48,30.083333333333332,84.0,-19,-20,-44
Attention - NewJeans,Attention,NewJeans,3,2024-09-15,48,83,45,2024-09-17,12,48.5,81.83333333333333,4,2,1.5,1.3142574813455419,30,84,27,48,30.083333333333332,84.0,-18,-18,-36
Attention - NewJeans,Attention,NewJeans,4,2024-09-28,49,81,48,2024-09-29,2,48.5,81.0,0,1,1.0,0.7071067811865476,30,84,27,48,30.083333333333332,84.0,-19,-21,-46
Attention - NewJeans,Attention,NewJeans,5,2025-04-28,38,78,34,2025-04-29,14,42.642857142857146,78.0,16,1,4.0,4.829510930122824,30,84,27,48,30.083333333333332,84.0,-8,-7,-34
Attention - NewJeans,Attention,NewJeans,6,2025-05-14,50,78,50,2025-05-14,1,50.0,78.0,0,0,0.0,0.0,30,84,27,48,30.083333333333332,84.0,-20,-23,-47
Attention - NewJeans,Attention,NewJeans,7,2025-05-19,48,78,48,2025-05-19,1,48.0,78.0,0,0,0.0,0.0,30,84,27,48,30.083333333333332,84.0,-18,-21,-47
Attention - NewJeans,Attention,NewJeans,8,2025-06-01,50,77,44,2025-06-08,8,47.125,76.5,0,7,0.8571428571428571,2.2320714274285347,30,84,27,48,30.083333333333332,84.0,-20,-17,-40
Attention - NewJeans,Attention,NewJeans,9,2025-06-14,48,72,48,2025-06-14,4,48.5,71.5,2,0,0.0,1.0,30,84,27,48,30.083333333333332,84.0,-18,-21,-44
Attention - NewJeans,Attention,NewJeans,10,2025-06-28,50,75,49,2025-06-29,2,49.5,75.0,0,1,1.0,0.7071067811865476,30,84,27,48,30.083333333333332,84.0,-20,-22,-46
BIRDS OF A FEATHER - Billie Eilish,BIRDS OF A FEATHER,Billie Eilish,1,2025-05-28,41,93,19,2025-06-12,44,27.954545454545453,94.86363636363636,7,15,1.4666666666666666,6.961537338416343,47,86,31,6,40.0,89.33333333333333,6,12,38
BIRDS OF A FEATHER - Billie Eilish,BIRDS OF A FEATHER,Billie Eilish,2,2025-07-12,28,98,26,2025-07-17,32,28.96875,98.9375,1,5,0.4,3.1158737706843502,47,86,31,6,40.0,89.33333333333333,19,5,26
BIRDS OF A FEATHER - Billie Eilish,BIRDS OF A FEATHER,Billie Eilish,3,2025-08-14,18,100,15,2025-08-15,103,29.766990291262136,98.63106796116504,31,1,3.0,6.572676482755229,47,86,31,6,40.0,89.33333333333333,29,16,97
Baddie - IVE,Baddie,IVE,1,2024-12-09,49,82,39,2024-12-11,10,46.1,82.0,11,2,5.0,3.2812599206199238,24,0,10,49,28.0,77.55102040816327,-25,-29,-39
Baddie - IVE,Baddie,IVE,2,2025-01-05,50,80,48,2025-01-06,2,49.0,80.0,0,1,2.0,1.4142135623730951,24,0,10,49,28.0,77.55102040816327,-26,-38,-47
Baddie - IVE,Baddie,IVE,3,2025-01-22,49,81,49,2025-01-22,1,49.0,81.0,0,0,0.0,0.0,24,0,10,49,28.0,77.55102040816327,-25,-39,-48
Baggy Jeans - NCT,Baggy Jeans,NCT,1,2024-09-28,50,64,50,2024-09-28,1,50.0,64.0,0,0,0.0,0.0,23,47,23,23,37.0,61.17391304347826,-27,-27,-22
Bam Yang Gang - BIBI,Bam Yang Gang,BIBI,1,2025-03-02,5,75,4,2025-03-03,12,6.666666666666667,76.41666666666667,5,1,1.0,1.8257418583505538,44,48,4,14,7.857142857142857,64.42857142857143,39,0,-2
Bam Yang Gang - BIBI,Bam Yang Gang,BIBI,2,2025-03-15,10,77,10,2025-03-15,10,12.6,77.0,6,0,0.0,2.065591117977289,44,48,4,14,7.857142857142857,64.42857142857143,34,-6,-4
Bam Yang Gang - BIBI,Bam Yang Gang,BIBI,3,2025-03-26,14,77,14,2025-03-26,36,27.75,76.61111111111111,31,0,0.0,7.762087348130012,44,48,4,14,7.857142857142857,64.42857142857143,30,-10,22
Bam Yang Gang - BIBI,Bam Yang Gang,BIBI,4,2025-05-05,47,76,43,2025-05-06,3,46.0,76.0,5,1,4.0,2.6457513110645907,44,48,4,14,7.857142857142857,64.42857142857143,-3,-39,-11
Be Mine - Jimin,Be Mine,Jimin,1,2025-08-14,3,82,2,2025-08-28,106,2.9245283018867925,80.13207547169812,2,14,0.07142857142857142,1.0207197573285718,6,71,2,23,4.0,80.04347826086956,3,0,83
Beautiful Things - Benson Boone,Beautiful Things,Benson Boone,1,2025-02-03,50,92,50,2025-02-03,1,50.0,92.0,0,0,0.0,0.0,48,91,48,1,48.0,91.0,-2,-2,0
Beautiful Things - Benson Boone,Beautiful Things,Benson Boone,2,2025-02-05,46,93,26,2025-02-11,24,31.041666666666668,96.625,2,6,3.3333333333333335,6.188904283625985,48,91,48,1,48.0,91.0,2,22,23
Beautiful Things - Benson Boone,Beautiful Things,Benson Boone,3,2025-03-02,26,100,20,2025-03-06,12,21.833333333333332,100.0,2,4,1.5,1.898963034411309,48,91,48,1,48.0,91.0,22,28,11
Beautiful Things - Benson Boone,Beautiful Things,Benson Boone,4,2025-03-15,21,100,20,2025-03-16,10,22.1,100.0,3,1,1.0,1.3703203194062978,48,91,48,1,48.0,91.0,27,28,9
Beautiful Things - Benson Boone,Beautiful Things,Benson Boone,5,2025-03-26,22,100,22,2025-03-26,36,30.86111111111111,87.83333333333333,28,0,0.0,8.121058262417979,48,91,48,1,48.0,91.0,26,26,35
Better Things - aespa,Better Things,aespa,1,2024-09-09,50,81,42,2024-09-10,8,46.625,81.0,8,1,8.0,3.9618718519695424,36,0,30,19,40.26315789473684,73.52631578947368,-14,-12,-11
Better Things - aespa,Better Things,aespa,2,2024-10-02,50,80,49,2024-10-04,5,49.6,80.2,1,2,0.5,0.5477225575051661,36,0,30,19,40.26315789473684,73.52631578947368,-14,-19,-14
Big Dawgs - Hanumankind & Kalmi,Big Dawgs,Hanumankind & Kalmi,1,2025-08-29,48,92,48,2025-08-29,3,48.333333333333336,92.0,1,0,0.0,0.5773502691896258,48,92,48,3,48.0,92.0,0,0,0
Bite Me - ENHYPEN,Bite Me,ENHYPEN,1,2024-06-14,47,88,47,2024-06-14,5,48.8,88.4,1,0,0.0,1.3038404810405297,39,71,23,18,41.22222222222222,83.94444444444444,-8,-24,-13
Bling-Bang-Bang-Born - Creepy Nuts,Bling-Bang-Bang-Born,Creepy Nuts,1,2025-02-14,50,92,40,2025-02-15,7,45.857142857142854,92.0,10,1,10.0,4.099941927579439,49,87,34,20,40.0,89.8,-1,-6,-13
Bling-Bang-Bang-Born - Creepy Nuts,Bling-Bang-Bang-Born,Creepy Nuts,2,2025-03-13,48,91,48,2025-03-13,1,48.0,91.0,0,0,0.0,0.0,49,87,34,20,40.0,89.8,1,-14,-19
Bling-Bang-Bang-Born - Creepy Nuts,Bling-Bang-Bang-Born,Creepy Nuts,3,2025-03-15,45,91,40,2025-03-18,10,42.8,90.7,6,3,1.6666666666666667,2.6583202716502514,49,87,34,20,40.0,89.8,4,-6,-10
Bling-Bang-Bang-Born - Creepy Nuts,Bling-Bang-Bang-Born,Creepy Nuts,4,2025-03-26,42,90,42,2025-03-26,5,47.8,90.0,6,0,0.0,3.346640106136302,49,87,34,20,40.0,89.8,7,-8,-15
Blue - V,Blue,V,1,2024-12-31,46,80,46,2024-12-31,1,46.0,80.0,0,0,0.0,0.0,11,73,10,59,24.135593220338983,84.52542372881356,-35,-36,-58
Blue - V,Blue,V,2,2025-01-03,43,81,43,2025-01-03,3,45.666666666666664,81.0,5,0,0.0,2.516611478423583,11,73,10,59,24.135593220338983,84.52542372881356,-32,-33,-56
Blue - V,Blue,V,3,2025-01-07,50,82,49,2025-01-09,3,49.666666666666664,82.0,0,2,0.5,0.5773502691896258,11,73,10,59,24.135593220338983,84.52542372881356,-39,-39,-56
Blue - V,Blue,V,4,2025-01-11,48,82,48,2025-01-11,1,48.0,82.0,0,0,0.0,0.0,11,73,10,59,24.135593220338983,84.52542372881356,-37,-38,-58
Boom Boom Bass - RIIZE,Boom Boom Bass,RIIZE,1,2025-07-12,25,68,25,2025-07-12,32,34.75,68.5,12,0,0.0,6.445803836355416,14,0,12,23,19.91304347826087,57.30434782608695,-11,-13,9
Boom Boom Bass - RIIZE,Boom Boom Bass,RIIZE,2,2025-08-14,33,68,29,2025-08-17,36,36.861111111111114,67.5,19,3,1.3333333333333333,5.28151914172849,14,0,12,23,19.91304347826087,57.30434782608695,-19,-17,13
Boom Boom Bass - RIIZE,Boom Boom Bass,RIIZE,3,2025-09-20,48,67,44,2025-09-21,2,46.0,67.0,0,1,4.0,2.8284271247461903,14,0,12,23,19.91304347826087,57.30434782608695,-34,-32,-21
Boom Boom Bass - RIIZE,Boom Boom Bass,RIIZE,4,2025-09-23,45,67,45,2025-09-23,2,46.0,66.5,2,0,0.0,1.4142135623730951,14,0,12,23,19.91304347826087,57.30434782608695,-31,-33,-21
Broken Melodies - NCT DREAM,Broken Melodies,NCT DREAM,1,2024-07-20,44,56,44,2024-07-20,2,46.5,56.0,5,0,0.0,3.5355339059327378,14,60,12,10,30.8,68.7,-30,-32,-8
Bubble Gum - NewJeans,Bubble Gum,NewJeans,1,2025-07-12,15,80,15,2025-07-12,32,19.03125,79.5,8,0,0.0,2.669835986263648,4,67,3,46,9.304347826086957,77.67391304347827,-11,-12,-14
Bubble Gum - NewJeans,Bubble Gum,NewJeans,2,2025-08-14,22,79,22,2025-08-14,39,34.717948717948715,77.53846153846153,20,0,0.0,7.18532392394649,4,67,3,46,9.304347826086957,77.67391304347827,-18,-19,-7
Bubble Gum - NewJeans,Bubble Gum,NewJeans,3,2025-09-23,49,76,49,2025-09-23,4,49.25,76.0,0,0,0.0,0.5,4,67,3,46,9.304347826086957,77.67391304347827,-45,-46,-42
Bubble Gum - NewJeans,Bubble Gum,NewJeans,4,2025-09-28,49,76,45,2025-09-30,3,47.0,75.66666666666667,0,2,2.0,2.0,4,67,3,46,9.304347826086957,77.67391304347827,-45,-42,-43
Bubble Gum - NewJeans,Bubble Gum,NewJeans,5,2025-10-02,50,75,50,2025-10-02,2,50.0,75.0,0,0,0.0,0.0,4,67,3,46,9.304347826086957,77.67391304347827,-46,-47,-44
Bubble Gum - NewJeans,Bubble Gum,NewJeans,6,2025-10-06,48,75,48,2025-10-06,1,48.0,75.0,0,0,0.0,0.0,4,67,3,46,9.304347826086957,77.67391304347827,-44,-45,-45
Bubble Gum - NewJeans,Bubble Gum,NewJeans,7,2025-10-14,50,74,50,2025-10-14,1,50.0,74.0,0,0,0.0,0.0,4,67,3,46,9.304347826086957,77.67391304347827,-46,-47,-45
But Sometimes - BOYNEXTDOOR,But Sometimes,BOYNEXTDOOR,1,2024-09-27,49,70,49,2024-09-27,1,49.0,70.0,0,0,0.0,0.0,31,53,31,18,40.72222222222222,66.44444444444444,-18,-18,-17
CARNIVAL - ¥$ & Kanye West & Ty Dolla $ign,CARNIVAL,¥$ & Kanye West & Ty Dolla $ign,1,2025-03-06,50,96,50,2025-03-06,1,50.0,96.0,0,0,0.0,0.0,33,0,24,6,35.333333333333336,59.666666666666664,-17,-26,-5
CARNIVAL - ¥$ & Kanye West & Ty Dolla $ign,CARNIVAL,¥$ & Kanye West & Ty Dolla $ign,2,2025-03-08,48,96,48,2025-03-08,1,48.0,96.0,0,0,0.0,0.0,33,0,24,6,35.333333333333336,59.666666666666664,-15,-24,-5
CARNIVAL - ¥$ & Kanye West & Ty Dolla $ign,CARNIVAL,¥$ & Kanye West & Ty Dolla $ign,3,2025-03-15,42,97,42,2025-03-15,6,46.666666666666664,97.0,7,0,0.0,3.32665998663324,33,0,24,6,35.333333333333336,59.666666666666664,-9,-18,0
CHIHIRO - Billie Eilish,CHIHIRO,Billie Eilish,1,2025-05-23,46,90,46,2025-05-23,3,46.666666666666664,91.0,1,0,0.0,0.5773502691896258,47,61,47,1,47.0,61.0,1,1,2
CRAZY - LE SSERAFIM,CRAZY,LE SSERAFIM,1,2025-11-22,45,80,45,2025-11-22,2,47.0,80.0,4,0,0.0,2.8284271247461903,8,70,4,81,12.74074074074074,77.1358024691358,-37,-41,-79
CROOKED - G-DRAGON,CROOKED,G-DRAGON,1,2025-11-09,47,62,47,2025-11-09,2,48.5,62.5,3,0,0.0,2.1213203435596424,49,60,37,4,43.0,60.5,2,-10,-2
CROOKED - G-DRAGON,CROOKED,G-DRAGON,2,2025-11-27,47,65,47,2025-11-27,1,47.0,65.0,0,0,0.0,0.0,49,60,37,4,43.0,60.5,2,-10,-3
Candy (Feat. Zion.T) - Jay Park,Candy (Feat. Zion.T),Jay Park,1,2024-05-31,47,62,45,2024-06-01,2,46.0,62.5,0,1,2.0,1.4142135623730951,31,55,31,3,41.333333333333336,57.0,-16,-14,-1
Candy (Feat. Zion.T) - Jay Park,Candy (Feat. Zion.T),Jay Park,2,2024-06-05,45,65,45,2024-06-05,1,45.0,65.0,0,0,0.0,0.0,31,55,31,3,41.333333333333336,57.0,-14,-14,-2
Candy (Feat. Zion.T) - Jay Park,Candy (Feat. Zion.T),Jay Park,3,2024-06-09,50,66,50,2024-06-09,1,50.0,66.0,0,0,0.0,0.0,31,55,31,3,41.333333333333336,57.0,-19,-19,-2
Chk Chk Boom - Stray Kids,Chk Chk Boom,Stray Kids,1,2025-08-07,44,68,44,2025-08-07,3,47.666666666666664,68.0,5,0,0.0,3.2145502536643185,28,73,28,14,38.785714285714285,63.42857142857143,-16,-16,-11
Christmas Love - Jimin,Christmas Love,Jimin,1,2024-06-21,48,68,48,2024-06-21,2,48.0,68.0,0,0,0.0,0.0,50,68,50,1,50.0,68.0,2,2,1
Christmas Love - Jimin,Christmas Love,Jimin,2,2024-11-05,28,69,28,2024-11-05,2,28.0,69.0,0,0,0.0,0.0,50,68,50,1,50.0,68.0,22,22,1
Christmas Love - Jimin,Christmas Love,Jimin,3,2024-11-08,50,69,50,2024-11-08,1,50.0,69.0,0,0,0.0,0.0,50,68,50,1,50.0,68.0,0,0,0
Christmas Love - Jimin,Christmas Love,Jimin,4,2024-11-10,46,69,33,2024-11-11,2,39.5,69.0,0,1,13.0,9.192388155425117,50,68,50,1,50.0,68.0,4,17,1
Christmas Love - Jimin,Christmas Love,Jimin,5,2024-11-18,48,69,48,2024-11-18,1,48.0,69.0,0,0,0.0,0.0,50,68,50,1,50.0,68.0,2,2,0
Christmas Love - Jimin,Christmas Love,Jimin,6,2024-11-22,49,69,49,2024-11-22,1,49.0,69.0,0,0,0.0,0.0,50,68,50,1,50.0,68.0,1,1,0
Christmas Love - Jimin,Christmas Love,Jimin,7,2024-11-24,46,69,46,2024-11-24,1,46.0,69.0,0,0,0.0,0.0,50,68,50,1,50.0,68.0,4,4,0
Christmas Love - Jimin,Christmas Love,Jimin,8,2024-11-28,48,69,48,2024-11-28,1,48.0,69.0,0,0,0.0,0.0,50,68,50,1,50.0,68.0,2,2,0
Christmas Love - Jimin,Christmas Love,Jimin,9,2024-12-02,50,69,46,2024-12-03,2,48.0,69.0,0,1,4.0,2.8284271247461903,50,68,50,1,50.0,68.0,0,4,1
Christmas Love - Jimin,Christmas Love,Jimin,10,2024-12-05,47,69,47,2024-12-05,1,47.0,69.0,0,0,0.0,0.0,50,68,50,1,50.0,68.0,3,3,0
Christmas Love - Jimin,Christmas Love,Jimin,11,2024-12-09,40,70,40,2024-12-09,2,40.5,70.0,1,0,0.0,0.7071067811865476,50,68,50,1,50.0,68.0,10,10,1
Christmas Love - Jimin,Christmas Love,Jimin,12,2024-12-12,42,70,42,2024-12-12,1,42.0,70.0,0,0,0.0,0.0,50,68,50,1,50.0,68.0,8,8,0
Christmas Love - Jimin,Christmas Love,Jimin,13,2024-12-17,33,71,33,2024-12-17,2,33.0,71.0,0,0,0.0,0.0,50,68,50,1,50.0,68.0,17,17,1
Christmas Love - Jimin,Christmas Love,Jimin,14,2024-12-20,30,71,24,2024-12-25,9,31.77777777777778,70.88888888888889,25,5,1.2,8.6136197062817,50,68,50,1,50.0,68.0,20,26,8
Christmas Tree - V,Christmas Tree,V,1,2024-09-18,44,81,44,2024-09-18,2,45.5,81.0,3,0,0.0,2.1213203435596424,45,82,16,70,33.285714285714285,83.27142857142857,1,-28,-68
Click Like (Prod. Crush) (Feat. Paul Blanco) - Various Artists,Click Like (Prod. Crush) (Feat. Paul Blanco),Various Artists,1,2024-09-13,48,66,48,2024-09-13,1,48.0,66.0,0,0,0.0,0.0,43,46,41,3,42.333333333333336,53.666666666666664,-5,-7,-2
Closer Than This - Jimin,Closer Than This,Jimin,1,2025-03-02,7,89,7,2025-03-02,12,7.083333333333333,87.5,0,0,0.0,0.2886751345948129,2,79,2,67,4.059701492537314,90.73134328358209,-5,-5,-55
Closer Than This - Jimin,Closer Than This,Jimin,2,2025-03-15,8,86,5,2025-03-22,10,6.9,85.4,2,7,0.42857142857142855,0.9944289260117531,2,79,2,67,4.059701492537314,90.73134328358209,-6,-3,-57
Closer Than This - Jimin,Closer Than This,Jimin,3,2025-03-26,6,85,5,2025-06-30,107,8.504672897196262,80.38317757009345,0,96,0.010416666666666666,2.2207164905986985,2,79,2,67,4.059701492537314,90.73134328358209,-4,-3,40
Closer Than This - Jimin,Closer Than This,Jimin,4,2025-07-12,5,85,4,2025-07-18,32,4.96875,79.46875,2,6,0.16666666666666666,0.47412908273673127,2,79,2,67,4.059701492537314,90.73134328358209,-3,-2,-35
Closer Than This - Jimin,Closer Than This,Jimin,5,2025-08-14,7,78,5,2025-08-28,106,11.047169811320755,73.71698113207547,14,14,0.14285714285714285,4.274803421760937,2,79,2,67,4.059701492537314,90.73134328358209,-5,-3,39
Closer to You (feat. Major Lazer) - Jung Kook,Closer to You (feat. Major Lazer),Jung Kook,1,2024-12-05,44,86,33,2024-12-06,10,41.1,86.0,9,1,11.0,4.817791102892602,10,0,10,30,22.4,82.76666666666667,-34,-23,-20
Closer to You (feat. Major Lazer) - Jung Kook,Closer to You (feat. Major Lazer),Jung Kook,2,2024-12-16,48,86,48,2024-12-16,1,48.0,86.0,0,0,0.0,0.0,10,0,10,30,22.4,82.76666666666667,-38,-38,-29
Closer to You (feat. Major Lazer) - Jung Kook,Closer to You (feat. Major Lazer),Jung Kook,3,2024-12-20,49,85,47,2024-12-21,2,48.0,85.0,0,1,2.0,1.4142135623730951,10,0,10,30,22.4,82.76666666666667,-39,-37,-28
Closer to You (feat. Major Lazer) - Jung Kook,Closer to You (feat. Major Lazer),Jung Kook,4,2024-12-29,43,81,43,2024-12-29,1,43.0,81.0,0,0,0.0,0.0,10,0,10,30,22.4,82.76666666666667,-33,-33,-29
Closer to You (feat. Major Lazer) - Jung Kook,Closer to You (feat. Major Lazer),Jung Kook,5,2025-01-05,46,83,46,2025-01-05,1,46.0,83.0,0,0,0.0,0.0,10,0,10,30,22.4,82.76666666666667,-36,-36,-29
Closer to You (feat. Major Lazer) - Jung Kook,Closer to You (feat. Major Lazer),Jung Kook,6,2025-01-10,47,84,47,2025-01-10,1,47.0,84.0,0,0,0.0,0.0,10,0,10,30,22.4,82.76666666666667,-37,-37,-29
Closer to You (feat. Major Lazer) - Jung Kook,Closer to You (feat. Major Lazer),Jung Kook,7,2025-01-12,50,84,50,2025-01-12,1,50.0,84.0,0,0,0.0,0.0,10,0,10,30,22.4,82.76666666666667,-40,-40,-29
Closer to You (feat. Major Lazer) - Jung Kook,Closer to You (feat. Major Lazer),Jung Kook,8,2025-01-16,49,83,49,2025-01-16,1,49.0,83.0,0,0,0.0,0.0,10,0,10,30,22.4,82.76666666666667,-39,-39,-29
Closer to You (feat. Major Lazer) - Jung Kook,Closer to You (feat. Major Lazer),Jung Kook,9,2025-02-25,49,82,41,2025-02-26,4,44.0,82.0,4,1,8.0,3.8297084310253524,10,0,10,30,22.4,82.76666666666667,-39,-31,-26
Closer to You (feat. Major Lazer) - Jung Kook,Closer to You (feat. Major Lazer),Jung Kook,10,2025-03-02,47,81,37,2025-03-04,4,40.25,81.0,0,2,5.0,4.716990566028302,10,0,10,30,22.4,82.76666666666667,-37,-27,-26
Closer to You (feat. Major Lazer) - Jung Kook,Closer to You (feat. Major Lazer),Jung Kook,11,2025-03-07,48,80,48,2025-03-07,1,48.0,80.0,0,0,0.0,0.0,10,0,10,30,22.4,82.76666666666667,-38,-38,-29
Closer to You (feat. Major Lazer) - Jung Kook,Closer to You (feat. Major Lazer),Jung Kook,12,2025-03-16,50,79,50,2025-03-16,2,50.0,79.0,0,0,0.0,0.0,10,0,10,30,22.4,82.76666666666667,-40,-40,-28
Closer to You (feat. Major Lazer) - Jung Kook,Closer to You (feat. Major Lazer),Jung Kook,13,2025-06-08,48,75,48,2025-06-08,1,48.0,75.0,0,0,0.0,0.0,10,0,10,30,22.4,82.76666666666667,-38,-38,-29
Come back to me - RM,Come back to me,RM,1,2025-05-26,42,63,42,2025-05-26,1,42.0,63.0,0,0,0.0,0.0,21,68,21,5,28.8,74.4,-21,-21,-4
Cool With You - NewJeans,Cool With You,NewJeans,1,2024-10-19,48,85,48,2024-10-19,1,48.0,85.0,0,0,0.0,0.0,4,76,4,85,20.44705882352941,86.98823529411764,-44,-44,-84
Cosmic - Red Velvet,Cosmic,Red Velvet,1,2025-07-12,31,72,29,2025-07-14,10,36.5,72.7,19,2,1.0,5.797509043642029,33,55,18,15,27.4,67.86666666666666,2,-11,-5
Cruel Summer - Taylor Swift,Cruel Summer,Taylor Swift,1,2024-07-07,44,98,35,2024-08-06,85,41.67058823529412,99.18823529411765,9,30,0.3,3.834021372913195,38,97,35,3,36.666666666666664,97.0,-6,0,82
Cruel Summer - Taylor Swift,Cruel Summer,Taylor Swift,2,2024-10-04,46,98,43,2024-10-06,5,46.6,98.2,7,2,1.5,2.6076809620810595,38,97,35,3,36.666666666666664,97.0,-8,-8,2
Cruel Summer - Taylor Swift,Cruel Summer,Taylor Swift,3,2024-10-20,45,99,45,2024-10-20,2,45.5,99.0,1,0,0.0,0.7071067811865476,38,97,35,3,36.666666666666664,97.0,-7,-10,-1
Cruel Summer - Taylor Swift,Cruel Summer,Taylor Swift,4,2024-10-24,50,100,50,2024-10-24,2,50.0,100.0,0,0,0.0,0.0,38,97,35,3,36.666666666666664,97.0,-12,-15,-1
Cruel Summer - Taylor Swift,Cruel Summer,Taylor Swift,5,2024-12-28,48,95,22,2025-02-21,63,37.44444444444444,98.61904761904762,9,55,0.4727272727272727,6.275342884290242,38,97,35,3,36.666666666666664,97.0,-10,13,60
Cruel Summer - Taylor Swift,Cruel Summer,Taylor Swift,6,2025-03-02,31,99,26,2025-03-08,12,29.166666666666668,98.41666666666667,3,6,0.8333333333333334,1.992409839791244,38,97,35,3,36.666666666666664,97.0,7,9,9
Cruel Summer - Taylor Swift,Cruel Summer,Taylor Swift,7,2025-03-15,24,98,24,2025-03-15,10,28.7,97.2,6,0,0.0,3.0203016773531446,38,97,35,3,36.666666666666664,97.0,14,11,7
Cruel Summer - Taylor Swift,Cruel Summer,Taylor Swift,8,2025-03-26,29,97,29,2025-03-26,30,38.6,96.3,19,0,0.0,4.311972106620805,38,97,35,3,36.666666666666664,97.0,9,6,27
Cruel Summer - Taylor Swift,Cruel Summer,Taylor Swift,9,2025-04-26,46,96,46,2025-04-26,2,47.0,96.0,2,0,0.0,1.4142135623730951,38,97,35,3,36.666666666666664,97.0,-8,-11,-1
Cruel Summer - Taylor Swift,Cruel Summer,Taylor Swift,10,2025-06-12,50,88,49,2025-06-14,4,49.5,88.0,0,2,0.5,0.5773502691896257,38,97,35,3,36.666666666666664,97.0,-12,-14,1
Cruel Summer - Taylor Swift,Cruel Summer,Taylor Swift,11,2025-06-17,47,88,45,2025-06-20,5,46.0,88.4,0,3,0.6666666666666666,1.0,38,97,35,3,36.666666666666664,97.0,-9,-10,2
Cruel Summer - Taylor Swift,Cruel Summer,Taylor Swift,12,2025-07-31,50,92,47,2025-08-04,5,48.2,92.6,0,4,0.75,1.0954451150103321,38,97,35,3,36.666666666666664,97.0,-12,-12,2
Cruel Summer - Taylor Swift,Cruel Summer,Taylor Swift,13,2025-08-07,48,92,44,2025-08-10,6,45.666666666666664,92.33333333333333,2,3,1.3333333333333333,1.632993161855452,38,97,35,3,36.666666666666664,97.0,-10,-9,3
Cruel Summer - Taylor Swift,Cruel Summer,Taylor Swift,14,2025-08-14,41,93,39,2025-08-15,10,42.4,92.3,8,1,2.0,2.756809750418044,38,97,35,3,36.666666666666664,97.0,-3,-4,7
Cruel Summer - Taylor Swift,Cruel Summer,Taylor Swift,15,2025-08-25,47,92,47,2025-08-25,3,47.0,92.0,0,0,0.0,0.0,38,97,35,3,36.666666666666664,97.0,-9,-12,0
Cruel Summer - Taylor Swift,Cruel Summer,Taylor Swift,16,2025-08-31,43,92,43,2025-08-31,1,43.0,92.0,0,0,0.0,0.0,38,97,35,3,36.666666666666664,97.0,-5,-8,-2
Cruel Summer - Taylor Swift,Cruel Summer,Taylor Swift,17,2025-09-18,49,92,49,2025-09-18,1,49.0,92.0,0,0,0.0,0.0,38,97,35,3,36.666666666666664,97.0,-11,-14,-2
Cupid - FIFTY FIFTY,Cupid,FIFTY FIFTY,1,2024-07-09,50,87,42,2024-07-10,4,47.75,87.0,8,1,8.0,3.8622100754188224,16,88,15,48,24.333333333333332,87.83333333333333,-34,-27,-44
Cupid - Twin Ver. - FIFTY FIFTY,Cupid - Twin Ver.,FIFTY FIFTY,1,2024-07-07,43,99,36,2024-07-10,15,42.06666666666667,98.2,9,3,2.3333333333333335,3.2396354880199247,10,97,10,48,19.0,98.29166666666667,-33,-26,-33
Cupid - Twin Ver. - FIFTY FIFTY,Cupid - Twin Ver.,FIFTY FIFTY,2,2024-07-26,49,97,49,2024-07-26,1,49.0,97.0,0,0,0.0,0.0,10,97,10,48,19.0,98.29166666666667,-39,-39,-47
Cupid - Twin Ver. - FIFTY FIFTY,Cupid - Twin Ver.,FIFTY FIFTY,3,2024-08-06,50,96,50,2024-08-06,1,50.0,96.0,0,0,0.0,0.0,10,97,10,48,19.0,98.29166666666667,-40,-40,-47
Cupido - Engel Montaz & Kuv507 & Latinnites Music,Cupido,Engel Montaz & Kuv507 & Latinnites Music,1,2025-01-10,32,70,32,2025-01-10,1,32.0,70.0,0,0,0.0,0.0,25,68,25,3,39.666666666666664,68.66666666666667,-7,-7,-2
DASH - NMIXX,DASH,NMIXX,1,2025-03-02,43,79,40,2025-03-06,11,44.36363636363637,78.45454545454545,10,4,0.75,3.0421284414937935,44,61,20,43,28.651162790697676,77.55813953488372,1,-20,-32
Dance The Night (From Barbie The Album) - Dua Lipa,Dance The Night (From Barbie The Album),Dua Lipa,1,2024-06-09,46,90,46,2024-06-09,1,46.0,90.0,0,0,0.0,0.0,42,86,42,1,42.0,86.0,-4,-4,0
Dance The Night (From Barbie The Album) - Dua Lipa,Dance The Night (From Barbie The Album),Dua Lipa,2,2024-07-26,45,95,41,2024-07-27,3,42.333333333333336,95.33333333333333,0,1,4.0,2.309401076758503,42,86,42,1,42.0,86.0,-3,1,2
Dance The Night (From Barbie The Album) - Dua Lipa,Dance The Night (From Barbie The Album),Dua Lipa,3,2024-07-30,50,96,41,2024-08-06,13,44.23076923076923,96.46153846153847,7,7,1.2857142857142858,2.385855756810896,42,86,42,1,42.0,86.0,-8,1,12
Dangerously - Charlie Puth,Dangerously,Charlie Puth,1,2024-06-04,47,48,44,2024-06-05,5,46.2,54.0,2,1,3.0,1.3038404810405297,43,47,37,16,41.75,47.5,-4,-7,-11
Dangerously - Charlie Puth,Dangerously,Charlie Puth,2,2024-06-13,49,64,49,2024-06-13,1,49.0,64.0,0,0,0.0,0.0,43,47,37,16,41.75,47.5,-6,-12,-15
Dangerously - Charlie Puth,Dangerously,Charlie Puth,3,2024-06-16,44,64,42,2024-06-19,5,46.0,64.0,8,3,0.6666666666666666,3.082207001484488,43,47,37,16,41.75,47.5,-1,-5,-11
Dangerously - Charlie Puth,Dangerously,Charlie Puth,4,2024-07-01,44,65,44,2024-07-01,1,44.0,65.0,0,0,0.0,0.0,43,47,37,16,41.75,47.5,-1,-7,-15
Dare to Love (feat. BIG Naughty) - B.I,Dare to Love (feat. BIG Naughty),B.I,1,2024-07-04,48,64,48,2024-07-04,1,48.0,64.0,0,0,0.0,0.0,49,63,43,7,46.42857142857143,63.714285714285715,1,-5,-6
Discord - QWER,Discord,QWER,1,2024-12-15,44,59,44,2024-12-15,2,47.0,59.0,6,0,0.0,4.242640687119285,49,58,49,3,49.0,58.0,5,5,-1
Ditto - NewJeans,Ditto,NewJeans,1,2024-11-08,43,85,43,2024-11-08,12,45.75,84.33333333333333,6,0,0.0,1.9128750375000738,15,90,12,170,23.558823529411764,87.33529411764705,-28,-31,-158
Ditto - NewJeans,Ditto,NewJeans,2,2024-11-21,47,84,47,2024-11-21,1,47.0,84.0,0,0,0.0,0.0,15,90,12,170,23.558823529411764,87.33529411764705,-32,-35,-169
Ditto - NewJeans,Ditto,NewJeans,3,2024-11-23,50,84,27,2024-12-11,82,37.01219512195122,84.82926829268293,15,18,1.2777777777777777,7.934133016712632,15,90,12,170,23.558823529411764,87.33529411764705,-35,-15,-88
Ditto - NewJeans,Ditto,NewJeans,4,2025-02-16,50,85,50,2025-02-16,2,50.0,85.0,0,0,0.0,0.0,15,90,12,170,23.558823529411764,87.33529411764705,-35,-38,-168
Ditto - NewJeans,Ditto,NewJeans,5,2025-03-11,49,83,49,2025-03-11,2,49.0,83.0,0,0,0.0,0.0,15,90,12,170,23.558823529411764,87.33529411764705,-34,-37,-168
Ditto - NewJeans,Ditto,NewJeans,6,2025-03-18,50,82,50,2025-03-18,1,50.0,82.0,0,0,0.0,0.0,15,90,12,170,23.558823529411764,87.33529411764705,-35,-38,-169
Ditto - NewJeans,Ditto,NewJeans,7,2025-03-26,49,81,49,2025-03-26,1,49.0,81.0,0,0,0.0,0.0,15,90,12,170,23.558823529411764,87.33529411764705,-34,-37,-169
Ditto - NewJeans,Ditto,NewJeans,8,2025-04-01,47,80,47,2025-04-01,1,47.0,80.0,0,0,0.0,0.0,15,90,12,170,23.558823529411764,87.33529411764705,-32,-35,-169
Ditto - NewJeans,Ditto,NewJeans,9,2025-04-27,46,81,33,2025-04-30,19,40.94736842105263,80.05263157894737,15,3,4.333333333333333,4.904348231819124,15,90,12,170,23.558823529411764,87.33529411764705,-31,-21,-151
Ditto - NewJeans,Ditto,NewJeans,10,2025-05-17,49,80,48,2025-05-18,2,48.5,80.0,0,1,1.0,0.7071067811865476,15,90,12,170,23.558823529411764,87.33529411764705,-34,-36,-168
Ditto - NewJeans,Ditto,NewJeans,11,2025-05-20,49,80,49,2025-05-20,1,49.0,80.0,0,0,0.0,0.0,15,90,12,170,23.558823529411764,87.33529411764705,-34,-37,-169
Ditto - NewJeans,Ditto,NewJeans,12,2025-05-31,42,80,38,2025-06-03,41,43.19512195121951,76.85365853658537,8,3,1.3333333333333333,3.179776031382729,15,90,12,170,23.558823529411764,87.33529411764705,-27,-26,-129
Ditto - NewJeans,Ditto,NewJeans,13,2025-07-12,49,78,47,2025-07-14,6,48.166666666666664,78.5,3,2,1.0,1.3291601358251257,15,90,12,170,23.558823529411764,87.33529411764705,-34,-35,-164
Ditto - NewJeans,Ditto,NewJeans,14,2025-07-20,49,79,49,2025-07-20,1,49.0,79.0,0,0,0.0,0.0,15,90,12,170,23.558823529411764,87.33529411764705,-34,-37,-169
Ditto - NewJeans,Ditto,NewJeans,15,2025-07-24,45,79,45,2025-07-24,1,45.0,79.0,0,0,0.0,0.0,15,90,12,170,23.558823529411764,87.33529411764705,-30,-33,-169
Ditto - NewJeans,Ditto,NewJeans,16,2025-07-26,50,78,50,2025-07-26,5,50.0,78.4,0,0,0.0,0.0,15,90,12,170,23.558823529411764,87.33529411764705,-35,-38,-165
Ditto - NewJeans,Ditto,NewJeans,17,2025-08-03,47,79,47,2025-08-03,1,47.0,79.0,0,0,0.0,0.0,15,90,12,170,23.558823529411764,87.33529411764705,-32,-35,-169
Ditto - NewJeans,Ditto,NewJeans,18,2025-08-10,45,78,45,2025-08-10,2,46.5,78.5,3,0,0.0,2.1213203435596424,15,90,12,170,23.558823529411764,87.33529411764705,-30,-33,-168
Ditto - NewJeans,Ditto,NewJeans,19,2025-08-14,45,79,45,2025-08-14,3,47.0,79.0,3,0,0.0,1.7320508075688772,15,90,12,170,23.558823529411764,87.33529411764705,-30,-33,-167
Ditto - NewJeans,Ditto,NewJeans,20,2025-09-13,48,78,48,2025-09-13,2,48.5,78.0,1,0,0.0,0.7071067811865476,15,90,12,170,23.558823529411764,87.33529411764705,-33,-36,-168
Ditto - NewJeans,Ditto,NewJeans,21,2025-09-16,49,78,45,2025-09-19,5,48.4,78.4,4,3,1.3333333333333333,1.9493588689617927,15,90,12,170,23.558823529411764,87.33529411764705,-34,-33,-165
Ditto - NewJeans,Ditto,NewJeans,22,2025-09-25,45,78,45,2025-09-25,1,45.0,78.0,0,0,0.0,0.0,15,90,12,170,23.558823529411764,87.33529411764705,-30,-33,-169
Ditto - NewJeans,Ditto,NewJeans,23,2025-10-05,50,78,46,2025-10-07,4,48.25,78.0,4,2,2.0,2.0615528128088303,15,90,12,170,23.558823529411764,87.33529411764705,-35,-34,-166
Ditto - NewJeans,Ditto,NewJeans,24,2025-10-12,45,77,30,2025-10-15,5,41.0,77.0,20,3,5.0,7.713624310270756,15,90,12,170,23.558823529411764,87.33529411764705,-30,-18,-165
Ditto - NewJeans,Ditto,NewJeans,25,2025-10-18,39,77,39,2025-10-18,1,39.0,77.0,0,0,0.0,0.0,15,90,12,170,23.558823529411764,87.33529411764705,-24,-27,-169
Ditto - NewJeans,Ditto,NewJeans,26,2025-10-23,48,77,48,2025-10-23,1,48.0,77.0,0,0,0.0,0.0,15,90,12,170,23.558823529411764,87.33529411764705,-33,-36,-169
Ditto - NewJeans,Ditto,NewJeans,27,2025-11-05,48,77,48,2025-11-05,1,48.0,77.0,0,0,0.0,0.0,15,90,12,170,23.558823529411764,87.33529411764705,-33,-36,-169
Do or Die - Lim Young Woong,Do or Die,Lim Young Woong,1,2025-03-02,11,70,10,2025-03-03,12,11.75,69.41666666666667,2,1,1.0,0.621581560508061,30,0,6,142,8.838028169014084,69.66197183098592,19,-4,-130
Do or Die - Lim Young Woong,Do or Die,Lim Young Woong,2,2025-03-15,12,68,12,2025-03-15,10,14.3,68.0,1,0,0.0,1.4181364924121764,30,0,6,142,8.838028169014084,69.66197183098592,18,-6,-132
Do or Die - Lim Young Woong,Do or Die,Lim Young Woong,3,2025-03-26,15,67,11,2025-05-07,107,17.439252336448597,64.35514018691589,10,42,0.09523809523809523,3.27419173403106,30,0,6,142,8.838028169014084,69.66197183098592,15,-5,-35
Do or Die - Lim Young Woong,Do or Die,Lim Young Woong,4,2025-07-12,22,62,19,2025-07-18,32,20.5,62.875,1,6,0.5,1.1639753904947558,30,0,6,142,8.838028169014084,69.66197183098592,8,-13,-110
Do or Die - Lim Young Woong,Do or Die,Lim Young Woong,5,2025-08-14,21,63,20,2025-08-22,68,25.058823529411764,61.4264705882353,23,8,0.125,5.46052961441341,30,0,6,142,8.838028169014084,69.66197183098592,9,-14,-74
Do or Die - Lim Young Woong,Do or Die,Lim Young Woong,6,2025-10-22,46,60,46,2025-10-22,2,47.5,60.0,3,0,0.0,2.1213203435596424,30,0,6,142,8.838028169014084,69.66197183098592,-16,-40,-140
Do or Die - Lim Young Woong,Do or Die,Lim Young Woong,7,2025-11-03,45,59,41,2025-11-09,14,46.142857142857146,59.0,6,6,0.6666666666666666,1.95555000554213,30,0,6,142,8.838028169014084,69.66197183098592,-15,-35,-128
Do or Die - Lim Young Woong,Do or Die,Lim Young Woong,8,2025-11-19,46,59,46,2025-11-19,1,46.0,59.0,0,0,0.0,0.0,30,0,6,142,8.838028169014084,69.66197183098592,-16,-40,-141
Don't Look Back In Anger - Remastered - Oasis,Don't Look Back In Anger - Remastered,Oasis,1,2025-09-03,45,78,45,2025-09-03,1,45.0,78.0,0,0,0.0,0.0,49,77,49,1,49.0,77.0,4,4,0
Don't Look Back in Anger - Remastered - Oasis,Don't Look Back in Anger - Remastered,Oasis,1,2025-09-02,45,74,45,2025-09-02,1,45.0,74.0,0,0,0.0,0.0,32,72,31,3,31.666666666666668,73.0,-13,-14,-2
Don't Look Back in Anger - Remastered - Oasis,Don't Look Back in Anger - Remastered,Oasis,2,2025-09-04,47,75,47,2025-09-04,1,47.0,75.0,0,0,0.0,0.0,32,72,31,3,31.666666666666668,73.0,-15,-16,-2
Drama - aespa,Drama,aespa,1,2025-03-02,27,87,25,2025-03-06,12,29.583333333333332,85.66666666666667,10,4,0.5,3.3967453227875044,23,0,14,110,20.7,85.81818181818181,-4,-11,-98
Drama - aespa,Drama,aespa,2,2025-03-15,32,85,29,2025-03-18,10,35.2,84.2,8,3,1.0,3.0840089349921005,23,0,14,110,20.7,85.81818181818181,-9,-15,-100
Drama - aespa,Drama,aespa,3,2025-03-26,35,83,35,2025-03-26,11,40.27272727272727,83.0,13,0,0.0,3.37908002541843,23,0,14,110,20.7,85.81818181818181,-12,-21,-99
Drama - aespa,Drama,aespa,4,2025-04-07,48,83,45,2025-04-14,11,48.18181818181818,83.0,4,7,0.42857142857142855,1.9400093720485896,23,0,14,110,20.7,85.81818181818181,-25,-31,-99
Drama - aespa,Drama,aespa,5,2025-04-20,50,83,50,2025-04-20,1,50.0,83.0,0,0,0.0,0.0,23,0,14,110,20.7,85.81818181818181,-27,-36,-109
Drama - aespa,Drama,aespa,6,2025-05-03,47,82,43,2025-05-05,7,45.0,82.71428571428571,4,2,2.0,1.7320508075688772,23,0,14,110,20.7,85.81818181818181,-24,-29,-103
Drama - aespa,Drama,aespa,7,2025-05-11,46,83,25,2025-05-24,54,36.77777777777778,81.61111111111111,25,13,1.6153846153846154,7.393691004272945,23,0,14,110,20.7,85.81818181818181,-23,-11,-56
Drama - aespa,Drama,aespa,8,2025-07-12,50,82,48,2025-07-15,5,49.0,82.0,0,3,0.6666666666666666,1.0,23,0,14,110,20.7,85.81818181818181,-27,-34,-105
Drama - aespa,Drama,aespa,9,2025-10-12,47,79,47,2025-10-12,1,47.0,79.0,0,0,0.0,0.0,23,0,14,110,20.7,85.81818181818181,-24,-33,-109
Dreamers [Music from the FIFA World Cup Qatar 2022 Official Soundtrack] - Jung Kook & BTS,Dreamers [Music from the FIFA World Cup Qatar 2022 Official Soundtrack],Jung Kook & BTS,1,2024-10-16,38,82,31,2024-10-17,3,33.333333333333336,82.0,0,1,7.0,4.041451884327381,31,86,10,149,21.328859060402685,85.02684563758389,-7,-21,-146
Dreamers [Music from the FIFA World Cup Qatar 2022 Official Soundtrack] - Jung Kook & BTS,Dreamers [Music from the FIFA World Cup Qatar 2022 Official Soundtrack],Jung Kook & BTS,2,2024-10-20,42,82,28,2024-10-21,3,39.0,82.0,19,1,14.0,9.848857801796104,31,86,10,149,21.328859060402685,85.02684563758389,-11,-18,-146
Dreamers [Music from the FIFA World Cup Qatar 2022 Official Soundtrack] - Jung Kook & BTS,Dreamers [Music from the FIFA World Cup Qatar 2022 Official Soundtrack],Jung Kook & BTS,3,2024-10-26,33,82,21,2024-10-27,5,28.4,82.0,9,1,12.0,7.197221686178632,31,86,10,149,21.328859060402685,85.02684563758389,-2,-11,-144
Dreamers [Music from the FIFA World Cup Qatar 2022 Official Soundtrack] - Jung Kook & BTS,Dreamers [Music from the FIFA World Cup Qatar 2022 Official Soundtrack],Jung Kook & BTS,4,2024-11-20,28,80,28,2024-11-20,1,28.0,80.0,0,0,0.0,0.0,31,86,10,149,21.328859060402685,85.02684563758389,3,-18,-148
Drowning - WOODZ,Drowning,WOODZ,1,2025-11-19,49,61,49,2025-11-19,1,49.0,61.0,0,0,0.0,0.0,50,60,49,5,49.4,60.0,1,0,-4
Drowning - WOODZ,Drowning,WOODZ,2,2025-11-22,49,61,49,2025-11-22,1,49.0,61.0,0,0,0.0,0.0,50,60,49,5,49.4,60.0,1,0,-4
EASY - LE SSERAFIM,EASY,LE SSERAFIM,1,2025-03-02,3,88,3,2025-03-02,12,3.25,88.16666666666667,1,0,0.0,0.45226701686664544,9,71,3,8,3.75,79.25,6,0,4
EASY - LE SSERAFIM,EASY,LE SSERAFIM,2,2025-03-15,3,89,3,2025-03-15,10,6.6,88.1,5,0,0.0,1.837873166945363,9,71,3,8,3.75,79.25,6,0,2
EASY - LE SSERAFIM,EASY,LE SSERAFIM,3,2025-03-26,8,88,8,2025-03-26,90,25.41111111111111,84.83333333333333,40,0,0.0,13.02193002872112,9,71,3,8,3.75,79.25,1,-5,82
EASY - LE SSERAFIM,EASY,LE SSERAFIM,4,2025-06-29,48,80,48,2025-06-29,1,48.0,80.0,0,0,0.0,0.0,9,71,3,8,3.75,79.25,-39,-45,-7
EASY - LE SSERAFIM,EASY,LE SSERAFIM,5,2025-08-03,50,80,50,2025-08-03,1,50.0,80.0,0,0,0.0,0.0,9,71,3,8,3.75,79.25,-41,-47,-7
EASY - LE SSERAFIM,EASY,LE SSERAFIM,6,2025-08-08,49,79,49,2025-08-08,1,49.0,79.0,0,0,0.0,0.0,9,71,3,8,3.75,79.25,-40,-46,-7
EASY - LE SSERAFIM,EASY,LE SSERAFIM,7,2025-08-10,38,80,35,2025-08-11,3,38.333333333333336,80.0,7,1,3.0,3.511884584284246,9,71,3,8,3.75,79.25,-29,-32,-5
EASY - LE SSERAFIM,EASY,LE SSERAFIM,8,2025-08-14,34,80,34,2025-08-14,8,42.125,80.0,16,0,0.0,6.728139203587954,9,71,3,8,3.75,79.25,-25,-31,0
EASY - LE SSERAFIM,EASY,LE SSERAFIM,9,2025-08-24,47,79,47,2025-08-24,1,47.0,79.0,0,0,0.0,0.0,9,71,3,8,3.75,79.25,-38,-44,-7
EASY - LE SSERAFIM,EASY,LE SSERAFIM,10,2025-08-26,49,79,49,2025-08-26,2,49.0,79.0,0,0,0.0,0.0,9,71,3,8,3.75,79.25,-40,-46,-6
EASY - LE SSERAFIM,EASY,LE SSERAFIM,11,2025-08-29,45,79,45,2025-08-29,3,46.666666666666664,79.0,5,0,0.0,2.8867513459481287,9,71,3,8,3.75,79.25,-36,-42,-5
ETA - NewJeans,ETA,NewJeans,1,2024-11-23,48,85,47,2024-11-26,6,48.666666666666664,85.0,3,3,0.3333333333333333,1.0327955589886444,3,76,3,115,13.42608695652174,87.49565217391304,-45,-44,-109
ETA - NewJeans,ETA,NewJeans,2,2024-11-30,49,85,31,2024-12-11,25,41.92,84.68,14,11,1.6363636363636365,4.377213725647858,3,76,3,115,13.42608695652174,87.49565217391304,-46,-28,-90
ETA - NewJeans,ETA,NewJeans,3,2024-12-27,50,83,32,2025-01-07,57,38.59649122807018,84.2280701754386,16,11,1.6363636363636365,5.243566292960515,3,76,3,115,13.42608695652174,87.49565217391304,-47,-29,-58
ETA - NewJeans,ETA,NewJeans,4,2025-02-23,49,84,47,2025-02-26,6,47.833333333333336,84.0,0,3,0.6666666666666666,0.983192080250175,3,76,3,115,13.42608695652174,87.49565217391304,-46,-44,-109
ETA - NewJeans,ETA,NewJeans,5,2025-03-02,44,84,40,2025-03-08,12,43.916666666666664,82.83333333333333,5,6,0.6666666666666666,2.4664414311581235,3,76,3,115,13.42608695652174,87.49565217391304,-41,-37,-103
ETA - NewJeans,ETA,NewJeans,6,2025-03-15,43,82,39,2025-03-24,10,43.0,81.3,0,9,0.4444444444444444,2.6246692913372702,3,76,3,115,13.42608695652174,87.49565217391304,-40,-36,-105
ETA - NewJeans,ETA,NewJeans,7,2025-03-26,39,81,38,2025-03-30,11,44.0,80.27272727272727,12,4,0.25,3.9496835316262997,3,76,3,115,13.42608695652174,87.49565217391304,-36,-35,-104
ETA - NewJeans,ETA,NewJeans,8,2025-04-07,50,80,47,2025-04-13,10,48.8,80.5,2,6,0.5,0.7888106377466155,3,76,3,115,13.42608695652174,87.49565217391304,-47,-44,-105
ETA - NewJeans,ETA,NewJeans,9,2025-04-18,50,81,50,2025-04-18,1,50.0,81.0,0,0,0.0,0.0,3,76,3,115,13.42608695652174,87.49565217391304,-47,-47,-114
ETA - NewJeans,ETA,NewJeans,10,2025-04-27,41,81,25,2025-05-02,29,35.724137931034484,80.03448275862068,19,5,3.2,6.402547214776196,3,76,3,115,13.42608695652174,87.49565217391304,-38,-22,-86
ETA - NewJeans,ETA,NewJeans,11,2025-05-27,48,79,31,2025-06-03,40,39.575,76.275,16,7,2.4285714285714284,4.754956927735033,3,76,3,115,13.42608695652174,87.49565217391304,-45,-28,-75
ETA - NewJeans,ETA,NewJeans,12,2025-07-08,48,78,48,2025-07-08,1,48.0,78.0,0,0,0.0,0.0,3,76,3,115,13.42608695652174,87.49565217391304,-45,-45,-114
ETA - NewJeans,ETA,NewJeans,13,2025-07-14,48,78,48,2025-07-14,3,48.666666666666664,78.0,1,0,0.0,0.5773502691896258,3,76,3,115,13.42608695652174,87.49565217391304,-45,-45,-112
ETA - NewJeans,ETA,NewJeans,14,2025-07-24,50,78,50,2025-07-24,1,50.0,78.0,0,0,0.0,0.0,3,76,3,115,13.42608695652174,87.49565217391304,-47,-47,-114
ETA - NewJeans,ETA,NewJeans,15,2025-10-09,49,78,43,2025-10-14,7,47.285714285714285,78.0,7,5,1.2,2.4299715851758235,3,76,3,115,13.42608695652174,87.49565217391304,-46,-40,-108
ETA - NewJeans,ETA,NewJeans,16,2025-10-18,50,79,50,2025-10-18,1,50.0,79.0,0,0,0.0,0.0,3,76,3,115,13.42608695652174,87.49565217391304,-47,-47,-114
ETA - NewJeans,ETA,NewJeans,17,2025-10-20,45,79,42,2025-10-21,2,43.5,79.0,0,1,3.0,2.1213203435596424,3,76,3,115,13.42608695652174,87.49565217391304,-42,-39,-113
ETA - NewJeans,ETA,NewJeans,18,2025-10-26,43,79,43,2025-10-26,1,43.0,79.0,0,0,0.0,0.0,3,76,3,115,13.42608695652174,87.49565217391304,-40,-40,-114
ETA - NewJeans,ETA,NewJeans,19,2025-11-05,47,79,47,2025-11-05,1,47.0,79.0,0,0,0.0,0.0,3,76,3,115,13.42608695652174,87.49565217391304,-44,-44,-114
Elevator - Lim Young Woong,Elevator,Lim Young Woong,1,2024-11-18,49,55,48,2024-11-19,3,48.666666666666664,55.0,1,1,1.0,0.5773502691896258,50,55,50,1,50.0,55.0,1,2,2
Elevator - Lim Young Woong,Elevator,Lim Young Woong,2,2024-11-22,50,56,50,2024-11-22,1,50.0,56.0,0,0,0.0,0.0,50,55,50,1,50.0,55.0,0,0,0
Elevator - Lim Young Woong,Elevator,Lim Young Woong,3,2024-12-08,50,56,50,2024-12-08,1,50.0,56.0,0,0,0.0,0.0,50,55,50,1,50.0,55.0,0,0,0
Espresso - Sabrina Carpenter,Espresso,Sabrina Carpenter,1,2025-07-12,27,99,27,2025-07-12,32,36.25,98.875,6,0,0.0,4.970882961743802,44,84,11,85,19.48235294117647,96.76470588235294,17,-16,-53
Espresso - Sabrina Carpenter,Espresso,Sabrina Carpenter,2,2025-08-14,30,99,26,2025-08-17,59,35.76271186440678,94.67796610169492,24,3,1.3333333333333333,6.600258571347785,44,84,11,85,19.48235294117647,96.76470588235294,14,-15,-26
FIELD TRIP - ¥$ & Kanye West & Ty Dolla $ign,FIELD TRIP,¥$ & Kanye West & Ty Dolla $ign,1,2025-08-24,31,78,31,2025-08-24,2,37.0,78.0,12,0,0.0,8.48528137423857,24,0,19,7,26.571428571428573,66.28571428571429,-7,-12,-5
FLOWER - JISOO,FLOWER,JISOO,1,2024-06-23,48,85,37,2024-06-25,5,41.2,85.0,3,2,5.5,4.764451699828639,20,86,17,35,26.942857142857143,85.4,-28,-20,-30
FLOWER - JISOO,FLOWER,JISOO,2,2024-06-29,44,85,44,2024-06-29,2,44.0,85.0,0,0,0.0,0.0,20,86,17,35,26.942857142857143,85.4,-24,-27,-33
FLOWER - JISOO,FLOWER,JISOO,3,2024-07-23,45,84,45,2024-07-23,2,45.0,84.0,0,0,0.0,0.0,20,86,17,35,26.942857142857143,85.4,-25,-28,-33
FRI(END)S - V,FRI(END)S,V,1,2025-03-26,10,90,10,2025-03-26,92,27.684782608695652,90.27173913043478,38,0,0.0,10.77943641396762,9,79,9,8,9.0,85.625,-1,-1,84
FRI(END)S - V,FRI(END)S,V,2,2025-06-28,48,88,48,2025-06-28,1,48.0,88.0,0,0,0.0,0.0,9,79,9,8,9.0,85.625,-39,-39,-7
FRI(END)S - V,FRI(END)S,V,3,2025-06-30,49,88,43,2025-07-01,11,45.54545454545455,89.27272727272727,1,1,6.0,2.6215886925159086,9,79,9,8,9.0,85.625,-40,-34,3
FRI(END)S - V,FRI(END)S,V,4,2025-07-12,48,89,48,2025-07-12,3,48.666666666666664,89.66666666666667,2,0,0.0,1.1547005383792517,9,79,9,8,9.0,85.625,-39,-39,-5
FRI(END)S - V,FRI(END)S,V,5,2025-07-17,48,90,45,2025-07-20,4,46.25,90.0,0,3,1.0,1.2583057392117916,9,79,9,8,9.0,85.625,-39,-36,-4
FRI(END)S - V,FRI(END)S,V,6,2025-07-22,49,90,49,2025-07-22,1,49.0,90.0,0,0,0.0,0.0,9,79,9,8,9.0,85.625,-40,-40,-7
Face-off - Jimin,Face-off,Jimin,1,2025-03-02,24,78,22,2025-03-10,12,26.5,77.25,2,8,0.25,3.118857599710626,28,81,5,287,20.149825783972126,80.8397212543554,4,-17,-275
Face-off - Jimin,Face-off,Jimin,2,2025-03-15,25,76,19,2025-03-22,10,23.4,76.0,5,7,0.8571428571428571,2.547329756605707,28,81,5,287,20.149825783972126,80.8397212543554,3,-14,-277
Face-off - Jimin,Face-off,Jimin,3,2025-03-26,25,75,22,2025-04-17,65,32.6,74.67692307692307,23,22,0.13636363636363635,6.905161113254346,28,81,5,287,20.149825783972126,80.8397212543554,3,-17,-222
Face-off - Jimin,Face-off,Jimin,4,2025-05-31,49,73,49,2025-05-31,1,49.0,73.0,0,0,0.0,0.0,28,81,5,287,20.149825783972126,80.8397212543554,-21,-44,-286
Face-off - Jimin,Face-off,Jimin,5,2025-06-02,49,73,49,2025-06-02,1,49.0,73.0,0,0,0.0,0.0,28,81,5,287,20.149825783972126,80.8397212543554,-21,-44,-286
Face-off - Jimin,Face-off,Jimin,6,2025-06-05,43,72,40,2025-06-06,3,42.0,72.0,3,1,3.0,1.7320508075688772,28,81,5,287,20.149825783972126,80.8397212543554,-15,-35,-284
Face-off - Jimin,Face-off,Jimin,7,2025-06-09,41,68,30,2025-06-19,15,39.13333333333333,67.26666666666667,10,10,1.1,4.307247491424303,28,81,5,287,20.149825783972126,80.8397212543554,-13,-25,-272
Face-off - Jimin,Face-off,Jimin,8,2025-06-26,47,69,31,2025-06-28,4,39.0,69.5,5,2,8.0,6.97614984548545,28,81,5,287,20.149825783972126,80.8397212543554,-19,-26,-283
Face-off - Jimin,Face-off,Jimin,9,2025-07-01,49,71,49,2025-07-01,3,49.0,71.66666666666667,0,0,0.0,0.0,28,81,5,287,20.149825783972126,80.8397212543554,-21,-44,-284
Face-off - Jimin,Face-off,Jimin,10,2025-07-06,50,72,50,2025-07-06,1,50.0,72.0,0,0,0.0,0.0,28,81,5,287,20.149825783972126,80.8397212543554,-22,-45,-286
Face-off - Jimin,Face-off,Jimin,11,2025-07-19,37,72,37,2025-07-19,2,41.5,72.0,9,0,0.0,6.363961030678928,28,81,5,287,20.149825783972126,80.8397212543554,-9,-32,-285
Fact Check - NCT 127,Fact Check,NCT 127,1,2024-10-19,50,74,46,2024-10-20,2,48.0,74.5,0,1,4.0,2.8284271247461903,23,0,23,7,34.142857142857146,56.857142857142854,-27,-23,-5
Fate - (G)I-DLE,Fate,(G)I-DLE,1,2025-03-02,29,68,14,2025-03-11,12,19.5,67.33333333333333,0,9,1.6666666666666667,5.072205903477571,49,67,36,8,43.0,67.25,20,22,4
Fate - (G)I-DLE,Fate,(G)I-DLE,2,2025-03-15,14,68,10,2025-03-21,10,11.8,68.7,1,6,0.6666666666666666,1.7511900715418263,49,67,36,8,43.0,67.25,35,26,2
Fate - (G)I-DLE,Fate,(G)I-DLE,3,2025-03-26,9,71,9,2025-03-26,61,22.360655737704917,74.75409836065573,31,0,0.0,10.881226626450477,49,67,36,8,43.0,67.25,40,27,53
Fate - (G)I-DLE,Fate,(G)I-DLE,4,2025-05-27,44,74,44,2025-05-27,1,44.0,74.0,0,0,0.0,0.0,49,67,36,8,43.0,67.25,5,-8,-7
Fate - (G)I-DLE,Fate,(G)I-DLE,5,2025-06-01,49,74,46,2025-06-04,4,47.25,74.0,0,3,1.0,1.2583057392117916,49,67,36,8,43.0,67.25,0,-10,-4
Father - Lim Young Woong,Father,Lim Young Woong,1,2024-10-30,47,57,47,2024-10-30,1,47.0,57.0,0,0,0.0,0.0,47,57,47,1,47.0,57.0,0,0,0
Father - Lim Young Woong,Father,Lim Young Woong,2,2024-11-01,43,57,28,2024-12-02,81,38.074074074074076,58.925925925925924,14,31,0.4838709677419355,5.001944066504986,47,57,47,1,47.0,57.0,4,19,80
Father - Lim Young Woong,Father,Lim Young Woong,3,2025-01-22,42,59,39,2025-01-27,19,43.26315789473684,58.1578947368421,7,5,0.6,2.181796030367792,47,57,47,1,47.0,57.0,5,8,18
Father - Lim Young Woong,Father,Lim Young Woong,4,2025-02-19,46,58,46,2025-02-19,2,46.0,58.0,0,0,0.0,0.0,47,57,47,1,47.0,57.0,1,1,1
Father - Lim Young Woong,Father,Lim Young Woong,5,2025-02-26,50,58,50,2025-02-26,2,50.0,58.0,0,0,0.0,0.0,47,57,47,1,47.0,57.0,-3,-3,1
Fighting (Feat. Lee Young Ji) - BSS,Fighting (Feat. Lee Young Ji),BSS,1,2024-06-06,49,78,49,2024-06-06,2,49.0,78.0,0,0,0.0,0.0,44,78,43,16,45.375,78.0,-5,-6,-14
Filter - BTS,Filter,BTS,1,2024-06-14,43,75,43,2024-06-14,2,44.0,75.0,2,0,0.0,1.4142135623730951,46,75,46,1,46.0,75.0,3,3,1
Filter - BTS,Filter,BTS,2,2024-06-21,47,76,47,2024-06-21,2,48.5,76.0,3,0,0.0,2.1213203435596424,46,75,46,1,46.0,75.0,-1,-1,1
Filter - BTS,Filter,BTS,3,2025-04-06,31,72,31,2025-04-06,2,33.0,72.0,4,0,0.0,2.8284271247461903,46,75,46,1,46.0,75.0,15,15,1
For Us - V,For Us,V,1,2024-12-31,44,80,41,2025-01-03,10,46.1,81.4,5,3,1.0,2.685351208149711,10,73,10,61,23.37704918032787,84.75409836065573,-34,-31,-51
Fortnight (feat. Post Malone) - Taylor Swift,Fortnight (feat. Post Malone),Taylor Swift,1,2025-05-28,50,95,49,2025-05-29,2,49.5,95.0,0,1,1.0,0.7071067811865476,9,85,9,36,19.88888888888889,93.86111111111111,-41,-40,-34
Fortnight (feat. Post Malone) - Taylor Swift,Fortnight (feat. Post Malone),Taylor Swift,2,2025-06-02,50,95,50,2025-06-02,5,50.0,94.4,0,0,0.0,0.0,9,85,9,36,19.88888888888889,93.86111111111111,-41,-41,-31
Fry’s Dream - AKMU,Fry’s Dream,AKMU,1,2024-09-05,41,59,40,2024-09-06,5,42.8,59.2,3,1,1.0,2.280350850198276,28,44,28,3,39.0,48.666666666666664,-13,-12,2
Fry’s Dream - AKMU,Fry’s Dream,AKMU,2,2024-09-12,39,61,18,2024-09-29,45,31.444444444444443,63.422222222222224,31,17,1.2352941176470589,8.07227453457922,28,44,28,3,39.0,48.666666666666664,-11,10,42
GODS - League of Legends & NewJeans,GODS,League of Legends & NewJeans,1,2025-01-25,48,85,48,2025-01-25,1,48.0,85.0,0,0,0.0,0.0,4,73,4,109,31.091743119266056,85.74311926605505,-44,-44,-108
GODS - League of Legends & NewJeans,GODS,League of Legends & NewJeans,2,2025-01-31,49,85,49,2025-01-31,1,49.0,85.0,0,0,0.0,0.0,4,73,4,109,31.091743119266056,85.74311926605505,-45,-45,-108
Get A Guitar - RIIZE,Get A Guitar,RIIZE,1,2024-12-06,49,54,39,2024-12-15,15,45.2,60.46666666666667,11,9,1.1111111111111112,3.6683978597124463,25,57,13,72,28.13888888888889,70.94444444444444,-24,-26,-57
Get A Guitar - RIIZE,Get A Guitar,RIIZE,2,2024-12-23,47,66,47,2024-12-23,2,48.5,66.0,3,0,0.0,2.1213203435596424,25,57,13,72,28.13888888888889,70.94444444444444,-22,-34,-70
Get A Guitar - RIIZE,Get A Guitar,RIIZE,3,2024-12-28,38,64,23,2025-02-10,63,31.50793650793651,70.71428571428571,11,44,0.3409090909090909,4.5183247533293684,25,57,13,72,28.13888888888889,70.94444444444444,-13,-10,-9
Get A Guitar - RIIZE,Get A Guitar,RIIZE,4,2025-03-02,36,72,32,2025-03-08,12,35.666666666666664,70.58333333333333,5,6,0.6666666666666666,2.9336088024923512,25,57,13,72,28.13888888888889,70.94444444444444,-11,-19,-60
Get A Guitar - RIIZE,Get A Guitar,RIIZE,5,2025-03-15,40,69,40,2025-03-15,10,43.0,68.6,5,0,0.0,2.0548046676563256,25,57,13,72,28.13888888888889,70.94444444444444,-15,-27,-62
Get A Guitar - RIIZE,Get A Guitar,RIIZE,6,2025-03-26,44,68,44,2025-03-26,4,47.25,67.5,4,0,0.0,2.5,25,57,13,72,28.13888888888889,70.94444444444444,-19,-31,-68
Get A Guitar - RIIZE,Get A Guitar,RIIZE,7,2025-04-06,49,67,41,2025-04-08,5,46.6,67.0,7,2,4.0,3.209361307176242,25,57,13,72,28.13888888888889,70.94444444444444,-24,-28,-67
Get A Guitar - RIIZE,Get A Guitar,RIIZE,8,2025-04-12,49,67,49,2025-04-12,4,49.75,67.0,1,0,0.0,0.5,25,57,13,72,28.13888888888889,70.94444444444444,-24,-36,-68
Get A Guitar - RIIZE,Get A Guitar,RIIZE,9,2025-04-24,50,67,50,2025-04-24,1,50.0,67.0,0,0,0.0,0.0,25,57,13,72,28.13888888888889,70.94444444444444,-25,-37,-71
Girls Never Die - tripleS,Girls Never Die,tripleS,1,2025-06-24,50,69,47,2025-06-27,4,49.0,69.25,0,3,1.0,1.4142135623730951,43,59,14,42,27.238095238095237,68.38095238095238,-7,-33,-38
Grain of Sand - Lim Young Woong,Grain of Sand,Lim Young Woong,1,2025-03-02,13,69,12,2025-03-03,12,12.916666666666666,67.91666666666667,1,1,1.0,0.28867513459481287,22,36,7,266,15.323308270676693,68.203007518797,9,-5,-254
Grain of Sand - Lim Young Woong,Grain of Sand,Lim Young Woong,2,2025-03-15,13,67,13,2025-03-15,10,15.8,66.6,1,0,0.0,1.6193277068654826,22,36,7,266,15.323308270676693,68.203007518797,9,-6,-256
Grain of Sand - Lim Young Woong,Grain of Sand,Lim Young Woong,3,2025-03-26,16,66,12,2025-05-07,107,19.30841121495327,62.981308411214954,11,42,0.09523809523809523,3.5352969904152434,22,36,7,266,15.323308270676693,68.203007518797,6,-5,-159
Grain of Sand - Lim Young Woong,Grain of Sand,Lim Young Woong,4,2025-07-12,23,61,21,2025-08-07,32,22.625,61.25,0,26,0.07692307692307693,1.0080322575483707,22,36,7,266,15.323308270676693,68.203007518797,-1,-14,-234
Grain of Sand - Lim Young Woong,Grain of Sand,Lim Young Woong,5,2025-08-14,23,61,22,2025-08-26,68,27.86764705882353,59.80882352941177,27,12,0.08333333333333333,6.766697229517616,22,36,7,266,15.323308270676693,68.203007518797,-1,-15,-198
Grain of Sand - Lim Young Woong,Grain of Sand,Lim Young Woong,6,2025-10-22,47,58,47,2025-10-22,1,47.0,58.0,0,0,0.0,0.0,22,36,7,266,15.323308270676693,68.203007518797,-25,-40,-265
Grain of Sand - Lim Young Woong,Grain of Sand,Lim Young Woong,7,2025-11-03,49,58,49,2025-11-03,1,49.0,58.0,0,0,0.0,0.0,22,36,7,266,15.323308270676693,68.203007518797,-27,-42,-265
Grain of Sand - Lim Young Woong,Grain of Sand,Lim Young Woong,8,2025-11-05,46,58,40,2025-11-09,18,45.77777777777778,58.111111111111114,10,4,1.5,2.860595486248923,22,36,7,266,15.323308270676693,68.203007518797,-24,-33,-248
Guess featuring Billie Eilish - Charli xcx & Billie Eilish,Guess featuring Billie Eilish,Charli xcx & Billie Eilish,1,2025-08-14,40,90,38,2025-08-15,3,38.666666666666664,90.66666666666667,0,1,2.0,1.1547005383792517,50,85,35,5,45.2,87.0,10,-3,-2
HAPPY - DAY6,HAPPY,DAY6,1,2025-08-29,42,57,4,2025-10-06,91,12.021978021978022,62.32967032967033,11,38,1.0,8.430075816158373,39,53,39,1,39.0,53.0,-3,35,90
HERO - Lim Young Woong,HERO,Lim Young Woong,1,2024-10-27,49,56,43,2024-11-02,8,47.625,56.75,2,6,1.0,2.38671920665766,50,56,50,1,50.0,56.0,1,7,7
HERO - Lim Young Woong,HERO,Lim Young Woong,2,2024-11-05,48,57,26,2024-11-30,97,36.54639175257732,58.72164948453608,15,25,0.88,4.747851747888857,50,56,50,1,50.0,56.0,2,24,96
HERO - Lim Young Woong,HERO,Lim Young Woong,3,2025-02-11,46,58,46,2025-02-11,2,47.5,58.0,3,0,0.0,2.1213203435596424,50,56,50,1,50.0,56.0,4,4,1
HERO - Lim Young Woong,HERO,Lim Young Woong,4,2025-02-18,50,58,47,2025-02-19,3,48.0,58.0,0,1,3.0,1.7320508075688772,50,56,50,1,50.0,56.0,0,3,2
Haegeum - Agust D,Haegeum,Agust D,1,2024-06-16,48,90,44,2024-06-17,3,45.666666666666664,90.0,1,1,4.0,2.0816659994661326,25,91,25,26,32.07692307692308,90.38461538461539,-23,-19,-23
Haegeum - Agust D,Haegeum,Agust D,2,2024-06-21,50,90,29,2024-08-12,114,40.19298245614035,86.14912280701755,21,52,0.40384615384615385,4.661795759018678,25,91,25,26,32.07692307692308,90.38461538461539,-25,-4,88
Haegeum - Agust D,Haegeum,Agust D,3,2024-10-16,47,84,47,2024-10-16,1,47.0,84.0,0,0,0.0,0.0,25,91,25,26,32.07692307692308,90.38461538461539,-22,-22,-25
Haegeum - Agust D,Haegeum,Agust D,4,2024-10-20,49,84,49,2024-10-20,2,49.5,84.0,1,0,0.0,0.7071067811865476,25,91,25,26,32.07692307692308,90.38461538461539,-24,-24,-24
Haegeum - Agust D,Haegeum,Agust D,5,2024-10-23,45,84,45,2024-10-23,3,47.0,84.0,3,0,0.0,1.7320508075688772,25,91,25,26,32.07692307692308,90.38461538461539,-20,-20,-23
Hate You - Jung Kook,Hate You,Jung Kook,1,2024-12-27,47,84,28,2025-01-03,32,37.875,83.96875,18,7,2.7142857142857144,6.384204297806347,8,0,8,51,26.980392156862745,84.98039215686275,-39,-20,-19
Hate You - Jung Kook,Hate You,Jung Kook,2,2025-01-30,45,83,45,2025-01-30,1,45.0,83.0,0,0,0.0,0.0,8,0,8,51,26.980392156862745,84.98039215686275,-37,-37,-50
Hate You - Jung Kook,Hate You,Jung Kook,3,2025-02-02,44,83,29,2025-02-14,27,41.03703703703704,83.0,6,12,1.25,5.302259906300342,8,0,8,51,26.980392156862745,84.98039215686275,-36,-21,-24
Hate You - Jung Kook,Hate You,Jung Kook,4,2025-03-02,37,82,33,2025-03-03,8,40.75,81.625,10,1,4.0,4.832922806867792,8,0,8,51,26.980392156862745,84.98039215686275,-29,-25,-43
Hate You - Jung Kook,Hate You,Jung Kook,5,2025-03-11,47,81,44,2025-03-13,3,46.0,80.66666666666667,0,2,1.5,1.7320508075688772,8,0,8,51,26.980392156862745,84.98039215686275,-39,-36,-48
Hate You - Jung Kook,Hate You,Jung Kook,6,2025-03-15,39,80,39,2025-03-15,10,45.4,79.6,3,0,0.0,2.9514591494904874,8,0,8,51,26.980392156862745,84.98039215686275,-31,-31,-41
Hate You - Jung Kook,Hate You,Jung Kook,7,2025-03-26,45,79,45,2025-03-26,5,47.4,78.8,2,0,0.0,1.6733200530681511,8,0,8,51,26.980392156862745,84.98039215686275,-37,-37,-46
Holssi - IU,Holssi,IU,1,2025-03-02,33,70,25,2025-03-08,12,29.75,70.08333333333333,3,6,1.3333333333333333,3.3063300170760606,21,57,11,7,19.714285714285715,60.285714285714285,-12,-14,5
Holssi - IU,Holssi,IU,2,2025-03-15,30,71,30,2025-03-15,9,39.111111111111114,70.33333333333333,19,0,0.0,6.565905201197403,21,57,11,7,19.714285714285715,60.285714285714285,-9,-19,2
Holssi - IU,Holssi,IU,3,2025-03-26,48,70,48,2025-03-26,1,48.0,70.0,0,0,0.0,0.0,21,57,11,7,19.714285714285715,60.285714285714285,-27,-37,-6
Home - Lim Young Woong,Home,Lim Young Woong,1,2025-07-12,19,65,16,2025-07-19,32,18.4375,65.21875,2,7,0.42857142857142855,0.9136068187983487,36,35,12,64,18.125,60.265625,17,-4,-32
Home - Lim Young Woong,Home,Lim Young Woong,2,2025-08-14,20,65,16,2025-08-22,73,23.726027397260275,63.76712328767123,33,8,0.5,7.480085178459984,36,35,12,64,18.125,60.265625,16,-4,9
Home - Lim Young Woong,Home,Lim Young Woong,3,2025-11-01,50,62,38,2025-11-03,22,43.54545454545455,62.0,10,2,6.0,3.418817293789138,36,35,12,64,18.125,60.265625,-14,-26,-42
How Sweet - NewJeans,How Sweet,NewJeans,1,2025-07-12,8,84,8,2025-07-12,32,11.3125,83.75,4,0,0.0,1.7308864035330234,1,69,1,46,4.021739130434782,81.08695652173913,-7,-7,-14
How Sweet - NewJeans,How Sweet,NewJeans,2,2025-08-14,12,83,11,2025-08-17,106,23.40566037735849,80.16981132075472,34,3,0.3333333333333333,8.15303426062877,1,69,1,46,4.021739130434782,81.08695652173913,-11,-10,60
"How can I love the heartbreak, you're the one I love - AKMU","How can I love the heartbreak, you're the one I love",AKMU,1,2025-10-24,44,61,34,2025-11-04,24,41.25,61.541666666666664,14,11,0.9090909090909091,4.793564526483942,40,60,40,8,43.75,60.125,-4,6,16
"How can I love the heartbreak, you're the one I love - AKMU","How can I love the heartbreak, you're the one I love",AKMU,2,2025-11-18,49,62,49,2025-11-18,1,49.0,62.0,0,0,0.0,0.0,40,60,40,8,43.75,60.125,-9,-9,-7
Hype Boy - NewJeans,Hype Boy,NewJeans,1,2024-10-22,50,85,50,2024-10-22,1,50.0,85.0,0,0,0.0,0.0,18,87,15,156,25.53205128205128,86.17307692307692,-32,-35,-155
Hype Boy - NewJeans,Hype Boy,NewJeans,2,2024-12-11,50,84,50,2024-12-11,1,50.0,84.0,0,0,0.0,0.0,18,87,15,156,25.53205128205128,86.17307692307692,-32,-35,-155
Hype Boy - NewJeans,Hype Boy,NewJeans,3,2024-12-30,46,81,46,2024-12-30,1,46.0,81.0,0,0,0.0,0.0,18,87,15,156,25.53205128205128,86.17307692307692,-28,-31,-155
Hype Boy - NewJeans,Hype Boy,NewJeans,4,2025-01-04,48,83,42,2025-01-06,12,45.916666666666664,83.75,4,2,3.0,1.9752253419585195,18,87,15,156,25.53205128205128,86.17307692307692,-30,-27,-144
Hype Boy - NewJeans,Hype Boy,NewJeans,5,2025-02-10,49,84,49,2025-02-10,1,49.0,84.0,0,0,0.0,0.0,18,87,15,156,25.53205128205128,86.17307692307692,-31,-34,-155
Hype Boy - NewJeans,Hype Boy,NewJeans,6,2025-03-26,47,80,47,2025-03-26,1,47.0,80.0,0,0,0.0,0.0,18,87,15,156,25.53205128205128,86.17307692307692,-29,-32,-155
Hype Boy - NewJeans,Hype Boy,NewJeans,7,2025-03-30,50,80,50,2025-03-30,1,50.0,80.0,0,0,0.0,0.0,18,87,15,156,25.53205128205128,86.17307692307692,-32,-35,-155
Hype Boy - NewJeans,Hype Boy,NewJeans,8,2025-04-01,46,80,46,2025-04-01,2,47.5,80.0,3,0,0.0,2.1213203435596424,18,87,15,156,25.53205128205128,86.17307692307692,-28,-31,-154
Hype Boy - NewJeans,Hype Boy,NewJeans,9,2025-04-04,48,80,48,2025-04-04,1,48.0,80.0,0,0,0.0,0.0,18,87,15,156,25.53205128205128,86.17307692307692,-30,-33,-155
Hype Boy - NewJeans,Hype Boy,NewJeans,10,2025-04-11,46,80,43,2025-04-14,6,45.666666666666664,80.0,5,3,1.0,2.250925735484551,18,87,15,156,25.53205128205128,86.17307692307692,-28,-28,-150
Hype Boy - NewJeans,Hype Boy,NewJeans,11,2025-04-27,45,80,30,2025-04-29,29,40.3448275862069,80.0,13,2,7.5,5.3336925166406965,18,87,15,156,25.53205128205128,86.17307692307692,-27,-15,-127
Hype Boy - NewJeans,Hype Boy,NewJeans,12,2025-05-27,49,80,29,2025-06-03,45,37.93333333333333,77.15555555555555,12,7,2.857142857142857,4.1197969941160055,18,87,15,156,25.53205128205128,86.17307692307692,-31,-14,-111
Hype Boy - NewJeans,Hype Boy,NewJeans,13,2025-07-12,35,78,32,2025-07-25,32,38.5625,78.96875,8,13,0.23076923076923078,2.7349293792852163,18,87,15,156,25.53205128205128,86.17307692307692,-17,-17,-124
Hype Boy - NewJeans,Hype Boy,NewJeans,14,2025-08-14,36,79,34,2025-08-17,14,40.714285714285715,79.0,10,3,0.6666666666666666,4.998900978116189,18,87,15,156,25.53205128205128,86.17307692307692,-18,-19,-142
Hype Boy - NewJeans,Hype Boy,NewJeans,15,2025-08-31,47,79,47,2025-08-31,1,47.0,79.0,0,0,0.0,0.0,18,87,15,156,25.53205128205128,86.17307692307692,-29,-32,-155
Hype Boy - NewJeans,Hype Boy,NewJeans,16,2025-09-07,46,79,46,2025-09-07,6,47.833333333333336,79.0,0,0,0.0,1.834847859269718,18,87,15,156,25.53205128205128,86.17307692307692,-28,-31,-150
Hype Boy - NewJeans,Hype Boy,NewJeans,17,2025-09-14,50,79,50,2025-09-14,1,50.0,79.0,0,0,0.0,0.0,18,87,15,156,25.53205128205128,86.17307692307692,-32,-35,-155
Hype Boy - NewJeans,Hype Boy,NewJeans,18,2025-09-16,44,79,44,2025-09-16,5,47.6,79.0,6,0,0.0,2.5099800796022267,18,87,15,156,25.53205128205128,86.17307692307692,-26,-29,-151
Hype Boy - NewJeans,Hype Boy,NewJeans,19,2025-09-23,50,79,49,2025-09-24,2,49.5,79.0,0,1,1.0,0.7071067811865476,18,87,15,156,25.53205128205128,86.17307692307692,-32,-34,-154
Hype Boy - NewJeans,Hype Boy,NewJeans,20,2025-09-29,49,78,49,2025-09-29,2,49.5,78.0,1,0,0.0,0.7071067811865476,18,87,15,156,25.53205128205128,86.17307692307692,-31,-34,-154
Hype Boy - NewJeans,Hype Boy,NewJeans,21,2025-10-13,50,77,50,2025-10-13,1,50.0,77.0,0,0,0.0,0.0,18,87,15,156,25.53205128205128,86.17307692307692,-32,-35,-155
I Don’t Think That I Like Her - Charlie Puth,I Don’t Think That I Like Her,Charlie Puth,1,2024-06-16,49,73,49,2024-06-16,1,49.0,73.0,0,0,0.0,0.0,47,72,47,1,47.0,72.0,-2,-2,0
I Don’t Think That I Like Her - Charlie Puth,I Don’t Think That I Like Her,Charlie Puth,2,2024-06-18,49,73,46,2024-06-19,3,48.0,73.0,3,1,3.0,1.7320508075688772,47,72,47,1,47.0,72.0,-2,1,2
I Don’t Think That I Like Her - Charlie Puth,I Don’t Think That I Like Her,Charlie Puth,3,2024-06-25,48,73,48,2024-06-25,2,48.0,73.0,0,0,0.0,0.0,47,72,47,1,47.0,72.0,-1,-1,1
I Don’t Think That I Like Her - Charlie Puth,I Don’t Think That I Like Her,Charlie Puth,4,2024-07-01,50,74,50,2024-07-01,1,50.0,74.0,0,0,0.0,0.0,47,72,47,1,47.0,72.0,-3,-3,0
I Had Some Help (Feat. Morgan Wallen) - Post Malone & Morgan Wallen,I Had Some Help (Feat. Morgan Wallen),Post Malone & Morgan Wallen,1,2025-05-23,50,95,50,2025-05-23,1,50.0,95.0,0,0,0.0,0.0,31,83,31,8,39.25,88.75,-19,-19,-7
I Love You - Lim Young Woong,I Love You,Lim Young Woong,1,2024-05-30,46,56,46,2024-05-30,2,48.0,56.0,4,0,0.0,2.8284271247461903,50,56,45,9,47.77777777777778,56.0,4,-1,-7
I Love You - Lim Young Woong,I Love You,Lim Young Woong,2,2024-06-03,44,56,43,2024-06-05,4,44.5,56.0,0,2,0.5,2.3804761428476167,50,56,45,9,47.77777777777778,56.0,6,2,-5
I Love You - Lim Young Woong,I Love You,Lim Young Woong,3,2024-06-10,46,56,46,2024-06-10,2,48.0,56.0,4,0,0.0,2.8284271247461903,50,56,45,9,47.77777777777778,56.0,4,-1,-7
I Love You - Lim Young Woong,I Love You,Lim Young Woong,4,2024-06-13,46,56,46,2024-06-13,2,48.0,56.0,4,0,0.0,2.8284271247461903,50,56,45,9,47.77777777777778,56.0,4,-1,-7
I Love You - Lim Young Woong,I Love You,Lim Young Woong,5,2024-09-25,48,55,48,2024-09-25,2,48.0,55.0,0,0,0.0,0.0,50,56,45,9,47.77777777777778,56.0,2,-3,-7
I Love You - Lim Young Woong,I Love You,Lim Young Woong,6,2024-10-17,49,56,49,2024-10-17,2,49.0,56.0,0,0,0.0,0.0,50,56,45,9,47.77777777777778,56.0,1,-4,-7
I Love You - Lim Young Woong,I Love You,Lim Young Woong,7,2024-10-22,45,57,24,2024-12-02,117,34.72649572649573,59.256410256410255,26,41,0.5121951219512195,5.794801373561765,50,56,45,9,47.77777777777778,56.0,5,21,108
I Love You - Lim Young Woong,I Love You,Lim Young Woong,8,2025-02-18,47,58,42,2025-02-19,3,43.666666666666664,58.0,0,1,5.0,2.8867513459481287,50,56,45,9,47.77777777777778,56.0,3,3,-6
I Love You - Lim Young Woong,I Love You,Lim Young Woong,9,2025-02-23,50,58,50,2025-02-23,1,50.0,58.0,0,0,0.0,0.0,50,56,45,9,47.77777777777778,56.0,0,-5,-8
I Love You - Lim Young Woong,I Love You,Lim Young Woong,10,2025-02-26,48,58,48,2025-02-26,3,48.333333333333336,58.0,1,0,0.0,0.5773502691896258,50,56,45,9,47.77777777777778,56.0,2,-3,-6
I Love You - Lim Young Woong,I Love You,Lim Young Woong,11,2025-03-04,50,57,50,2025-03-04,2,50.0,57.0,0,0,0.0,0.0,50,56,45,9,47.77777777777778,56.0,0,-5,-7
I Love You - Lim Young Woong,I Love You,Lim Young Woong,12,2025-03-09,46,57,46,2025-03-09,1,46.0,57.0,0,0,0.0,0.0,50,56,45,9,47.77777777777778,56.0,4,-1,-8
I will come to you - Jin,I will come to you,Jin,1,2025-11-23,47,53,30,2025-11-27,5,42.4,56.6,0,4,4.25,7.436396977031283,25,66,25,5,29.0,65.4,-22,-5,0
If I have you only (My love X Nerd Connection) - Nerd Connection,If I have you only (My love X Nerd Connection),Nerd Connection,1,2025-04-09,47,53,47,2025-04-09,1,47.0,53.0,0,0,0.0,0.0,50,53,50,1,50.0,53.0,3,3,0
If I have you only (My love X Nerd Connection) - Nerd Connection,If I have you only (My love X Nerd Connection),Nerd Connection,2,2025-04-12,43,54,43,2025-04-12,5,45.6,54.0,2,0,0.0,1.6733200530681511,50,53,50,1,50.0,53.0,7,7,4
If I have you only (My love X Nerd Connection) - Nerd Connection,If I have you only (My love X Nerd Connection),Nerd Connection,3,2025-04-18,49,54,39,2025-04-23,9,43.55555555555556,54.888888888888886,5,5,2.0,3.2829526005987013,50,53,50,1,50.0,53.0,1,11,8
If I have you only (My love X Nerd Connection) - Nerd Connection,If I have you only (My love X Nerd Connection),Nerd Connection,4,2025-09-02,46,53,46,2025-09-02,2,46.0,53.0,0,0,0.0,0.0,50,53,50,1,50.0,53.0,4,4,1
If I have you only (My love X Nerd Connection) - Nerd Connection,If I have you only (My love X Nerd Connection),Nerd Connection,5,2025-09-07,48,53,48,2025-09-07,1,48.0,53.0,0,0,0.0,0.0,50,53,50,1,50.0,53.0,2,2,0
If I have you only (My love X Nerd Connection) - Nerd Connection,If I have you only (My love X Nerd Connection),Nerd Connection,6,2025-09-09,43,53,43,2025-09-09,2,43.0,53.0,0,0,0.0,0.0,50,53,50,1,50.0,53.0,7,7,1
If I have you only (My love X Nerd Connection) - Nerd Connection,If I have you only (My love X Nerd Connection),Nerd Connection,7,2025-09-15,50,53,36,2025-09-17,12,42.083333333333336,53.666666666666664,10,2,7.0,4.399552318822974,50,53,50,1,50.0,53.0,0,14,11
If I have you only (My love X Nerd Connection) - Nerd Connection,If I have you only (My love X Nerd Connection),Nerd Connection,8,2025-09-29,42,53,31,2025-10-15,22,41.04545454545455,53.22727272727273,16,16,0.6875,5.140662109729341,50,53,50,1,50.0,53.0,8,19,21
If I have you only (My love X Nerd Connection) - Nerd Connection,If I have you only (My love X Nerd Connection),Nerd Connection,9,2025-10-22,50,54,50,2025-10-22,1,50.0,54.0,0,0,0.0,0.0,50,53,50,1,50.0,53.0,0,0,0
"If I’m S, Can You Be My N? - TWS","If I’m S, Can You Be My N?",TWS,1,2025-07-12,34,67,32,2025-07-17,12,35.5,69.0,13,5,0.4,4.482288376589473,45,62,39,9,42.333333333333336,64.77777777777777,11,7,3
If We Ever Meet Again - Lim Young Woong,If We Ever Meet Again,Lim Young Woong,1,2024-07-30,40,61,12,2024-11-17,214,22.990654205607477,62.271028037383175,9,110,0.2545454545454545,9.636584561519722,27,61,23,72,30.319444444444443,61.25,-13,11,142
If We Ever Meet Again - Lim Young Woong,If We Ever Meet Again,Lim Young Woong,2,2025-03-02,21,62,20,2025-03-03,12,21.666666666666668,61.416666666666664,1,1,1.0,1.2309149097933274,27,61,23,72,30.319444444444443,61.25,6,3,-60
If We Ever Meet Again - Lim Young Woong,If We Ever Meet Again,Lim Young Woong,3,2025-03-15,22,60,22,2025-03-15,10,24.7,60.0,4,0,0.0,1.636391694484477,27,61,23,72,30.319444444444443,61.25,5,1,-62
If We Ever Meet Again - Lim Young Woong,If We Ever Meet Again,Lim Young Woong,4,2025-03-26,24,59,23,2025-05-07,62,30.193548387096776,58.95161290322581,24,42,0.023809523809523808,4.529823612088743,27,61,23,72,30.319444444444443,61.25,3,0,-10
If We Ever Meet Again - Lim Young Woong,If We Ever Meet Again,Lim Young Woong,5,2025-05-29,47,58,29,2025-06-24,43,35.04651162790697,55.395348837209305,3,26,0.6923076923076923,3.585376970099339,27,61,23,72,30.319444444444443,61.25,-20,-6,-29
If We Ever Meet Again - Lim Young Woong,If We Ever Meet Again,Lim Young Woong,6,2025-07-12,32,57,29,2025-07-18,32,33.65625,57.78125,2,6,0.5,3.772646670869909,27,61,23,72,30.319444444444443,61.25,-5,-6,-40
If We Ever Meet Again - Lim Young Woong,If We Ever Meet Again,Lim Young Woong,7,2025-08-14,32,58,31,2025-08-20,47,40.361702127659576,56.91489361702128,12,6,0.16666666666666666,4.91415670997708,27,61,23,72,30.319444444444443,61.25,-5,-8,-25
If We Ever Meet Again - Lim Young Woong,If We Ever Meet Again,Lim Young Woong,8,2025-10-01,48,56,46,2025-10-02,5,47.2,55.6,2,1,2.0,0.8366600265340756,27,61,23,72,30.319444444444443,61.25,-21,-23,-67
If We Ever Meet Again - Lim Young Woong,If We Ever Meet Again,Lim Young Woong,9,2025-10-07,50,55,46,2025-10-08,5,47.6,55.0,1,1,4.0,1.51657508881031,27,61,23,72,30.319444444444443,61.25,-23,-23,-67
Impossible - RIIZE,Impossible,RIIZE,1,2025-06-18,49,63,44,2025-06-21,4,46.25,35.0,0,3,1.6666666666666667,2.217355782608345,21,53,11,36,24.47222222222222,67.47222222222223,-28,-33,-32
In Bloom - ZEROBASEONE,In Bloom,ZEROBASEONE,1,2024-07-17,48,76,48,2024-07-17,3,48.333333333333336,77.0,1,0,0.0,0.5773502691896258,39,71,39,2,41.5,72.0,-9,-9,1
In Bloom - ZEROBASEONE,In Bloom,ZEROBASEONE,2,2024-07-22,50,79,50,2024-07-22,1,50.0,79.0,0,0,0.0,0.0,39,71,39,2,41.5,72.0,-11,-11,-1
Interlude : Dive - Jimin,Interlude : Dive,Jimin,1,2024-05-24,48,77,7,2024-06-25,66,19.575757575757574,77.37878787878788,38,32,1.28125,13.939496300424816,42,78,33,3,37.666666666666664,78.0,-6,26,63
Interlude : Dive - Jimin,Interlude : Dive,Jimin,2,2024-07-30,44,78,14,2024-08-16,45,24.91111111111111,77.08888888888889,18,17,1.7647058823529411,8.319807204448425,42,78,33,3,37.666666666666664,78.0,-2,19,42
Interlude : Dive - Jimin,Interlude : Dive,Jimin,3,2024-09-14,26,77,26,2024-09-14,14,36.5,76.57142857142857,19,0,0.0,6.936525399318063,42,78,33,3,37.666666666666664,78.0,16,7,11
Interlude : Dive - Jimin,Interlude : Dive,Jimin,4,2024-09-29,35,76,35,2024-09-29,1,35.0,76.0,0,0,0.0,0.0,42,78,33,3,37.666666666666664,78.0,7,-2,-2
Interlude : Dive - Jimin,Interlude : Dive,Jimin,5,2024-10-06,37,77,37,2024-10-06,4,45.25,77.0,8,0,0.0,5.909032633745278,42,78,33,3,37.666666666666664,78.0,5,-4,1
Interlude : Dive - Jimin,Interlude : Dive,Jimin,6,2024-10-12,39,77,39,2024-10-12,1,39.0,77.0,0,0,0.0,0.0,42,78,33,3,37.666666666666664,78.0,3,-6,-2
Interlude : Dive - Jimin,Interlude : Dive,Jimin,7,2024-10-14,46,77,46,2024-10-14,2,46.0,77.5,0,0,0.0,0.0,42,78,33,3,37.666666666666664,78.0,-4,-13,-1
Interlude : Dive - Jimin,Interlude : Dive,Jimin,8,2024-10-17,42,78,31,2024-10-20,4,38.75,78.0,0,3,3.6666666666666665,5.251983752196243,42,78,33,3,37.666666666666664,78.0,0,2,1
Interlude : Dive - Jimin,Interlude : Dive,Jimin,9,2024-10-22,35,79,17,2024-11-27,98,26.887755102040817,77.86734693877551,17,36,0.5,6.450257971443435,42,78,33,3,37.666666666666664,78.0,7,16,95
Interlude : Dive - Jimin,Interlude : Dive,Jimin,10,2025-01-30,44,77,36,2025-01-31,2,40.0,77.0,0,1,8.0,5.656854249492381,42,78,33,3,37.666666666666664,78.0,-2,-3,-1
Interlude : Dive - Jimin,Interlude : Dive,Jimin,11,2025-02-02,47,77,47,2025-02-02,1,47.0,77.0,0,0,0.0,0.0,42,78,33,3,37.666666666666664,78.0,-5,-14,-2
Interlude : Dive - Jimin,Interlude : Dive,Jimin,12,2025-02-04,48,77,39,2025-02-05,3,42.0,77.0,0,1,9.0,5.196152422706632,42,78,33,3,37.666666666666664,78.0,-6,-6,0
Interlude : Dive - Jimin,Interlude : Dive,Jimin,13,2025-02-08,49,77,40,2025-02-09,4,45.25,77.0,2,1,9.0,4.9916597106239795,42,78,33,3,37.666666666666664,78.0,-7,-7,1
Interlude : Dive - Jimin,Interlude : Dive,Jimin,14,2025-02-14,24,76,22,2025-02-15,8,28.0,76.5,22,1,2.0,7.131419413913534,42,78,33,3,37.666666666666664,78.0,18,11,5
Interlude : Dive - Jimin,Interlude : Dive,Jimin,15,2025-02-24,39,76,31,2025-02-26,5,34.6,76.0,7,2,4.0,3.7815340802378072,42,78,33,3,37.666666666666664,78.0,3,2,2
Interlude : Dive - Jimin,Interlude : Dive,Jimin,16,2025-03-02,34,76,34,2025-03-02,1,34.0,76.0,0,0,0.0,0.0,42,78,33,3,37.666666666666664,78.0,8,-1,-2
Interlude : Dive - Jimin,Interlude : Dive,Jimin,17,2025-03-06,43,75,32,2025-03-10,8,37.375,75.0,1,4,2.75,4.470139019889969,42,78,33,3,37.666666666666664,78.0,-1,1,5
Interlude : Dive - Jimin,Interlude : Dive,Jimin,18,2025-03-15,34,75,27,2025-03-24,10,32.9,74.6,0,9,0.7777777777777778,3.2472210341220142,42,78,33,3,37.666666666666664,78.0,8,6,7
Interlude : Dive - Jimin,Interlude : Dive,Jimin,19,2025-03-26,27,74,15,2025-04-21,65,26.553846153846155,76.83076923076923,28,26,0.46153846153846156,7.679173883853754,42,78,33,3,37.666666666666664,78.0,15,18,62
Interlude : Dive - Jimin,Interlude : Dive,Jimin,20,2025-06-05,41,82,41,2025-06-05,4,46.0,82.0,9,0,0.0,3.7416573867739413,42,78,33,3,37.666666666666664,78.0,1,-8,1
Interlude : Dive - Jimin,Interlude : Dive,Jimin,21,2025-06-12,46,75,37,2025-06-19,12,45.166666666666664,74.25,13,7,1.2857142857142858,4.323999271157397,42,78,33,3,37.666666666666664,78.0,-4,-4,9
Interlude : Dive - Jimin,Interlude : Dive,Jimin,22,2025-06-28,47,77,42,2025-06-29,2,44.5,77.0,0,1,5.0,3.5355339059327378,42,78,33,3,37.666666666666664,78.0,-5,-9,-1
Interlude : Showtime - Jimin,Interlude : Showtime,Jimin,1,2025-08-14,15,77,8,2025-08-29,106,19.660377358490567,72.83018867924528,14,15,0.4666666666666667,6.727182658655185,10,68,9,23,12.347826086956522,76.21739130434783,-5,1,83
Intro: Singularity - BTS,Intro: Singularity,BTS,1,2024-08-21,49,71,46,2024-08-22,3,48.333333333333336,71.0,4,1,3.0,2.0816659994661326,45,70,45,1,45.0,70.0,-4,-1,2
Intro: Singularity - BTS,Intro: Singularity,BTS,2,2024-08-27,49,71,45,2024-08-28,2,47.0,71.5,0,1,4.0,2.8284271247461903,45,70,45,1,45.0,70.0,-4,0,1
I’ll See You There Tomorrow - TOMORROW X TOGETHER,I’ll See You There Tomorrow,TOMORROW X TOGETHER,1,2025-04-23,45,78,43,2025-04-24,4,46.0,78.0,6,1,2.0,2.581988897471611,40,77,40,3,41.0,77.33333333333333,-5,-3,1
Jealousyvalhalla - YANGHONGWON,Jealousyvalhalla,YANGHONGWON,1,2025-05-26,16,48,16,2025-05-26,1,16.0,48.0,0,0,0.0,0.0,24,0,23,4,32.25,32.25,8,7,-3
K-POP - Travis Scott & Bad Bunny & The Weeknd,K-POP,Travis Scott & Bad Bunny & The Weeknd,1,2024-07-29,46,91,46,2024-07-29,2,47.0,91.5,2,0,0.0,1.4142135623730951,39,82,39,4,43.5,65.0,-7,-7,-2
Kill Bill - SZA,Kill Bill,SZA,1,2024-05-21,46,94,40,2024-05-29,20,44.45,94.0,9,8,0.75,2.3277502126799554,45,94,45,2,45.5,94.0,-1,5,18
Kill Bill - SZA,Kill Bill,SZA,2,2024-06-11,49,94,44,2024-06-18,9,47.333333333333336,94.0,3,7,0.7142857142857143,1.5811388300841898,45,94,45,2,45.5,94.0,-4,1,7
Kill Bill - SZA,Kill Bill,SZA,3,2024-06-23,47,94,42,2024-07-02,12,44.416666666666664,94.0,2,9,0.5555555555555556,1.729862492345632,45,94,45,2,45.5,94.0,-2,3,10
Kitsch - IVE,Kitsch,IVE,1,2024-08-17,49,77,49,2024-08-17,1,49.0,77.0,0,0,0.0,0.0,9,80,9,90,27.58888888888889,79.44444444444444,-40,-40,-89
Kitsch - IVE,Kitsch,IVE,2,2024-08-19,50,76,50,2024-08-19,1,50.0,76.0,0,0,0.0,0.0,9,80,9,90,27.58888888888889,79.44444444444444,-41,-41,-89
Klaxon - (G)I-DLE,Klaxon,(G)I-DLE,1,2025-07-27,47,74,36,2025-08-04,17,45.11764705882353,74.58823529411765,12,8,1.375,3.2573446421352252,50,72,47,3,48.666666666666664,72.0,3,11,14
Klaxon - (G)I-DLE,Klaxon,(G)I-DLE,2,2025-08-15,45,75,45,2025-08-15,2,45.0,75.0,0,0,0.0,0.0,50,72,47,3,48.666666666666664,72.0,5,2,-1
LOVE DIVE - IVE,LOVE DIVE,IVE,1,2024-05-21,49,83,49,2024-05-21,2,49.5,83.0,1,0,0.0,0.7071067811865476,49,83,48,2,48.5,83.0,0,-1,0
LOVE DIVE - IVE,LOVE DIVE,IVE,2,2024-05-29,49,83,49,2024-05-29,1,49.0,83.0,0,0,0.0,0.0,49,83,48,2,48.5,83.0,0,-1,-1
LOVE DIVE - IVE,LOVE DIVE,IVE,3,2024-06-19,48,83,48,2024-06-19,1,48.0,83.0,0,0,0.0,0.0,49,83,48,2,48.5,83.0,1,0,-1
Last Christmas - Single Version - Wham!,Last Christmas - Single Version,Wham!,1,2024-12-23,42,89,13,2024-12-25,5,20.8,89.0,0,2,14.5,12.617448236470004,38,89,38,3,41.0,89.0,-4,25,2
Left and Right (Feat. Jung Kook of BTS) - Charlie Puth,Left and Right (Feat. Jung Kook of BTS),Charlie Puth,1,2024-10-26,30,83,15,2024-10-27,5,20.4,83.0,4,1,15.0,6.308724118235002,23,82,6,159,17.729559748427672,85.04402515723271,-7,-9,-154
Left and Right (Feat. Jung Kook of BTS) - Charlie Puth,Left and Right (Feat. Jung Kook of BTS),Charlie Puth,2,2024-11-28,29,82,19,2024-11-29,4,23.0,82.0,3,1,10.0,4.242640687119285,23,82,6,159,17.729559748427672,85.04402515723271,-6,-13,-155
Left and Right (Feat. Jung Kook of BTS) - Charlie Puth,Left and Right (Feat. Jung Kook of BTS),Charlie Puth,3,2024-12-28,42,79,39,2025-01-09,23,44.04347826086956,81.8695652173913,9,12,0.25,3.226005986433678,23,82,6,159,17.729559748427672,85.04402515723271,-19,-33,-136
Left and Right (Feat. Jung Kook of BTS) - Charlie Puth,Left and Right (Feat. Jung Kook of BTS),Charlie Puth,4,2025-01-21,44,83,44,2025-01-21,4,47.25,83.0,6,0,0.0,2.5,23,82,6,159,17.729559748427672,85.04402515723271,-21,-38,-155
Left and Right (Feat. Jung Kook of BTS) - Charlie Puth,Left and Right (Feat. Jung Kook of BTS),Charlie Puth,5,2025-01-28,50,83,50,2025-01-28,2,50.0,83.0,0,0,0.0,0.0,23,82,6,159,17.729559748427672,85.04402515723271,-27,-44,-157
Left and Right (Feat. Jung Kook of BTS) - Charlie Puth,Left and Right (Feat. Jung Kook of BTS),Charlie Puth,6,2025-02-10,46,83,46,2025-02-10,1,46.0,83.0,0,0,0.0,0.0,23,82,6,159,17.729559748427672,85.04402515723271,-23,-40,-158
Left and Right (Feat. Jung Kook of BTS) - Charlie Puth,Left and Right (Feat. Jung Kook of BTS),Charlie Puth,7,2025-08-18,47,78,47,2025-08-18,4,47.5,78.0,1,0,0.0,0.5773502691896257,23,82,6,159,17.729559748427672,85.04402515723271,-24,-41,-155
Left and Right (Feat. Jung Kook of BTS) - Charlie Puth,Left and Right (Feat. Jung Kook of BTS),Charlie Puth,8,2025-08-23,43,78,33,2025-09-02,24,40.416666666666664,79.375,9,10,1.0,4.490731195102493,23,82,6,159,17.729559748427672,85.04402515723271,-20,-27,-135
Let's Say Goodbye - Parc Jae Jung,Let's Say Goodbye,Parc Jae Jung,1,2024-07-30,38,53,30,2024-08-27,45,37.644444444444446,54.266666666666666,18,28,0.2857142857142857,4.588303090743381,50,50,36,15,39.666666666666664,51.8,12,6,30
Let's Say Goodbye - Parc Jae Jung,Let's Say Goodbye,Parc Jae Jung,2,2024-09-14,46,55,37,2024-09-22,18,44.333333333333336,54.888888888888886,12,8,1.125,3.531372004659679,50,50,36,15,39.666666666666664,51.8,4,-1,3
Like Crazy (Deep House Remix) - Jimin,Like Crazy (Deep House Remix),Jimin,1,2024-05-28,43,73,43,2024-05-28,1,43.0,73.0,0,0,0.0,0.0,47,74,46,2,46.5,74.0,4,3,-1
Like Crazy (Deep House Remix) - Jimin,Like Crazy (Deep House Remix),Jimin,2,2024-05-30,48,72,48,2024-05-30,1,48.0,72.0,0,0,0.0,0.0,47,74,46,2,46.5,74.0,-1,-2,-1
Like Crazy (Deep House Remix) - Jimin,Like Crazy (Deep House Remix),Jimin,3,2024-06-01,47,72,46,2024-06-03,3,47.0,72.0,0,2,0.5,1.0,47,74,46,2,46.5,74.0,0,0,1
Like Crazy (Deep House Remix) - Jimin,Like Crazy (Deep House Remix),Jimin,4,2024-06-08,45,72,45,2024-06-08,1,45.0,72.0,0,0,0.0,0.0,47,74,46,2,46.5,74.0,2,1,-1
Like Crazy (Deep House Remix) - Jimin,Like Crazy (Deep House Remix),Jimin,5,2024-06-10,45,71,36,2024-06-12,8,39.5,71.0,10,2,4.5,4.035556254807296,47,74,46,2,46.5,74.0,2,10,6
Like Crazy (Deep House Remix) - Jimin,Like Crazy (Deep House Remix),Jimin,6,2024-06-20,43,71,33,2024-06-22,5,39.4,71.0,14,2,5.0,5.727128425310541,47,74,46,2,46.5,74.0,4,13,3
Like Crazy (Deep House Remix) - Jimin,Like Crazy (Deep House Remix),Jimin,7,2024-06-27,45,71,38,2024-06-28,5,42.8,71.0,1,1,7.0,3.96232255123179,47,74,46,2,46.5,74.0,2,8,3
Like Crazy (Deep House Remix) - Jimin,Like Crazy (Deep House Remix),Jimin,8,2024-07-03,49,71,49,2024-07-03,1,49.0,71.0,0,0,0.0,0.0,47,74,46,2,46.5,74.0,-2,-3,-1
Like Crazy (Deep House Remix) - Jimin,Like Crazy (Deep House Remix),Jimin,9,2024-07-09,46,71,46,2024-07-09,1,46.0,71.0,0,0,0.0,0.0,47,74,46,2,46.5,74.0,1,0,-1
Like Crazy (English Version) - Jimin,Like Crazy (English Version),Jimin,1,2025-03-02,4,81,3,2025-03-09,12,3.8333333333333335,79.83333333333333,0,7,0.14285714285714285,0.5773502691896257,6,90,2,287,3.7526132404181185,85.2439024390244,2,-1,-275
Like Crazy (English Version) - Jimin,Like Crazy (English Version),Jimin,2,2025-03-15,4,79,3,2025-03-16,10,3.1,78.6,0,1,1.0,0.31622776601683794,6,90,2,287,3.7526132404181185,85.2439024390244,2,-1,-277
Like Crazy (English Version) - Jimin,Like Crazy (English Version),Jimin,3,2025-03-26,3,78,2,2025-05-09,107,4.897196261682243,75.54205607476635,4,44,0.022727272727272728,1.6593621156725527,6,90,2,287,3.7526132404181185,85.2439024390244,3,0,-180
Like Crazy (English Version) - Jimin,Like Crazy (English Version),Jimin,4,2025-07-12,7,74,6,2025-07-18,12,13.333333333333334,74.0,28,6,0.16666666666666666,12.694546669791526,6,90,2,287,3.7526132404181185,85.2439024390244,-1,-4,-275
Like Crazy (Instrumental) - Jimin,Like Crazy (Instrumental),Jimin,1,2024-06-14,49,68,48,2024-06-15,2,48.5,68.0,0,1,1.0,0.7071067811865476,48,68,47,2,47.5,68.0,-1,-1,0
Like Crazy (Instrumental) - Jimin,Like Crazy (Instrumental),Jimin,2,2024-06-21,41,68,41,2024-06-21,2,42.0,68.0,2,0,0.0,1.4142135623730951,48,68,47,2,47.5,68.0,7,6,0
Like Crazy (UK Garage Remix) - Jimin,Like Crazy (UK Garage Remix),Jimin,1,2024-05-28,44,72,44,2024-05-28,1,44.0,72.0,0,0,0.0,0.0,49,73,47,2,48.0,73.0,5,3,-1
Like Crazy (UK Garage Remix) - Jimin,Like Crazy (UK Garage Remix),Jimin,2,2024-06-01,50,72,50,2024-06-01,1,50.0,72.0,0,0,0.0,0.0,49,73,47,2,48.0,73.0,-1,-3,-1
Like Crazy (UK Garage Remix) - Jimin,Like Crazy (UK Garage Remix),Jimin,3,2024-06-03,49,72,49,2024-06-03,1,49.0,72.0,0,0,0.0,0.0,49,73,47,2,48.0,73.0,0,-2,-1
Like Crazy (UK Garage Remix) - Jimin,Like Crazy (UK Garage Remix),Jimin,4,2024-06-08,49,71,49,2024-06-08,1,49.0,71.0,0,0,0.0,0.0,49,73,47,2,48.0,73.0,0,-2,-1
Like Crazy (UK Garage Remix) - Jimin,Like Crazy (UK Garage Remix),Jimin,5,2024-06-10,48,71,38,2024-06-11,8,42.125,71.0,10,1,10.0,3.943801646707328,49,73,47,2,48.0,73.0,1,9,6
Like Crazy (UK Garage Remix) - Jimin,Like Crazy (UK Garage Remix),Jimin,6,2024-06-20,42,71,35,2024-06-22,5,39.8,71.0,14,2,3.5,5.805170109479997,49,73,47,2,48.0,73.0,7,12,3
Like Crazy (UK Garage Remix) - Jimin,Like Crazy (UK Garage Remix),Jimin,7,2024-06-27,46,71,40,2024-06-28,5,44.8,71.0,2,1,6.0,3.63318042491699,49,73,47,2,48.0,73.0,3,7,3
Like Crazy (UK Garage Remix) - Jimin,Like Crazy (UK Garage Remix),Jimin,8,2024-07-03,50,71,50,2024-07-03,1,50.0,71.0,0,0,0.0,0.0,49,73,47,2,48.0,73.0,-1,-3,-1
Like Crazy - Jimin,Like Crazy,Jimin,1,2025-03-02,1,92,1,2025-03-02,12,1.0,91.33333333333333,0,0,0.0,0.0,1,93,1,287,1.7770034843205575,93.68641114982579,0,0,-275
Like Crazy - Jimin,Like Crazy,Jimin,2,2025-03-15,1,91,1,2025-03-15,10,1.0,90.5,0,0,0.0,0.0,1,93,1,287,1.7770034843205575,93.68641114982579,0,0,-277
Like Crazy - Jimin,Like Crazy,Jimin,3,2025-03-26,1,90,1,2025-03-26,107,1.2710280373831775,88.76635514018692,0,0,0.0,0.44658227195174616,1,93,1,287,1.7770034843205575,93.68641114982579,0,0,-180
Like Crazy - Jimin,Like Crazy,Jimin,4,2025-07-12,1,88,1,2025-07-12,32,9.09375,87.34375,13,0,0.0,6.854992882516717,1,93,1,287,1.7770034843205575,93.68641114982579,0,0,-255
Like Crazy - Jimin,Like Crazy,Jimin,5,2025-08-14,17,84,15,2025-08-20,21,24.904761904761905,82.33333333333333,23,6,0.3333333333333333,8.005652764795398,1,93,1,287,1.7770034843205575,93.68641114982579,-16,-14,-266
Like Crazy - Jimin,Like Crazy,Jimin,6,2025-09-05,33,80,8,2025-11-23,84,26.404761904761905,76.46428571428571,4,79,0.31645569620253167,9.93365830963131,1,93,1,287,1.7770034843205575,93.68641114982579,-32,-7,-203
Like That - Future & Metro Boomin,Like That,Future & Metro Boomin,1,2025-03-29,46,90,45,2025-03-30,3,45.333333333333336,91.0,0,1,1.0,0.5773502691896258,48,87,48,1,48.0,87.0,2,3,2
Lilith (feat. SUGA of BTS) (Diablo IV Anthem) - Halsey & SUGA,Lilith (feat. SUGA of BTS) (Diablo IV Anthem),Halsey & SUGA,1,2024-07-22,46,85,40,2024-07-23,7,45.57142857142857,84.71428571428571,10,1,6.0,4.157609203101499,28,69,17,43,30.441860465116278,84.74418604651163,-18,-23,-36
Lilith (feat. SUGA of BTS) (Diablo IV Anthem) - Halsey & SUGA,Lilith (feat. SUGA of BTS) (Diablo IV Anthem),Halsey & SUGA,2,2024-07-31,41,84,40,2024-08-03,6,41.5,83.16666666666667,5,3,0.3333333333333333,1.8708286933869707,28,69,17,43,30.441860465116278,84.74418604651163,-13,-23,-37
Lilith (feat. SUGA of BTS) (Diablo IV Anthem) - Halsey & SUGA,Lilith (feat. SUGA of BTS) (Diablo IV Anthem),Halsey & SUGA,3,2024-08-07,49,82,36,2024-08-12,17,45.23529411764706,81.0,10,5,2.6,3.7836723524359552,28,69,17,43,30.441860465116278,84.74418604651163,-21,-19,-26
Lilith (feat. SUGA of BTS) (Diablo IV Anthem) - Halsey & SUGA,Lilith (feat. SUGA of BTS) (Diablo IV Anthem),Halsey & SUGA,4,2024-08-25,50,80,48,2024-08-26,2,49.0,80.0,0,1,2.0,1.4142135623730951,28,69,17,43,30.441860465116278,84.74418604651163,-22,-31,-41
Lilith (feat. SUGA of BTS) (Diablo IV Anthem) - Halsey & SUGA,Lilith (feat. SUGA of BTS) (Diablo IV Anthem),Halsey & SUGA,5,2024-08-30,47,79,47,2024-08-30,4,47.5,79.0,1,0,0.0,0.5773502691896257,28,69,17,43,30.441860465116278,84.74418604651163,-19,-30,-39
Lilith (feat. SUGA of BTS) (Diablo IV Anthem) - Halsey & SUGA,Lilith (feat. SUGA of BTS) (Diablo IV Anthem),Halsey & SUGA,6,2024-09-13,49,78,49,2024-09-13,1,49.0,78.0,0,0,0.0,0.0,28,69,17,43,30.441860465116278,84.74418604651163,-21,-32,-42
Little Light - DOYOUNG,Little Light,DOYOUNG,1,2025-05-01,43,69,43,2025-05-01,4,47.0,69.75,7,0,0.0,3.559026084010437,32,57,29,4,33.75,63.5,-11,-14,0
London Boy - Lim Young Woong,London Boy,Lim Young Woong,1,2025-03-02,15,66,14,2025-03-03,12,14.833333333333334,65.5,1,1,1.0,0.38924947208076155,21,64,5,287,17.21254355400697,66.97909407665506,6,-9,-275
London Boy - Lim Young Woong,London Boy,Lim Young Woong,2,2025-03-15,15,65,15,2025-03-15,10,18.2,64.1,2,0,0.0,1.4757295747452437,21,64,5,287,17.21254355400697,66.97909407665506,6,-10,-277
London Boy - Lim Young Woong,London Boy,Lim Young Woong,3,2025-03-26,17,63,16,2025-05-07,107,21.878504672897197,61.06542056074766,8,42,0.023809523809523808,3.0859091818703193,21,64,5,287,17.21254355400697,66.97909407665506,4,-11,-180
London Boy - Lim Young Woong,London Boy,Lim Young Woong,4,2025-07-12,26,60,22,2025-08-12,32,24.46875,60.625,0,31,0.12903225806451613,1.4364915817769797,21,64,5,287,17.21254355400697,66.97909407665506,-5,-17,-255
London Boy - Lim Young Woong,London Boy,Lim Young Woong,5,2025-08-14,24,61,24,2025-08-14,61,28.311475409836067,59.49180327868852,21,0,0.0,4.185454907998084,21,64,5,287,17.21254355400697,66.97909407665506,-3,-19,-226
London Boy - Lim Young Woong,London Boy,Lim Young Woong,6,2025-10-15,45,58,45,2025-10-15,4,46.0,58.0,0,0,0.0,2.0,21,64,5,287,17.21254355400697,66.97909407665506,-24,-40,-283
London Boy - Lim Young Woong,London Boy,Lim Young Woong,7,2025-11-05,49,57,49,2025-11-05,1,49.0,57.0,0,0,0.0,0.0,21,64,5,287,17.21254355400697,66.97909407665506,-28,-44,-286
London Boy - Lim Young Woong,London Boy,Lim Young Woong,8,2025-11-08,50,57,50,2025-11-08,2,50.0,57.0,0,0,0.0,0.0,21,64,5,287,17.21254355400697,66.97909407665506,-29,-45,-285
London Boy - Lim Young Woong,London Boy,Lim Young Woong,9,2025-11-13,49,57,49,2025-11-13,2,49.0,57.0,0,0,0.0,0.0,21,64,5,287,17.21254355400697,66.97909407665506,-28,-44,-285
London Boy - Lim Young Woong,London Boy,Lim Young Woong,10,2025-11-16,50,57,50,2025-11-16,1,50.0,57.0,0,0,0.0,0.0,21,64,5,287,17.21254355400697,66.97909407665506,-29,-45,-286
London Boy - Lim Young Woong,London Boy,Lim Young Woong,11,2025-11-19,50,57,50,2025-11-19,1,50.0,57.0,0,0,0.0,0.0,21,64,5,287,17.21254355400697,66.97909407665506,-29,-45,-286
Lost and Found - KingLee & Lil' Flip,Lost and Found,KingLee & Lil' Flip,1,2025-01-16,8,64,8,2025-01-16,2,8.0,65.0,0,0,0.0,0.0,27,48,27,1,27.0,48.0,19,19,1
Love 119 - RIIZE,Love 119,RIIZE,1,2025-03-02,28,72,20,2025-03-08,12,23.666666666666668,71.5,6,6,1.3333333333333333,2.3868325657594203,8,56,8,53,18.37735849056604,71.33962264150944,-20,-12,-41
Love 119 - RIIZE,Love 119,RIIZE,2,2025-03-15,26,70,26,2025-03-15,10,30.7,69.8,5,0,0.0,2.7507574714370344,8,56,8,53,18.37735849056604,71.33962264150944,-18,-18,-43
Love 119 - RIIZE,Love 119,RIIZE,3,2025-03-26,30,69,30,2025-03-26,26,37.88461538461539,68.38461538461539,14,0,0.0,3.691362058394414,8,56,8,53,18.37735849056604,71.33962264150944,-22,-22,-27
Love 119 - RIIZE,Love 119,RIIZE,4,2025-04-23,50,69,40,2025-04-24,5,48.0,68.6,10,1,10.0,4.47213595499958,8,56,8,53,18.37735849056604,71.33962264150944,-42,-32,-48
Love Always Run Away - Lim Young Woong,Love Always Run Away,Lim Young Woong,1,2024-05-23,47,58,47,2024-05-23,1,47.0,58.0,0,0,0.0,0.0,50,58,50,1,50.0,58.0,3,3,0
Love Always Run Away - Lim Young Woong,Love Always Run Away,Lim Young Woong,2,2024-05-25,50,58,50,2024-05-25,1,50.0,58.0,0,0,0.0,0.0,50,58,50,1,50.0,58.0,0,0,0
Love Always Run Away - Lim Young Woong,Love Always Run Away,Lim Young Woong,3,2024-05-30,49,58,49,2024-05-30,2,49.0,58.0,0,0,0.0,0.0,50,58,50,1,50.0,58.0,1,1,1
Love Always Run Away - Lim Young Woong,Love Always Run Away,Lim Young Woong,4,2024-06-02,50,58,47,2024-06-03,2,48.5,58.0,0,1,3.0,2.1213203435596424,50,58,50,1,50.0,58.0,0,3,1
Love Always Run Away - Lim Young Woong,Love Always Run Away,Lim Young Woong,5,2024-06-05,48,58,46,2024-06-06,3,47.333333333333336,58.0,2,1,2.0,1.1547005383792517,50,58,50,1,50.0,58.0,2,4,2
Love Always Run Away - Lim Young Woong,Love Always Run Away,Lim Young Woong,6,2024-06-09,48,58,47,2024-06-10,2,47.5,58.0,0,1,1.0,0.7071067811865476,50,58,50,1,50.0,58.0,2,3,1
Love Always Run Away - Lim Young Woong,Love Always Run Away,Lim Young Woong,7,2024-06-13,47,58,47,2024-06-13,1,47.0,58.0,0,0,0.0,0.0,50,58,50,1,50.0,58.0,3,3,0
Love Always Run Away - Lim Young Woong,Love Always Run Away,Lim Young Woong,8,2024-08-09,50,57,50,2024-08-09,1,50.0,57.0,0,0,0.0,0.0,50,58,50,1,50.0,58.0,0,0,0
Love Always Run Away - Lim Young Woong,Love Always Run Away,Lim Young Woong,9,2024-08-11,50,57,50,2024-08-11,1,50.0,57.0,0,0,0.0,0.0,50,58,50,1,50.0,58.0,0,0,0
Love Always Run Away - Lim Young Woong,Love Always Run Away,Lim Young Woong,10,2024-10-02,48,57,48,2024-10-02,2,48.0,57.0,0,0,0.0,0.0,50,58,50,1,50.0,58.0,2,2,1
Love Always Run Away - Lim Young Woong,Love Always Run Away,Lim Young Woong,11,2024-10-14,49,57,49,2024-10-14,2,49.0,57.5,0,0,0.0,0.0,50,58,50,1,50.0,58.0,1,1,1
Love Always Run Away - Lim Young Woong,Love Always Run Away,Lim Young Woong,12,2024-10-21,47,58,28,2024-12-08,112,38.357142857142854,59.86607142857143,22,48,0.3958333333333333,4.72458996334606,50,58,50,1,50.0,58.0,3,22,111
Love Always Run Away - Lim Young Woong,Love Always Run Away,Lim Young Woong,13,2025-02-12,46,59,46,2025-02-12,1,46.0,59.0,0,0,0.0,0.0,50,58,50,1,50.0,58.0,4,4,0
Love Always Run Away - Lim Young Woong,Love Always Run Away,Lim Young Woong,14,2025-02-19,43,59,43,2025-02-19,2,43.0,59.0,0,0,0.0,0.0,50,58,50,1,50.0,58.0,7,7,1
Love Lee - AKMU,Love Lee,AKMU,1,2024-11-12,50,81,50,2024-11-12,1,50.0,81.0,0,0,0.0,0.0,49,0,8,81,20.049382716049383,75.01234567901234,-1,-42,-80
Love Letter - Lim Young Woong,Love Letter,Lim Young Woong,1,2024-11-09,49,57,32,2024-12-05,42,40.04761904761905,58.95238095238095,11,26,0.6538461538461539,4.207730289930555,50,57,50,2,50.0,57.0,1,18,40
Love Letter - Lim Young Woong,Love Letter,Lim Young Woong,2,2024-12-23,49,58,47,2024-12-24,2,48.0,58.0,0,1,2.0,1.4142135623730951,50,57,50,2,50.0,57.0,1,3,0
Love Letter - Lim Young Woong,Love Letter,Lim Young Woong,3,2024-12-28,43,56,41,2024-12-29,9,43.22222222222222,56.666666666666664,3,1,2.0,1.3017082793177757,50,57,50,2,50.0,57.0,7,9,7
Love Letter - Lim Young Woong,Love Letter,Lim Young Woong,4,2025-01-07,46,58,41,2025-01-11,10,44.5,58.3,3,4,1.25,1.509230856356236,50,57,50,2,50.0,57.0,4,9,8
Love Letter - Lim Young Woong,Love Letter,Lim Young Woong,5,2025-01-18,48,58,46,2025-01-19,3,48.0,58.0,4,1,2.0,2.0,50,57,50,2,50.0,57.0,2,4,1
Love Letter - Lim Young Woong,Love Letter,Lim Young Woong,6,2025-01-22,50,58,50,2025-01-22,1,50.0,58.0,0,0,0.0,0.0,50,57,50,2,50.0,57.0,0,0,-1
Love Letter - Lim Young Woong,Love Letter,Lim Young Woong,7,2025-01-27,48,58,48,2025-01-27,4,48.25,58.0,1,0,0.0,0.5,50,57,50,2,50.0,57.0,2,2,2
Love Letter - Lim Young Woong,Love Letter,Lim Young Woong,8,2025-02-01,49,57,49,2025-02-01,1,49.0,57.0,0,0,0.0,0.0,50,57,50,2,50.0,57.0,1,1,-1
Love Letter - Lim Young Woong,Love Letter,Lim Young Woong,9,2025-02-07,50,57,50,2025-02-07,1,50.0,57.0,0,0,0.0,0.0,50,57,50,2,50.0,57.0,0,0,-1
Love Me Again - V,Love Me Again,V,1,2025-03-02,18,90,16,2025-03-06,12,17.0,89.58333333333333,2,4,0.5,0.9534625892455924,8,79,3,200,12.51,90.95,-10,-13,-188
Love Me Again - V,Love Me Again,V,2,2025-03-15,17,89,12,2025-03-17,10,13.0,88.6,0,2,2.5,1.8856180831641267,8,79,3,200,12.51,90.95,-9,-9,-190
Love Me Again - V,Love Me Again,V,3,2025-03-26,12,88,11,2025-04-11,107,21.7196261682243,86.35514018691589,18,16,0.0625,6.80149039233642,8,79,3,200,12.51,90.95,-4,-8,-93
Love Me Again - V,Love Me Again,V,4,2025-07-12,30,87,26,2025-08-11,32,31.65625,87.0,0,30,0.13333333333333333,3.2389701170827183,8,79,3,200,12.51,90.95,-22,-23,-168
Love Me Again - V,Love Me Again,V,5,2025-08-14,31,87,24,2025-10-17,106,31.79245283018868,86.44339622641509,13,64,0.109375,3.898026316537702,8,79,3,200,12.51,90.95,-23,-21,-94
Love Me Like This - NMIXX,Love Me Like This,NMIXX,1,2024-06-05,50,79,50,2024-06-05,1,50.0,79.0,0,0,0.0,0.0,37,80,37,16,42.875,80.0,-13,-13,-15
Love Me Like This - NMIXX,Love Me Like This,NMIXX,2,2024-06-07,50,30,50,2024-06-07,1,50.0,30.0,0,0,0.0,0.0,37,80,37,16,42.875,80.0,-13,-13,-15
Love Station - Lim Young Woong,Love Station,Lim Young Woong,1,2024-11-20,50,56,50,2024-11-20,2,50.0,56.0,0,0,0.0,0.0,50,55,50,1,50.0,55.0,0,0,1
Love Station - Lim Young Woong,Love Station,Lim Young Woong,2,2024-11-23,49,56,49,2024-11-23,1,49.0,56.0,0,0,0.0,0.0,50,55,50,1,50.0,55.0,1,1,0
Love Station - Lim Young Woong,Love Station,Lim Young Woong,3,2024-12-05,50,57,50,2024-12-05,1,50.0,57.0,0,0,0.0,0.0,50,55,50,1,50.0,55.0,0,0,0
Love You With All My Heart - Crush,Love You With All My Heart,Crush,1,2025-04-23,48,73,19,2025-05-08,33,34.666666666666664,77.78787878787878,26,15,1.9333333333333333,6.926699550772119,48,70,48,1,48.0,70.0,0,29,32
Love wins all - IU,Love wins all,IU,1,2025-03-02,19,83,19,2025-03-02,12,22.25,82.16666666666667,8,0,0.0,3.1079078025403053,8,67,6,34,12.147058823529411,81.61764705882354,-11,-13,-22
Love wins all - IU,Love wins all,IU,2,2025-03-15,28,81,28,2025-03-15,10,33.6,80.3,8,0,0.0,3.1692971530679235,8,67,6,34,12.147058823529411,81.61764705882354,-20,-22,-24
Love wins all - IU,Love wins all,IU,3,2025-03-26,34,79,34,2025-03-26,25,41.2,78.24,13,0,0.0,3.9370039370059056,8,67,6,34,12.147058823529411,81.61764705882354,-26,-28,-9
Love wins all - IU,Love wins all,IU,4,2025-04-21,48,78,48,2025-04-21,2,48.0,78.0,0,0,0.0,0.0,8,67,6,34,12.147058823529411,81.61764705882354,-40,-42,-32
Lovely Touch - Lim Young Woong,Lovely Touch,Lim Young Woong,1,2024-06-03,48,56,48,2024-06-03,1,48.0,56.0,0,0,0.0,0.0,49,55,45,2,47.0,55.5,1,-3,-1
Lovely Touch - Lim Young Woong,Lovely Touch,Lim Young Woong,2,2024-06-05,49,56,48,2024-06-06,2,48.5,56.0,0,1,1.0,0.7071067811865476,49,55,45,2,47.0,55.5,0,-3,0
Lovely Touch - Lim Young Woong,Lovely Touch,Lim Young Woong,3,2024-10-22,49,56,25,2024-12-08,111,37.234234234234236,58.711711711711715,19,47,0.5106382978723404,5.495378148879382,49,55,45,2,47.0,55.5,0,20,109
Lovely Touch - Lim Young Woong,Lovely Touch,Lim Young Woong,4,2025-02-11,50,58,50,2025-02-11,1,50.0,58.0,0,0,0.0,0.0,49,55,45,2,47.0,55.5,-1,-5,-1
Lovely Touch - Lim Young Woong,Lovely Touch,Lim Young Woong,5,2025-02-19,44,58,44,2025-02-19,2,44.0,58.0,0,0,0.0,0.0,49,55,45,2,47.0,55.5,5,1,0
Lovin On Me - Jack Harlow,Lovin On Me,Jack Harlow,1,2025-01-18,49,99,39,2025-01-21,5,46.4,99.0,7,3,3.3333333333333335,4.393176527297759,50,99,50,2,50.0,99.0,1,11,3
Lovin On Me - Jack Harlow,Lovin On Me,Jack Harlow,2,2025-01-24,47,99,45,2025-01-25,8,47.625,99.0,2,1,2.0,1.685018016012207,50,99,50,2,50.0,99.0,3,5,6
Loving You - Lim Young Woong,Loving You,Lim Young Woong,1,2024-11-19,47,56,47,2024-11-19,4,48.0,56.0,1,0,0.0,0.816496580927726,47,56,47,1,47.0,56.0,0,0,3
Loving You - Lim Young Woong,Loving You,Lim Young Woong,2,2024-12-04,46,57,46,2024-12-04,1,46.0,57.0,0,0,0.0,0.0,47,56,47,1,47.0,56.0,1,1,0
Loving You - Lim Young Woong,Loving You,Lim Young Woong,3,2024-12-06,50,57,50,2024-12-06,2,50.0,57.0,0,0,0.0,0.0,47,56,47,1,47.0,56.0,-3,-3,1
Lucky Girl Syndrome - ILLIT,Lucky Girl Syndrome,ILLIT,1,2025-04-23,44,76,21,2025-04-27,33,28.424242424242426,77.03030303030303,16,4,5.75,4.776441556158092,29,65,28,10,32.4,70.6,-15,7,23
Lucky Girl Syndrome - ILLIT,Lucky Girl Syndrome,ILLIT,2,2025-05-27,45,78,44,2025-05-28,4,44.5,78.0,1,1,1.0,0.5773502691896257,29,65,28,10,32.4,70.6,-16,-16,-6
Lucky Girl Syndrome - ILLIT,Lucky Girl Syndrome,ILLIT,3,2025-06-02,43,77,39,2025-06-03,8,45.125,76.5,10,1,4.0,3.563204817496262,29,65,28,10,32.4,70.6,-14,-11,-2
Lucky Girl Syndrome - ILLIT,Lucky Girl Syndrome,ILLIT,4,2025-06-12,48,72,48,2025-06-12,2,48.0,72.0,0,0,0.0,0.0,29,65,28,10,32.4,70.6,-19,-20,-8
MAESTRO - SEVENTEEN,MAESTRO,SEVENTEEN,1,2025-05-15,49,81,48,2025-05-16,2,48.5,81.5,0,1,1.0,0.7071067811865476,20,66,14,11,30.454545454545453,75.81818181818181,-29,-34,-9
MANIAC - VIVIZ,MANIAC,VIVIZ,1,2025-02-03,48,81,48,2025-02-03,2,48.5,81.0,1,0,0.0,0.7071067811865476,50,80,46,2,48.0,80.5,2,-2,0
MANIAC - VIVIZ,MANIAC,VIVIZ,2,2025-02-09,48,81,40,2025-02-11,4,44.0,81.75,7,2,4.0,4.08248290463863,50,80,46,2,48.0,80.5,2,6,2
MANIAC - VIVIZ,MANIAC,VIVIZ,3,2025-02-14,49,82,47,2025-02-15,4,48.0,82.0,2,1,2.0,1.1547005383792515,50,80,46,2,48.0,80.5,1,-1,2
MANIAC - VIVIZ,MANIAC,VIVIZ,4,2025-02-28,50,83,50,2025-02-28,1,50.0,83.0,0,0,0.0,0.0,50,80,46,2,48.0,80.5,0,-4,-1
MEOW - MEOVV,MEOW,MEOVV,1,2025-10-25,45,58,45,2025-10-25,2,45.0,67.0,0,0,0.0,0.0,43,33,8,46,23.543478260869566,69.95652173913044,-2,-37,-44
MILLION DOLLAR BABY - Tommy Richman,MILLION DOLLAR BABY,Tommy Richman,1,2025-07-12,24,94,23,2025-07-14,32,30.21875,94.875,7,2,0.5,4.2482206901546515,43,90,12,63,19.984126984126984,87.52380952380952,19,-11,-31
MILLION DOLLAR BABY - Tommy Richman,MILLION DOLLAR BABY,Tommy Richman,2,2025-08-14,28,95,28,2025-08-14,22,38.95454545454545,94.04545454545455,21,0,0.0,7.473618825908795,43,90,12,63,19.984126984126984,87.52380952380952,15,-16,-41
MILLION DOLLAR BABY - Tommy Richman,MILLION DOLLAR BABY,Tommy Richman,3,2025-09-07,50,93,50,2025-09-07,1,50.0,93.0,0,0,0.0,0.0,43,90,12,63,19.984126984126984,87.52380952380952,-7,-38,-62
Magnetic - ILLIT,Magnetic,ILLIT,1,2025-07-12,14,89,14,2025-07-12,32,15.21875,88.15625,1,0,0.0,1.0075321174741456,10,68,1,106,7.047169811320755,89.77358490566037,-4,-13,-74
Magnetic - ILLIT,Magnetic,ILLIT,2,2025-08-14,13,88,13,2025-08-14,106,22.037735849056602,84.82075471698113,21,0,0.0,4.935632401805286,10,68,1,106,7.047169811320755,89.77358490566037,-3,-12,0
Mars - D.O.,Mars,D.O.,1,2025-05-18,47,70,47,2025-05-18,1,47.0,70.0,0,0,0.0,0.0,48,65,48,1,48.0,65.0,1,1,0
Melt Down - DAY6,Melt Down,DAY6,1,2025-10-06,40,65,40,2025-10-06,1,40.0,65.0,0,0,0.0,0.0,16,49,11,31,21.35483870967742,63.12903225806452,-24,-29,-30
Melt Down - DAY6,Melt Down,DAY6,2,2025-10-08,41,65,28,2025-10-15,23,38.47826086956522,63.608695652173914,20,7,1.8571428571428572,6.185537128270866,16,49,11,31,21.35483870967742,63.12903225806452,-25,-17,-8
Melt Down - DAY6,Melt Down,DAY6,3,2025-11-01,46,62,38,2025-11-04,7,43.42857142857143,62.0,12,3,2.6666666666666665,4.3149794459588815,16,49,11,31,21.35483870967742,63.12903225806452,-30,-27,-24
Melt Down - DAY6,Melt Down,DAY6,4,2025-11-10,42,61,42,2025-11-10,4,45.0,61.0,5,0,0.0,2.449489742783178,16,49,11,31,21.35483870967742,63.12903225806452,-26,-31,-27
Memories - RIIZE,Memories,RIIZE,1,2024-09-05,24,71,24,2024-09-05,12,34.083333333333336,72.41666666666667,17,0,0.0,7.739606911950706,50,69,47,3,48.0,69.33333333333333,26,23,9
Memories - RIIZE,Memories,RIIZE,2,2024-09-18,47,73,37,2024-09-19,6,42.833333333333336,73.0,10,1,10.0,3.920034013457877,50,69,47,3,48.0,69.33333333333333,3,10,3
Memories - RIIZE,Memories,RIIZE,3,2024-09-25,50,73,44,2024-09-28,4,47.75,73.0,0,3,2.0,2.8722813232690143,50,69,47,3,48.0,69.33333333333333,0,3,1
Memories - RIIZE,Memories,RIIZE,4,2024-10-02,47,74,39,2024-10-06,18,44.833333333333336,74.72222222222223,7,4,2.0,3.034119699837364,50,69,47,3,48.0,69.33333333333333,3,8,15
Midas Touch - KISS OF LIFE,Midas Touch,KISS OF LIFE,1,2025-06-19,49,75,49,2025-06-19,3,49.0,75.0,0,0,0.0,0.0,32,64,9,74,26.486486486486488,79.71621621621621,-17,-40,-71
Midas Touch - KISS OF LIFE,Midas Touch,KISS OF LIFE,2,2025-06-29,50,77,50,2025-06-29,1,50.0,77.0,0,0,0.0,0.0,32,64,9,74,26.486486486486488,79.71621621621621,-18,-41,-73
My Love Mine All Mine - Mitski,My Love Mine All Mine,Mitski,1,2024-12-23,48,97,48,2024-12-23,1,48.0,97.0,0,0,0.0,0.0,48,98,46,4,47.5,98.0,0,-2,-3
My Love Mine All Mine - Mitski,My Love Mine All Mine,Mitski,2,2024-12-28,44,95,44,2024-12-28,10,46.6,96.3,5,0,0.0,1.9550504398153574,48,98,46,4,47.5,98.0,4,2,6
My Love Mine All Mine - Mitski,My Love Mine All Mine,Mitski,3,2025-01-09,47,98,31,2025-02-10,35,41.17142857142857,98.88571428571429,8,32,0.5,5.055490400868872,48,98,46,4,47.5,98.0,1,15,31
My Love Mine All Mine - Mitski,My Love Mine All Mine,Mitski,4,2025-02-14,42,99,41,2025-02-19,12,44.083333333333336,99.0,9,5,0.2,3.146667308679955,48,98,46,4,47.5,98.0,6,5,8
My Love Mine All Mine - Mitski,My Love Mine All Mine,Mitski,5,2025-03-02,46,98,42,2025-03-06,12,45.25,97.33333333333333,5,4,1.0,2.0943647333651407,48,98,46,4,47.5,98.0,2,4,8
My Love Mine All Mine - Mitski,My Love Mine All Mine,Mitski,6,2025-03-15,50,96,50,2025-03-15,1,50.0,96.0,0,0,0.0,0.0,48,98,46,4,47.5,98.0,-2,-4,-3
My Love Mine All Mine - Mitski,My Love Mine All Mine,Mitski,7,2025-03-19,47,96,47,2025-03-19,2,47.5,96.0,1,0,0.0,0.7071067811865476,48,98,46,4,47.5,98.0,1,-1,-2
My Love Mine All Mine - Mitski,My Love Mine All Mine,Mitski,8,2025-03-22,50,96,50,2025-03-22,1,50.0,96.0,0,0,0.0,0.0,48,98,46,4,47.5,98.0,-2,-4,-3
My Love Mine All Mine - Mitski,My Love Mine All Mine,Mitski,9,2025-03-27,41,95,41,2025-03-27,2,43.5,95.0,5,0,0.0,3.5355339059327378,48,98,46,4,47.5,98.0,7,5,-2
My Love Mine All Mine - Mitski,My Love Mine All Mine,Mitski,10,2025-03-30,49,95,49,2025-03-30,1,49.0,95.0,0,0,0.0,0.0,48,98,46,4,47.5,98.0,-1,-3,-3
My Starry Love - Lim Young Woong,My Starry Love,Lim Young Woong,1,2024-12-13,48,58,48,2024-12-13,1,48.0,58.0,0,0,0.0,0.0,48,55,38,27,44.55555555555556,57.111111111111114,0,-10,-26
My Starry Love - Lim Young Woong,My Starry Love,Lim Young Woong,2,2025-01-03,50,55,50,2025-01-03,1,50.0,55.0,0,0,0.0,0.0,48,55,38,27,44.55555555555556,57.111111111111114,-2,-12,-26
My Starry Love - Lim Young Woong,My Starry Love,Lim Young Woong,3,2025-01-11,49,57,49,2025-01-11,1,49.0,57.0,0,0,0.0,0.0,48,55,38,27,44.55555555555556,57.111111111111114,-1,-11,-26
My You - Jung Kook,My You,Jung Kook,1,2024-07-27,49,87,49,2024-07-27,2,49.0,87.0,0,0,0.0,0.0,21,75,16,18,22.833333333333332,84.77777777777777,-28,-33,-16
My You - Jung Kook,My You,Jung Kook,2,2024-07-31,50,86,50,2024-07-31,2,50.0,86.0,0,0,0.0,0.0,21,75,16,18,22.833333333333332,84.77777777777777,-29,-34,-16
My You - Jung Kook,My You,Jung Kook,3,2024-08-03,47,85,47,2024-08-03,2,47.5,85.0,1,0,0.0,0.7071067811865476,21,75,16,18,22.833333333333332,84.77777777777777,-26,-31,-16
My You - Jung Kook,My You,Jung Kook,4,2024-08-07,50,85,50,2024-08-07,2,50.0,85.0,0,0,0.0,0.0,21,75,16,18,22.833333333333332,84.77777777777777,-29,-34,-16
My You - Jung Kook,My You,Jung Kook,5,2024-08-10,50,84,47,2024-08-11,2,48.5,84.0,0,1,3.0,2.1213203435596424,21,75,16,18,22.833333333333332,84.77777777777777,-29,-31,-16
My You - Jung Kook,My You,Jung Kook,6,2024-09-30,47,79,47,2024-09-30,2,47.0,79.0,0,0,0.0,0.0,21,75,16,18,22.833333333333332,84.77777777777777,-26,-31,-16
NEMONEMO - YENA,NEMONEMO,YENA,1,2025-10-22,48,68,44,2025-10-23,2,46.0,68.0,0,1,4.0,2.8284271247461903,44,61,31,12,41.916666666666664,64.66666666666667,-4,-13,-10
NEMONEMO - YENA,NEMONEMO,YENA,2,2025-10-25,50,68,36,2025-10-26,4,46.25,68.5,14,1,14.0,6.849574196011505,44,61,31,12,41.916666666666664,64.66666666666667,-6,-5,-8
NEMONEMO - YENA,NEMONEMO,YENA,3,2025-11-01,48,69,45,2025-11-02,3,47.0,69.0,3,1,3.0,1.7320508075688772,44,61,31,12,41.916666666666664,64.66666666666667,-4,-14,-9
NEMONEMO - YENA,NEMONEMO,YENA,4,2025-11-05,44,69,44,2025-11-05,2,45.5,69.0,3,0,0.0,2.1213203435596424,44,61,31,12,41.916666666666664,64.66666666666667,0,-13,-10
NEMONEMO - YENA,NEMONEMO,YENA,5,2025-11-12,49,69,49,2025-11-12,1,49.0,69.0,0,0,0.0,0.0,44,61,31,12,41.916666666666664,64.66666666666667,-5,-18,-11
NIGHT DANCER - BIG Naughty Remix - imase & BIG Naughty,NIGHT DANCER - BIG Naughty Remix,imase & BIG Naughty,1,2024-06-03,50,59,37,2024-06-05,7,43.42857142857143,60.285714285714285,10,2,6.5,4.466808810815721,50,49,41,3,44.666666666666664,51.0,0,4,4
Nest - Lim Young Woong,Nest,Lim Young Woong,1,2024-12-11,46,59,46,2024-12-11,1,46.0,59.0,0,0,0.0,0.0,47,56,37,28,41.892857142857146,57.857142857142854,1,-9,-27
Nest - Lim Young Woong,Nest,Lim Young Woong,2,2024-12-13,50,59,48,2024-12-14,3,49.0,59.0,1,1,2.0,1.0,47,56,37,28,41.892857142857146,57.857142857142854,-3,-11,-25
Nest - Lim Young Woong,Nest,Lim Young Woong,3,2024-12-19,49,58,49,2024-12-19,1,49.0,58.0,0,0,0.0,0.0,47,56,37,28,41.892857142857146,57.857142857142854,-2,-12,-27
Nest - Lim Young Woong,Nest,Lim Young Woong,4,2024-12-30,50,55,50,2024-12-30,1,50.0,55.0,0,0,0.0,0.0,47,56,37,28,41.892857142857146,57.857142857142854,-3,-13,-27
Nest - Lim Young Woong,Nest,Lim Young Woong,5,2025-01-03,49,56,49,2025-01-03,1,49.0,56.0,0,0,0.0,0.0,47,56,37,28,41.892857142857146,57.857142857142854,-2,-12,-27
Nest - Lim Young Woong,Nest,Lim Young Woong,6,2025-01-11,50,57,50,2025-01-11,1,50.0,57.0,0,0,0.0,0.0,47,56,37,28,41.892857142857146,57.857142857142854,-3,-13,-27
Never Let Go - Jung Kook,Never Let Go,Jung Kook,1,2025-07-12,20,90,19,2025-07-19,32,23.8125,88.46875,6,7,0.14285714285714285,2.507247559093566,11,75,9,32,14.65625,86.15625,-9,-10,0
Never Let Go - Jung Kook,Never Let Go,Jung Kook,2,2025-08-14,25,87,25,2025-08-14,24,33.791666666666664,85.04166666666667,19,0,0.0,5.299541954502883,11,75,9,32,14.65625,86.15625,-14,-16,-8
New Jeans - NewJeans,New Jeans,NewJeans,1,2024-11-03,48,84,48,2024-11-03,1,48.0,84.0,0,0,0.0,0.0,6,0,3,113,16.663716814159294,85.6283185840708,-42,-45,-112
New Jeans - NewJeans,New Jeans,NewJeans,2,2024-12-28,47,79,46,2024-12-29,3,47.0,79.66666666666667,2,1,1.0,1.0,6,0,3,113,16.663716814159294,85.6283185840708,-41,-43,-110
New Jeans - NewJeans,New Jeans,NewJeans,3,2025-01-01,50,80,50,2025-01-01,2,50.0,80.5,0,0,0.0,0.0,6,0,3,113,16.663716814159294,85.6283185840708,-44,-47,-111
New Jeans - NewJeans,New Jeans,NewJeans,4,2025-01-04,50,81,50,2025-01-04,1,50.0,81.0,0,0,0.0,0.0,6,0,3,113,16.663716814159294,85.6283185840708,-44,-47,-112
New Jeans - NewJeans,New Jeans,NewJeans,5,2025-01-06,41,82,41,2025-01-06,1,41.0,82.0,0,0,0.0,0.0,6,0,3,113,16.663716814159294,85.6283185840708,-35,-38,-112
New Jeans - NewJeans,New Jeans,NewJeans,6,2025-01-09,50,83,50,2025-01-09,1,50.0,83.0,0,0,0.0,0.0,6,0,3,113,16.663716814159294,85.6283185840708,-44,-47,-112
New Jeans - NewJeans,New Jeans,NewJeans,7,2025-01-13,49,83,49,2025-01-13,3,49.0,83.0,0,0,0.0,0.0,6,0,3,113,16.663716814159294,85.6283185840708,-43,-46,-110
New Jeans - NewJeans,New Jeans,NewJeans,8,2025-02-10,45,83,45,2025-02-10,1,45.0,83.0,0,0,0.0,0.0,6,0,3,113,16.663716814159294,85.6283185840708,-39,-42,-112
New Jeans - NewJeans,New Jeans,NewJeans,9,2025-02-12,43,83,43,2025-02-12,1,43.0,83.0,0,0,0.0,0.0,6,0,3,113,16.663716814159294,85.6283185840708,-37,-40,-112
New Jeans - NewJeans,New Jeans,NewJeans,10,2025-02-14,48,83,46,2025-02-15,5,46.8,83.0,2,1,2.0,1.0954451150103321,6,0,3,113,16.663716814159294,85.6283185840708,-42,-43,-108
New Jeans - NewJeans,New Jeans,NewJeans,11,2025-02-28,48,83,48,2025-02-28,1,48.0,83.0,0,0,0.0,0.0,6,0,3,113,16.663716814159294,85.6283185840708,-42,-45,-112
New Jeans - NewJeans,New Jeans,NewJeans,12,2025-03-02,49,83,47,2025-03-06,5,48.8,82.2,0,4,0.5,1.0954451150103321,6,0,3,113,16.663716814159294,85.6283185840708,-43,-44,-108
New Jeans - NewJeans,New Jeans,NewJeans,13,2025-03-08,45,82,45,2025-03-08,3,46.666666666666664,81.66666666666667,2,0,0.0,1.5275252316519465,6,0,3,113,16.663716814159294,85.6283185840708,-39,-42,-110
New Jeans - NewJeans,New Jeans,NewJeans,14,2025-03-16,49,81,49,2025-03-16,1,49.0,81.0,0,0,0.0,0.0,6,0,3,113,16.663716814159294,85.6283185840708,-43,-46,-112
New Jeans - NewJeans,New Jeans,NewJeans,15,2025-03-18,47,81,47,2025-03-18,1,47.0,81.0,0,0,0.0,0.0,6,0,3,113,16.663716814159294,85.6283185840708,-41,-44,-112
New Jeans - NewJeans,New Jeans,NewJeans,16,2025-03-20,50,81,50,2025-03-20,1,50.0,81.0,0,0,0.0,0.0,6,0,3,113,16.663716814159294,85.6283185840708,-44,-47,-112
New Jeans - NewJeans,New Jeans,NewJeans,17,2025-03-22,49,80,49,2025-03-22,3,49.666666666666664,80.0,1,0,0.0,0.5773502691896258,6,0,3,113,16.663716814159294,85.6283185840708,-43,-46,-110
New Jeans - NewJeans,New Jeans,NewJeans,18,2025-03-26,46,80,35,2025-04-13,26,42.76923076923077,80.1923076923077,13,18,0.6111111111111112,3.85027471547361,6,0,3,113,16.663716814159294,85.6283185840708,-40,-32,-87
New Jeans - NewJeans,New Jeans,NewJeans,19,2025-04-27,40,80,26,2025-06-03,75,35.373333333333335,77.72,16,37,0.3783783783783784,5.331632611715318,6,0,3,113,16.663716814159294,85.6283185840708,-34,-23,-38
New Jeans - NewJeans,New Jeans,NewJeans,20,2025-07-12,45,77,41,2025-07-15,23,45.0,77.91304347826087,4,3,1.3333333333333333,2.0,6,0,3,113,16.663716814159294,85.6283185840708,-39,-38,-90
New Jeans - NewJeans,New Jeans,NewJeans,21,2025-08-11,50,78,50,2025-08-11,2,50.0,78.0,0,0,0.0,0.0,6,0,3,113,16.663716814159294,85.6283185840708,-44,-47,-111
New Jeans - NewJeans,New Jeans,NewJeans,22,2025-08-14,44,78,44,2025-08-14,3,47.333333333333336,78.0,5,0,0.0,2.8867513459481287,6,0,3,113,16.663716814159294,85.6283185840708,-38,-41,-110
New Jeans - NewJeans,New Jeans,NewJeans,23,2025-08-18,50,78,50,2025-08-18,2,50.0,78.0,0,0,0.0,0.0,6,0,3,113,16.663716814159294,85.6283185840708,-44,-47,-111
New Jeans - NewJeans,New Jeans,NewJeans,24,2025-10-21,44,76,44,2025-10-21,1,44.0,76.0,0,0,0.0,0.0,6,0,3,113,16.663716814159294,85.6283185840708,-38,-41,-112
Nice Guy - BOYNEXTDOOR,Nice Guy,BOYNEXTDOOR,1,2025-10-04,49,70,49,2025-10-04,1,49.0,70.0,0,0,0.0,0.0,31,53,19,19,33.78947368421053,66.10526315789474,-18,-30,-18
No Tomorrow - Spotify Singles - Various Artists,No Tomorrow - Spotify Singles,Various Artists,1,2025-04-10,46,45,46,2025-04-10,2,47.0,46.5,2,0,0.0,1.4142135623730951,50,30,50,1,50.0,30.0,4,4,1
Not Like Us - Kendrick Lamar,Not Like Us,Kendrick Lamar,1,2025-05-30,48,98,43,2025-05-31,3,45.0,98.0,1,1,5.0,2.6457513110645907,37,89,24,17,30.0,95.29411764705883,-11,-19,-14
Not Like Us - Kendrick Lamar,Not Like Us,Kendrick Lamar,2,2025-06-22,47,93,44,2025-06-28,8,46.625,93.875,0,6,0.5,2.065879266282796,37,89,24,17,30.0,95.29411764705883,-10,-20,-9
Not Like Us - Kendrick Lamar,Not Like Us,Kendrick Lamar,3,2025-07-07,40,96,40,2025-07-07,4,41.75,96.0,0,0,0.0,2.8722813232690143,37,89,24,17,30.0,95.29411764705883,-3,-16,-13
Not Like Us - Kendrick Lamar,Not Like Us,Kendrick Lamar,4,2025-07-12,42,96,37,2025-07-14,17,43.23529411764706,96.88235294117646,9,2,2.5,3.4915865262926298,37,89,24,17,30.0,95.29411764705883,-5,-13,0
Not Like Us - Kendrick Lamar,Not Like Us,Kendrick Lamar,5,2025-07-31,47,97,46,2025-08-01,4,47.0,97.0,3,1,1.0,1.4142135623730951,37,89,24,17,30.0,95.29411764705883,-10,-22,-13
OMG - NewJeans,OMG,NewJeans,1,2024-12-02,42,86,38,2024-12-11,23,44.73913043478261,86.21739130434783,8,9,0.4444444444444444,3.3196028144719065,11,93,10,164,21.28048780487805,90.0060975609756,-31,-28,-141
OMG - NewJeans,OMG,NewJeans,2,2024-12-28,40,83,34,2025-01-06,30,42.666666666666664,86.16666666666667,16,9,0.6666666666666666,4.155041253235876,11,93,10,164,21.28048780487805,90.0060975609756,-29,-24,-134
OMG - NewJeans,OMG,NewJeans,3,2025-01-28,49,87,49,2025-01-28,2,49.0,87.0,0,0,0.0,0.0,11,93,10,164,21.28048780487805,90.0060975609756,-38,-39,-162
OMG - NewJeans,OMG,NewJeans,4,2025-02-01,50,87,50,2025-02-01,1,50.0,87.0,0,0,0.0,0.0,11,93,10,164,21.28048780487805,90.0060975609756,-39,-40,-163
OMG - NewJeans,OMG,NewJeans,5,2025-02-04,50,87,50,2025-02-04,1,50.0,87.0,0,0,0.0,0.0,11,93,10,164,21.28048780487805,90.0060975609756,-39,-40,-163
OMG - NewJeans,OMG,NewJeans,6,2025-02-10,43,87,41,2025-02-12,3,42.666666666666664,86.66666666666667,0,2,1.0,1.5275252316519465,11,93,10,164,21.28048780487805,90.0060975609756,-32,-31,-161
OMG - NewJeans,OMG,NewJeans,7,2025-02-14,47,87,45,2025-02-18,5,47.2,87.0,0,4,0.5,1.4832396974191324,11,93,10,164,21.28048780487805,90.0060975609756,-36,-35,-159
OMG - NewJeans,OMG,NewJeans,8,2025-04-01,48,82,48,2025-04-01,1,48.0,82.0,0,0,0.0,0.0,11,93,10,164,21.28048780487805,90.0060975609756,-37,-38,-163
OMG - NewJeans,OMG,NewJeans,9,2025-04-28,41,82,15,2025-05-01,21,37.285714285714285,81.33333333333333,34,3,8.666666666666666,10.040631738804372,11,93,10,164,21.28048780487805,90.0060975609756,-30,-5,-143
OMG - NewJeans,OMG,NewJeans,10,2025-05-20,50,81,50,2025-05-20,3,50.0,81.0,0,0,0.0,0.0,11,93,10,164,21.28048780487805,90.0060975609756,-39,-40,-161
OMG - NewJeans,OMG,NewJeans,11,2025-06-01,45,81,38,2025-06-20,40,43.325,77.8,7,19,0.3684210526315789,2.7862988961095936,11,93,10,164,21.28048780487805,90.0060975609756,-34,-28,-124
OMG - NewJeans,OMG,NewJeans,12,2025-07-12,46,79,44,2025-07-15,10,47.0,79.9,6,3,0.6666666666666666,2.3570226039551585,11,93,10,164,21.28048780487805,90.0060975609756,-35,-34,-154
OMG - NewJeans,OMG,NewJeans,13,2025-07-24,42,80,42,2025-07-24,8,46.75,80.0,6,0,0.0,2.9154759474226504,11,93,10,164,21.28048780487805,90.0060975609756,-31,-32,-156
OMG - NewJeans,OMG,NewJeans,14,2025-08-17,50,80,44,2025-08-18,3,46.0,80.0,0,1,6.0,3.4641016151377544,11,93,10,164,21.28048780487805,90.0060975609756,-39,-34,-161
OMG - NewJeans,OMG,NewJeans,15,2025-10-13,41,78,41,2025-10-13,2,42.5,78.0,3,0,0.0,2.1213203435596424,11,93,10,164,21.28048780487805,90.0060975609756,-30,-31,-162
"Our Blues, Our Life - Lim Young Woong","Our Blues, Our Life",Lim Young Woong,1,2024-07-10,45,60,43,2024-07-11,17,47.1764705882353,60.0,7,1,2.0,2.5306939294797943,39,59,32,48,38.208333333333336,59.020833333333336,-6,-11,-31
"Our Blues, Our Life - Lim Young Woong","Our Blues, Our Life",Lim Young Woong,2,2024-07-31,47,59,42,2024-08-07,18,46.22222222222222,58.333333333333336,5,7,0.7142857142857143,2.860595486248923,39,59,32,48,38.208333333333336,59.020833333333336,-8,-10,-30
"Our Blues, Our Life - Lim Young Woong","Our Blues, Our Life",Lim Young Woong,3,2024-08-20,49,58,49,2024-08-20,1,49.0,58.0,0,0,0.0,0.0,39,59,32,48,38.208333333333336,59.020833333333336,-10,-17,-47
"Our Blues, Our Life - Lim Young Woong","Our Blues, Our Life",Lim Young Woong,4,2024-08-24,47,58,44,2024-08-28,6,47.833333333333336,58.0,6,4,0.75,2.228601953392904,39,59,32,48,38.208333333333336,59.020833333333336,-8,-12,-42
"Our Blues, Our Life - Lim Young Woong","Our Blues, Our Life",Lim Young Woong,5,2024-09-03,44,58,41,2024-09-04,4,46.0,58.0,8,1,3.0,4.242640687119285,39,59,32,48,38.208333333333336,59.020833333333336,-5,-9,-44
"Our Blues, Our Life - Lim Young Woong","Our Blues, Our Life",Lim Young Woong,6,2024-09-10,37,59,37,2024-09-10,18,42.611111111111114,58.44444444444444,4,0,0.0,3.8522550903393915,39,59,32,48,38.208333333333336,59.020833333333336,2,-5,-30
"Our Blues, Our Life - Lim Young Woong","Our Blues, Our Life",Lim Young Woong,7,2024-09-29,47,58,44,2024-10-02,7,45.285714285714285,58.0,1,3,1.0,1.1126972805283735,39,59,32,48,38.208333333333336,59.020833333333336,-8,-12,-41
"Our Blues, Our Life - Lim Young Woong","Our Blues, Our Life",Lim Young Woong,8,2024-10-07,49,58,45,2024-10-08,3,46.666666666666664,58.0,1,1,4.0,2.0816659994661326,39,59,32,48,38.208333333333336,59.020833333333336,-10,-13,-45
"Our Blues, Our Life - Lim Young Woong","Our Blues, Our Life",Lim Young Woong,9,2024-10-13,39,58,16,2024-11-30,139,27.18705035971223,61.10791366906475,21,48,0.4791666666666667,6.121438148400414,39,59,32,48,38.208333333333336,59.020833333333336,0,16,91
"Our Blues, Our Life - Lim Young Woong","Our Blues, Our Life",Lim Young Woong,10,2025-03-02,38,60,35,2025-03-03,12,37.083333333333336,58.916666666666664,3,1,3.0,1.1645001528813148,39,59,32,48,38.208333333333336,59.020833333333336,1,-3,-36
"Our Blues, Our Life - Lim Young Woong","Our Blues, Our Life",Lim Young Woong,11,2025-03-15,37,58,36,2025-03-16,10,39.7,57.6,2,1,1.0,2.359378449224852,39,59,32,48,38.208333333333336,59.020833333333336,2,-4,-38
"Our Blues, Our Life - Lim Young Woong","Our Blues, Our Life",Lim Young Woong,12,2025-03-26,37,57,37,2025-03-26,28,41.75,56.785714285714285,10,0,0.0,3.3402705590127586,39,59,32,48,38.208333333333336,59.020833333333336,2,-5,-20
"Our Blues, Our Life - Lim Young Woong","Our Blues, Our Life",Lim Young Woong,13,2025-04-24,47,57,44,2025-04-25,4,46.25,57.0,5,1,3.0,2.217355782608345,39,59,32,48,38.208333333333336,59.020833333333336,-8,-12,-44
"Our Blues, Our Life - Lim Young Woong","Our Blues, Our Life",Lim Young Woong,14,2025-04-29,50,57,48,2025-04-30,2,49.0,57.0,0,1,2.0,1.4142135623730951,39,59,32,48,38.208333333333336,59.020833333333336,-11,-16,-46
"Our Blues, Our Life - Lim Young Woong","Our Blues, Our Life",Lim Young Woong,15,2025-05-02,50,57,49,2025-05-03,3,49.333333333333336,56.333333333333336,0,1,1.0,0.5773502691896258,39,59,32,48,38.208333333333336,59.020833333333336,-11,-17,-45
"Our Blues, Our Life - Lim Young Woong","Our Blues, Our Life",Lim Young Woong,16,2025-05-07,42,56,42,2025-05-07,2,45.5,56.0,7,0,0.0,4.949747468305833,39,59,32,48,38.208333333333336,59.020833333333336,-3,-10,-46
"Our Blues, Our Life - Lim Young Woong","Our Blues, Our Life",Lim Young Woong,17,2025-05-10,46,56,43,2025-05-13,5,46.0,56.0,4,3,1.0,1.7320508075688772,39,59,32,48,38.208333333333336,59.020833333333336,-7,-11,-43
"Our Blues, Our Life - Lim Young Woong","Our Blues, Our Life",Lim Young Woong,18,2025-05-16,46,56,46,2025-05-16,3,47.666666666666664,56.333333333333336,4,0,0.0,2.0816659994661326,39,59,32,48,38.208333333333336,59.020833333333336,-7,-14,-45
"Our Blues, Our Life - Lim Young Woong","Our Blues, Our Life",Lim Young Woong,19,2025-05-20,48,57,48,2025-05-20,2,48.5,57.0,1,0,0.0,0.7071067811865476,39,59,32,48,38.208333333333336,59.020833333333336,-9,-16,-46
"Our Blues, Our Life - Lim Young Woong","Our Blues, Our Life",Lim Young Woong,20,2025-06-10,49,51,49,2025-06-10,2,49.0,51.0,0,0,0.0,0.0,39,59,32,48,38.208333333333336,59.020833333333336,-10,-17,-46
"Our Blues, Our Life - Lim Young Woong","Our Blues, Our Life",Lim Young Woong,21,2025-06-21,50,51,50,2025-06-21,1,50.0,51.0,0,0,0.0,0.0,39,59,32,48,38.208333333333336,59.020833333333336,-11,-18,-47
"Our Blues, Our Life - Lim Young Woong","Our Blues, Our Life",Lim Young Woong,22,2025-06-24,39,52,39,2025-06-24,4,43.0,52.75,11,0,0.0,5.228129047119374,39,59,32,48,38.208333333333336,59.020833333333336,0,-7,-44
"Our Blues, Our Life - Lim Young Woong","Our Blues, Our Life",Lim Young Woong,23,2025-06-30,50,54,48,2025-07-01,2,49.0,54.5,0,1,2.0,1.4142135623730951,39,59,32,48,38.208333333333336,59.020833333333336,-11,-16,-46
"Our Blues, Our Life - Lim Young Woong","Our Blues, Our Life",Lim Young Woong,24,2025-07-04,49,55,49,2025-07-04,1,49.0,55.0,0,0,0.0,0.0,39,59,32,48,38.208333333333336,59.020833333333336,-10,-17,-47
"Our Blues, Our Life - Lim Young Woong","Our Blues, Our Life",Lim Young Woong,25,2025-07-06,48,56,48,2025-07-06,2,48.0,56.0,0,0,0.0,0.0,39,59,32,48,38.208333333333336,59.020833333333336,-9,-16,-46
"Our Blues, Our Life - Lim Young Woong","Our Blues, Our Life",Lim Young Woong,26,2025-07-09,48,55,48,2025-07-09,2,49.0,55.0,2,0,0.0,1.4142135623730951,39,59,32,48,38.208333333333336,59.020833333333336,-9,-16,-46
"Our Blues, Our Life - Lim Young Woong","Our Blues, Our Life",Lim Young Woong,27,2025-07-15,46,56,43,2025-07-18,6,44.666666666666664,56.0,0,3,1.0,1.505545305418162,39,59,32,48,38.208333333333336,59.020833333333336,-7,-11,-42
"Our Blues, Our Life - Lim Young Woong","Our Blues, Our Life",Lim Young Woong,28,2025-07-22,46,56,46,2025-07-22,3,46.666666666666664,56.0,2,0,0.0,1.1547005383792517,39,59,32,48,38.208333333333336,59.020833333333336,-7,-14,-45
"Our Blues, Our Life - Lim Young Woong","Our Blues, Our Life",Lim Young Woong,29,2025-08-05,49,56,49,2025-08-05,3,49.0,55.666666666666664,0,0,0.0,0.0,39,59,32,48,38.208333333333336,59.020833333333336,-10,-17,-45
"Our Blues, Our Life - Lim Young Woong","Our Blues, Our Life",Lim Young Woong,30,2025-08-09,46,55,46,2025-08-09,1,46.0,55.0,0,0,0.0,0.0,39,59,32,48,38.208333333333336,59.020833333333336,-7,-14,-47
"Our Blues, Our Life - Lim Young Woong","Our Blues, Our Life",Lim Young Woong,31,2025-08-12,49,56,49,2025-08-12,1,49.0,56.0,0,0,0.0,0.0,39,59,32,48,38.208333333333336,59.020833333333336,-10,-17,-47
"Our Blues, Our Life - Lim Young Woong","Our Blues, Our Life",Lim Young Woong,32,2025-08-14,50,56,50,2025-08-14,1,50.0,56.0,0,0,0.0,0.0,39,59,32,48,38.208333333333336,59.020833333333336,-11,-18,-47
People Pt.2 (feat. IU) - Agust D,People Pt.2 (feat. IU),Agust D,1,2024-06-07,45,80,45,2024-06-07,1,45.0,80.0,0,0,0.0,0.0,38,82,34,17,39.0,80.76470588235294,-7,-11,-16
People Pt.2 (feat. IU) - Agust D,People Pt.2 (feat. IU),Agust D,2,2024-07-02,35,78,14,2024-08-11,126,23.23015873015873,76.02380952380952,23,40,0.525,5.650009130488478,38,82,34,17,39.0,80.76470588235294,3,20,109
Perfect Night - LE SSERAFIM,Perfect Night,LE SSERAFIM,1,2025-03-02,14,90,13,2025-03-03,12,14.5,88.83333333333333,3,1,1.0,1.0,14,0,9,123,12.024390243902438,88.48780487804878,0,-4,-111
Perfect Night - LE SSERAFIM,Perfect Night,LE SSERAFIM,2,2025-03-15,16,88,16,2025-03-15,10,18.5,87.3,2,0,0.0,1.6499158227686108,14,0,9,123,12.024390243902438,88.48780487804878,-2,-7,-113
Perfect Night - LE SSERAFIM,Perfect Night,LE SSERAFIM,3,2025-03-26,18,87,17,2025-03-31,46,28.41304347826087,85.84782608695652,30,5,0.2,10.127138648111204,14,0,9,123,12.024390243902438,88.48780487804878,-4,-8,-77
Perfect Night - LE SSERAFIM,Perfect Night,LE SSERAFIM,4,2025-05-13,50,85,49,2025-05-14,2,49.5,85.0,0,1,1.0,0.7071067811865476,14,0,9,123,12.024390243902438,88.48780487804878,-36,-40,-121
Perfect Night - LE SSERAFIM,Perfect Night,LE SSERAFIM,5,2025-05-20,46,84,46,2025-05-20,1,46.0,84.0,0,0,0.0,0.0,14,0,9,123,12.024390243902438,88.48780487804878,-32,-37,-122
Perfect Night - LE SSERAFIM,Perfect Night,LE SSERAFIM,6,2025-05-23,49,84,49,2025-05-23,3,49.666666666666664,84.0,1,0,0.0,0.5773502691896258,14,0,9,123,12.024390243902438,88.48780487804878,-35,-40,-120
Perfect Night - LE SSERAFIM,Perfect Night,LE SSERAFIM,7,2025-06-01,48,84,48,2025-06-01,1,48.0,84.0,0,0,0.0,0.0,14,0,9,123,12.024390243902438,88.48780487804878,-34,-39,-122
Perfect Night - LE SSERAFIM,Perfect Night,LE SSERAFIM,8,2025-06-03,46,83,45,2025-06-04,9,47.333333333333336,81.11111111111111,5,1,1.0,1.9364916731037085,14,0,9,123,12.024390243902438,88.48780487804878,-32,-36,-114
Perfect Night - LE SSERAFIM,Perfect Night,LE SSERAFIM,9,2025-06-14,50,78,46,2025-06-17,7,48.714285714285715,77.57142857142857,4,3,1.3333333333333333,1.7043362064926932,14,0,9,123,12.024390243902438,88.48780487804878,-36,-37,-116
Perfect Night - LE SSERAFIM,Perfect Night,LE SSERAFIM,10,2025-08-10,42,81,41,2025-08-11,3,41.333333333333336,81.0,0,1,1.0,0.5773502691896258,14,0,9,123,12.024390243902438,88.48780487804878,-28,-32,-120
Perfect Night - LE SSERAFIM,Perfect Night,LE SSERAFIM,11,2025-08-14,37,81,36,2025-08-15,6,39.166666666666664,81.0,4,1,1.0,3.816630276391291,14,0,9,123,12.024390243902438,88.48780487804878,-23,-27,-117
Perfect Night - LE SSERAFIM,Perfect Night,LE SSERAFIM,12,2025-08-25,50,81,50,2025-08-25,1,50.0,81.0,0,0,0.0,0.0,14,0,9,123,12.024390243902438,88.48780487804878,-36,-41,-122
Perfect Night - LE SSERAFIM,Perfect Night,LE SSERAFIM,13,2025-08-28,48,81,48,2025-08-28,1,48.0,81.0,0,0,0.0,0.0,14,0,9,123,12.024390243902438,88.48780487804878,-34,-39,-122
Perfect Night - LE SSERAFIM,Perfect Night,LE SSERAFIM,14,2025-09-01,45,81,30,2025-09-02,51,38.27450980392157,80.27450980392157,17,1,15.0,4.750067078989724,14,0,9,123,12.024390243902438,88.48780487804878,-31,-21,-72
Please Don't Change (feat. DJ Snake) - Jung Kook,Please Don't Change (feat. DJ Snake),Jung Kook,1,2024-12-23,46,85,46,2024-12-23,1,46.0,85.0,0,0,0.0,0.0,9,0,9,48,28.270833333333332,84.39583333333333,-37,-37,-47
Please Don't Change (feat. DJ Snake) - Jung Kook,Please Don't Change (feat. DJ Snake),Jung Kook,2,2024-12-28,50,82,31,2024-12-29,3,41.666666666666664,82.66666666666667,13,1,19.0,9.71253485622231,9,0,9,48,28.270833333333332,84.39583333333333,-41,-22,-45
Please Don't Change (feat. DJ Snake) - Jung Kook,Please Don't Change (feat. DJ Snake),Jung Kook,3,2025-01-01,45,83,42,2025-01-04,16,44.375,84.25,3,3,1.0,2.1563858652847827,9,0,9,48,28.270833333333332,84.39583333333333,-36,-33,-32
Please Don't Change (feat. DJ Snake) - Jung Kook,Please Don't Change (feat. DJ Snake),Jung Kook,4,2025-01-21,36,84,36,2025-01-21,1,36.0,84.0,0,0,0.0,0.0,9,0,9,48,28.270833333333332,84.39583333333333,-27,-27,-47
Please Don't Change (feat. DJ Snake) - Jung Kook,Please Don't Change (feat. DJ Snake),Jung Kook,5,2025-01-23,49,84,48,2025-01-24,2,48.5,84.0,0,1,1.0,0.7071067811865476,9,0,9,48,28.270833333333332,84.39583333333333,-40,-39,-46
Please Don't Change (feat. DJ Snake) - Jung Kook,Please Don't Change (feat. DJ Snake),Jung Kook,6,2025-01-26,49,84,49,2025-01-26,1,49.0,84.0,0,0,0.0,0.0,9,0,9,48,28.270833333333332,84.39583333333333,-40,-40,-47
Please Don't Change (feat. DJ Snake) - Jung Kook,Please Don't Change (feat. DJ Snake),Jung Kook,7,2025-02-03,46,84,46,2025-02-03,1,46.0,84.0,0,0,0.0,0.0,9,0,9,48,28.270833333333332,84.39583333333333,-37,-37,-47
Please Don't Change (feat. DJ Snake) - Jung Kook,Please Don't Change (feat. DJ Snake),Jung Kook,8,2025-02-05,50,84,48,2025-02-07,3,49.333333333333336,84.0,0,2,1.0,1.1547005383792517,9,0,9,48,28.270833333333332,84.39583333333333,-41,-39,-45
Please Don't Change (feat. DJ Snake) - Jung Kook,Please Don't Change (feat. DJ Snake),Jung Kook,9,2025-02-13,45,83,30,2025-02-14,16,40.6875,83.0,10,1,15.0,5.147410352141486,9,0,9,48,28.270833333333332,84.39583333333333,-36,-21,-32
Please Don't Change (feat. DJ Snake) - Jung Kook,Please Don't Change (feat. DJ Snake),Jung Kook,10,2025-03-02,48,83,35,2025-03-04,8,41.875,82.25,6,2,6.5,4.764076885549662,9,0,9,48,28.270833333333332,84.39583333333333,-39,-26,-40
Please Don't Change (feat. DJ Snake) - Jung Kook,Please Don't Change (feat. DJ Snake),Jung Kook,11,2025-03-15,49,81,49,2025-03-15,1,49.0,81.0,0,0,0.0,0.0,9,0,9,48,28.270833333333332,84.39583333333333,-40,-40,-47
Please Please Please - Sabrina Carpenter,Please Please Please,Sabrina Carpenter,1,2025-07-12,40,98,36,2025-07-14,10,39.0,98.2,9,2,2.0,2.494438257849294,45,78,16,31,30.0,92.35483870967742,5,-20,-21
Please Please Please - Sabrina Carpenter,Please Please Please,Sabrina Carpenter,2,2025-07-23,50,98,49,2025-07-24,2,49.5,98.0,0,1,1.0,0.7071067811865476,45,78,16,31,30.0,92.35483870967742,-5,-33,-29
Please Please Please - Sabrina Carpenter,Please Please Please,Sabrina Carpenter,3,2025-08-01,50,98,50,2025-08-01,2,50.0,98.0,0,0,0.0,0.0,45,78,16,31,30.0,92.35483870967742,-5,-34,-29
Please Please Please - Sabrina Carpenter,Please Please Please,Sabrina Carpenter,4,2025-08-15,47,98,47,2025-08-15,2,47.0,98.0,0,0,0.0,0.0,45,78,16,31,30.0,92.35483870967742,-2,-31,-29
Please Please Please - Sabrina Carpenter,Please Please Please,Sabrina Carpenter,5,2025-08-24,33,97,33,2025-08-24,9,40.333333333333336,97.0,17,0,0.0,4.743416490252569,45,78,16,31,30.0,92.35483870967742,12,-17,-22
Pleasure Shop - KEY,Pleasure Shop,KEY,1,2025-09-29,48,57,48,2025-09-29,1,48.0,57.0,0,0,0.0,0.0,43,46,40,3,44.333333333333336,50.666666666666664,-5,-8,-2
Polaroid - Lim Young Woong,Polaroid,Lim Young Woong,1,2025-03-02,17,64,16,2025-03-03,12,17.5,63.25,3,1,1.0,1.0,22,64,10,287,20.581881533101047,64.86062717770035,5,-6,-275
Polaroid - Lim Young Woong,Polaroid,Lim Young Woong,2,2025-03-15,19,62,19,2025-03-15,10,20.3,61.7,1,0,0.0,1.0593499054713802,22,64,10,287,20.581881533101047,64.86062717770035,3,-9,-277
Polaroid - Lim Young Woong,Polaroid,Lim Young Woong,3,2025-03-26,20,61,19,2025-05-07,107,27.69158878504673,58.73831775700935,11,42,0.023809523809523808,4.743239906481548,22,64,10,287,20.581881533101047,64.86062717770035,2,-9,-180
Polaroid - Lim Young Woong,Polaroid,Lim Young Woong,4,2025-07-12,29,58,24,2025-08-12,32,29.625,58.0625,0,31,0.16129032258064516,3.260219664081627,22,64,10,287,20.581881533101047,64.86062717770035,-7,-14,-255
Polaroid - Lim Young Woong,Polaroid,Lim Young Woong,5,2025-08-14,26,58,26,2025-08-14,59,37.30508474576271,56.86440677966102,19,0,0.0,5.559255213351613,22,64,10,287,20.581881533101047,64.86062717770035,-4,-16,-228
Promise - Jimin,Promise,Jimin,1,2024-05-28,45,77,45,2024-05-28,1,45.0,77.0,0,0,0.0,0.0,48,78,43,3,45.333333333333336,78.0,3,-2,-2
Promise - Jimin,Promise,Jimin,2,2024-05-30,42,77,42,2024-05-30,1,42.0,77.0,0,0,0.0,0.0,48,78,43,3,45.333333333333336,78.0,6,1,-2
Promise - Jimin,Promise,Jimin,3,2024-06-02,42,77,42,2024-06-02,1,42.0,77.0,0,0,0.0,0.0,48,78,43,3,45.333333333333336,78.0,6,1,-2
Promise - Jimin,Promise,Jimin,4,2024-06-08,50,77,50,2024-06-08,1,50.0,77.0,0,0,0.0,0.0,48,78,43,3,45.333333333333336,78.0,-2,-7,-2
Promise - Jimin,Promise,Jimin,5,2024-06-10,50,77,31,2024-06-22,17,39.588235294117645,77.0,14,12,1.5833333333333333,5.500668408582404,48,78,43,3,45.333333333333336,78.0,-2,12,14
Promise - Jimin,Promise,Jimin,6,2024-06-28,42,77,41,2024-07-01,4,45.25,77.0,0,3,0.3333333333333333,4.349329450233296,48,78,43,3,45.333333333333336,78.0,6,2,1
Promise - Jimin,Promise,Jimin,7,2024-07-03,47,77,47,2024-07-03,2,48.0,77.0,2,0,0.0,1.4142135623730951,48,78,43,3,45.333333333333336,78.0,1,-4,-1
Promise - Jimin,Promise,Jimin,8,2024-07-07,46,77,36,2024-07-09,4,44.0,77.0,11,2,5.0,5.354126134736337,48,78,43,3,45.333333333333336,78.0,2,7,1
Promise - Jimin,Promise,Jimin,9,2024-07-12,49,77,49,2024-07-12,1,49.0,77.0,0,0,0.0,0.0,48,78,43,3,45.333333333333336,78.0,-1,-6,-2
Pump Up The Volume! - PLAVE,Pump Up The Volume!,PLAVE,1,2025-09-17,47,67,45,2025-09-18,5,46.0,67.0,2,1,2.0,1.0,28,49,13,25,29.12,63.6,-19,-32,-20
Pump Up The Volume! - PLAVE,Pump Up The Volume!,PLAVE,2,2025-10-24,47,63,33,2025-10-25,10,43.7,63.0,14,1,14.0,6.019413038937711,28,49,13,25,29.12,63.6,-19,-20,-15
Queencard - (G)I-DLE,Queencard,(G)I-DLE,1,2024-09-24,50,85,50,2024-09-24,1,50.0,85.0,0,0,0.0,0.0,5,71,4,117,19.0,87.75213675213675,-45,-46,-116
Queencard - (G)I-DLE,Queencard,(G)I-DLE,2,2024-09-29,49,85,49,2024-09-29,1,49.0,85.0,0,0,0.0,0.0,5,71,4,117,19.0,87.75213675213675,-44,-45,-116
Rainbow - Lim Young Woong,Rainbow,Lim Young Woong,1,2024-07-08,50,60,50,2024-07-08,1,50.0,60.0,0,0,0.0,0.0,33,59,28,48,33.6875,59.1875,-17,-22,-47
Rainbow - Lim Young Woong,Rainbow,Lim Young Woong,2,2024-07-10,43,60,37,2024-07-11,17,43.94117647058823,60.0,11,1,6.0,3.191210354929891,33,59,28,48,33.6875,59.1875,-10,-9,-31
Rainbow - Lim Young Woong,Rainbow,Lim Young Woong,3,2024-07-31,46,59,40,2024-08-07,31,45.25806451612903,58.193548387096776,10,7,0.8571428571428571,2.909384149443359,33,59,28,48,33.6875,59.1875,-13,-12,-17
Rainbow - Lim Young Woong,Rainbow,Lim Young Woong,4,2024-09-01,50,58,35,2024-09-04,8,45.75,58.0,14,3,5.0,5.444525428617001,33,59,28,48,33.6875,59.1875,-17,-7,-40
Rainbow - Lim Young Woong,Rainbow,Lim Young Woong,5,2024-09-10,36,59,14,2024-12-03,172,27.575581395348838,60.76162790697674,19,84,0.2619047619047619,8.952773245358655,33,59,28,48,33.6875,59.1875,-3,14,124
Rainbow - Lim Young Woong,Rainbow,Lim Young Woong,6,2025-03-02,35,60,31,2025-03-03,12,33.75,59.333333333333336,0,1,4.0,1.815338686155987,33,59,28,48,33.6875,59.1875,-2,-3,-36
Rainbow - Lim Young Woong,Rainbow,Lim Young Woong,7,2025-03-15,31,58,31,2025-03-15,10,35.8,57.8,2,0,0.0,2.7406406388125957,33,59,28,48,33.6875,59.1875,2,-3,-38
Rainbow - Lim Young Woong,Rainbow,Lim Young Woong,8,2025-03-26,33,57,33,2025-03-26,58,41.43103448275862,56.87931034482759,16,0,0.0,4.801725088273118,33,59,28,48,33.6875,59.1875,0,-5,10
Rainbow - Lim Young Woong,Rainbow,Lim Young Woong,9,2025-06-04,49,55,49,2025-06-04,1,49.0,55.0,0,0,0.0,0.0,33,59,28,48,33.6875,59.1875,-16,-21,-47
Rainbow - Lim Young Woong,Rainbow,Lim Young Woong,10,2025-06-07,50,55,47,2025-06-08,5,48.0,52.6,1,1,3.0,1.224744871391589,33,59,28,48,33.6875,59.1875,-17,-19,-43
Rainbow - Lim Young Woong,Rainbow,Lim Young Woong,11,2025-06-16,49,50,49,2025-06-16,1,49.0,50.0,0,0,0.0,0.0,33,59,28,48,33.6875,59.1875,-16,-21,-47
Rainbow - Lim Young Woong,Rainbow,Lim Young Woong,12,2025-06-18,50,51,50,2025-06-18,1,50.0,51.0,0,0,0.0,0.0,33,59,28,48,33.6875,59.1875,-17,-22,-47
Rainbow - Lim Young Woong,Rainbow,Lim Young Woong,13,2025-06-21,48,51,48,2025-06-21,1,48.0,51.0,0,0,0.0,0.0,33,59,28,48,33.6875,59.1875,-15,-20,-47
Rainbow - Lim Young Woong,Rainbow,Lim Young Woong,14,2025-06-24,42,52,40,2025-06-26,5,44.4,53.0,9,2,1.0,4.277849927241488,33,59,28,48,33.6875,59.1875,-9,-12,-43
Rainbow - Lim Young Woong,Rainbow,Lim Young Woong,15,2025-06-30,46,54,43,2025-07-10,11,46.45454545454545,55.27272727272727,0,10,0.3,1.916436086262016,33,59,28,48,33.6875,59.1875,-13,-15,-37
Rainbow - Lim Young Woong,Rainbow,Lim Young Woong,16,2025-07-12,47,55,47,2025-07-12,2,47.0,55.5,0,0,0.0,0.0,33,59,28,48,33.6875,59.1875,-14,-19,-46
Rainbow - Lim Young Woong,Rainbow,Lim Young Woong,17,2025-07-15,45,56,42,2025-07-18,10,44.7,56.0,2,3,1.0,2.1108186931983415,33,59,28,48,33.6875,59.1875,-12,-14,-38
Rainbow - Lim Young Woong,Rainbow,Lim Young Woong,18,2025-07-29,47,56,47,2025-07-29,2,47.0,56.0,0,0,0.0,0.0,33,59,28,48,33.6875,59.1875,-14,-19,-46
Rainbow - Lim Young Woong,Rainbow,Lim Young Woong,19,2025-08-04,48,56,43,2025-08-09,6,46.333333333333336,55.333333333333336,0,5,1.0,1.96638416050035,33,59,28,48,33.6875,59.1875,-15,-15,-42
Rainbow - Lim Young Woong,Rainbow,Lim Young Woong,20,2025-08-12,47,56,47,2025-08-12,1,47.0,56.0,0,0,0.0,0.0,33,59,28,48,33.6875,59.1875,-14,-19,-47
Rainy Days - V,Rainy Days,V,1,2025-03-02,50,81,46,2025-03-06,8,48.625,80.75,4,4,1.0,1.685018016012207,11,79,4,192,23.140625,85.86458333333333,-39,-42,-184
Rainy Days - V,Rainy Days,V,2,2025-03-11,44,80,44,2025-03-11,3,46.0,80.0,6,0,0.0,3.4641016151377544,11,79,4,192,23.140625,85.86458333333333,-33,-40,-189
Rainy Days - V,Rainy Days,V,3,2025-03-15,48,79,39,2025-03-16,2,43.5,79.0,0,1,9.0,6.363961030678928,11,79,4,192,23.140625,85.86458333333333,-37,-35,-190
Rainy Days - V,Rainy Days,V,4,2025-03-24,44,79,44,2025-03-24,1,44.0,79.0,0,0,0.0,0.0,11,79,4,192,23.140625,85.86458333333333,-33,-40,-191
Rebirth (Intro) - Jimin,Rebirth (Intro),Jimin,1,2025-08-14,10,79,7,2025-08-28,106,13.245283018867925,74.35849056603773,9,14,0.21428571428571427,4.624595366093108,9,70,7,23,8.26086956521739,77.95652173913044,-1,0,83
Right Now - NewJeans,Right Now,NewJeans,1,2025-07-12,17,77,16,2025-07-15,32,28.03125,76.9375,28,3,0.3333333333333333,7.48971068393381,4,0,4,19,9.526315789473685,68.57894736842105,-13,-12,13
Right Now - NewJeans,Right Now,NewJeans,2,2025-08-14,38,77,38,2025-08-14,6,44.333333333333336,76.16666666666667,11,0,0.0,4.88535225614967,4,0,4,19,9.526315789473685,68.57894736842105,-34,-34,-13
Rockstar - LISA,Rockstar,LISA,1,2025-07-12,41,90,41,2025-07-12,8,42.625,91.25,6,0,0.0,2.1339098923270936,38,77,31,11,35.27272727272727,85.63636363636364,-3,-10,-3
SHEESH - BABYMONSTER,SHEESH,BABYMONSTER,1,2025-07-04,50,85,50,2025-07-04,2,50.0,85.0,0,0,0.0,0.0,33,72,9,89,21.876404494382022,85.26966292134831,-17,-41,-87
SOS - KANGDANIEL,SOS,KANGDANIEL,1,2024-08-12,47,73,35,2024-08-17,10,39.6,72.8,6,5,2.4,4.221637386396684,38,71,24,35,28.914285714285715,73.91428571428571,-9,-11,-25
SOS - KANGDANIEL,SOS,KANGDANIEL,2,2024-08-23,45,72,45,2024-08-23,1,45.0,72.0,0,0,0.0,0.0,38,71,24,35,28.914285714285715,73.91428571428571,-7,-21,-34
SOS - KANGDANIEL,SOS,KANGDANIEL,3,2024-08-31,49,70,45,2024-09-01,3,46.333333333333336,70.0,0,1,4.0,2.309401076758503,38,71,24,35,28.914285714285715,73.91428571428571,-11,-21,-32
SPOT! - ZICO & JENNIE,SPOT!,ZICO & JENNIE,1,2025-07-12,36,83,35,2025-07-14,14,38.57142857142857,83.35714285714286,12,2,0.5,3.588749208167224,2,79,2,71,14.873239436619718,84.08450704225352,-34,-33,-57
SPOT! - ZICO & JENNIE,SPOT!,ZICO & JENNIE,2,2025-10-21,45,78,40,2025-10-22,2,42.5,78.0,0,1,5.0,3.5355339059327378,2,79,2,71,14.873239436619718,84.08450704225352,-43,-38,-69
STUPID IN LOVE (feat. HUH YUNJIN of LE SSERAFIM) - MAX,STUPID IN LOVE (feat. HUH YUNJIN of LE SSERAFIM),MAX,1,2025-03-06,49,72,45,2025-03-07,2,47.0,72.5,0,1,4.0,2.8284271247461903,46,42,46,1,46.0,42.0,-3,1,1
STUPID IN LOVE (feat. HUH YUNJIN of LE SSERAFIM) - MAX,STUPID IN LOVE (feat. HUH YUNJIN of LE SSERAFIM),MAX,2,2025-03-23,48,74,48,2025-03-23,2,48.5,74.0,1,0,0.0,0.7071067811865476,46,42,46,1,46.0,42.0,-2,-2,1
STUPID IN LOVE (feat. HUH YUNJIN of LE SSERAFIM) - MAX,STUPID IN LOVE (feat. HUH YUNJIN of LE SSERAFIM),MAX,3,2025-03-26,32,74,28,2025-04-04,26,41.0,74.53846153846153,17,9,0.4444444444444444,5.374011537017761,46,42,46,1,46.0,42.0,14,18,25
Saturn - SZA,Saturn,SZA,1,2025-03-15,46,91,46,2025-03-15,2,47.0,91.0,2,0,0.0,1.4142135623730951,49,90,43,6,46.833333333333336,90.66666666666667,3,-3,-4
Set Me Free Pt.2 - Jimin,Set Me Free Pt.2,Jimin,1,2025-03-02,9,79,6,2025-03-09,12,7.5,78.16666666666667,0,7,0.42857142857142855,1.4459976109624424,7,87,4,287,5.83623693379791,82.45644599303135,-2,-2,-275
Set Me Free Pt.2 - Jimin,Set Me Free Pt.2,Jimin,2,2025-03-15,7,78,4,2025-03-19,10,5.5,77.8,1,4,0.75,0.8498365855987975,7,87,4,287,5.83623693379791,82.45644599303135,0,0,-277
Set Me Free Pt.2 - Jimin,Set Me Free Pt.2,Jimin,3,2025-03-26,4,77,4,2025-03-26,107,6.308411214953271,78.4766355140187,3,0,0.0,1.701338069148344,7,87,4,287,5.83623693379791,82.45644599303135,3,0,-180
Set Me Free Pt.2 - Jimin,Set Me Free Pt.2,Jimin,4,2025-07-12,9,78,7,2025-07-17,12,15.0,77.91666666666667,29,5,0.4,13.671469961532699,7,87,4,287,5.83623693379791,82.45644599303135,-2,-3,-275
Seven (feat. Latto) (Alesso Remix) - Jung Kook & Latto,Seven (feat. Latto) (Alesso Remix),Jung Kook & Latto,1,2024-09-05,46,71,46,2024-09-05,1,46.0,71.0,0,0,0.0,0.0,25,0,17,5,23.8,52.2,-21,-29,-4
Seven (feat. Latto) (Alesso Remix) - Jung Kook & Latto,Seven (feat. Latto) (Alesso Remix),Jung Kook & Latto,2,2024-09-07,24,72,24,2024-09-07,2,24.0,72.0,0,0,0.0,0.0,25,0,17,5,23.8,52.2,1,-7,-3
Seven (feat. Latto) (Band Ver.) - Jung Kook & Latto,Seven (feat. Latto) (Band Ver.),Jung Kook & Latto,1,2024-07-27,34,77,34,2024-07-27,4,38.75,77.0,12,0,0.0,5.852349955359813,25,65,16,4,20.75,70.75,-9,-18,0
Seven (feat. Latto) (Band Ver.) - Jung Kook & Latto,Seven (feat. Latto) (Band Ver.),Jung Kook & Latto,2,2024-08-02,49,77,49,2024-08-02,1,49.0,77.0,0,0,0.0,0.0,25,65,16,4,20.75,70.75,-24,-33,-3
Seven (feat. Latto) (Band Ver.) - Jung Kook & Latto,Seven (feat. Latto) (Band Ver.),Jung Kook & Latto,3,2024-08-05,49,77,49,2024-08-05,1,49.0,77.0,0,0,0.0,0.0,25,65,16,4,20.75,70.75,-24,-33,-3
Seven (feat. Latto) (Explicit Ver.) - Jung Kook,Seven (feat. Latto) (Explicit Ver.),Jung Kook,1,2025-03-02,2,89,2,2025-03-02,12,2.0,88.5,0,0,0.0,0.0,1,0,1,117,2.4615384615384617,88.2051282051282,-1,-1,-105
Seven (feat. Latto) (Explicit Ver.) - Jung Kook,Seven (feat. Latto) (Explicit Ver.),Jung Kook,2,2025-03-15,2,88,2,2025-03-15,10,2.0,87.1,0,0,0.0,0.0,1,0,1,117,2.4615384615384617,88.2051282051282,-1,-1,-107
Seven (feat. Latto) (Explicit Ver.) - Jung Kook,Seven (feat. Latto) (Explicit Ver.),Jung Kook,3,2025-03-26,2,87,2,2025-03-26,107,3.046728971962617,84.95327102803738,1,0,0.0,0.9652761611892494,1,0,1,117,2.4615384615384617,88.2051282051282,-1,-1,-10
Seven (feat. Latto) (Explicit Ver.) - Jung Kook,Seven (feat. Latto) (Explicit Ver.),Jung Kook,4,2025-07-12,3,85,2,2025-07-25,32,2.8125,85.78125,0,13,0.07692307692307693,0.7378040652569471,1,0,1,117,2.4615384615384617,88.2051282051282,-2,-1,-85
Seven (feat. Latto) (Explicit Ver.) - Jung Kook,Seven (feat. Latto) (Explicit Ver.),Jung Kook,5,2025-08-14,2,86,2,2025-08-14,106,3.650943396226415,85.13207547169812,3,0,0.0,1.1955668337271468,1,0,1,117,2.4615384615384617,88.2051282051282,-1,-1,-11
Seven (feat. Latto) (Explicit Ver.) - Jung Kook & Latto,Seven (feat. Latto) (Explicit Ver.),Jung Kook & Latto,1,2024-07-19,1,95,1,2024-07-19,108,1.0,98.41666666666667,0,0,0.0,0.0,1,86,1,1,1.0,86.0,0,0,107
Seven (feat. Latto) (Instrumental) - Jung Kook & Latto,Seven (feat. Latto) (Instrumental),Jung Kook & Latto,1,2024-07-19,10,80,9,2024-07-21,19,29.05263157894737,80.52631578947368,34,2,0.5,13.347799170277415,10,74,10,1,10.0,74.0,0,1,18
Seven (feat. Latto) (Summer Mix) - Jung Kook & Latto,Seven (feat. Latto) (Summer Mix),Jung Kook & Latto,1,2024-07-27,35,77,35,2024-07-27,2,35.0,77.5,0,0,0.0,0.0,27,65,12,4,21.0,70.25,-8,-23,-2
Shopper - IU,Shopper,IU,1,2025-03-02,42,73,37,2025-03-06,9,42.666666666666664,73.22222222222223,8,4,1.25,3.122498999199199,18,59,15,7,21.571428571428573,62.57142857142857,-24,-22,2
Shot Glass of Tears - Jung Kook,Shot Glass of Tears,Jung Kook,1,2024-12-12,47,86,41,2024-12-13,2,44.0,85.5,0,1,6.0,4.242640687119285,13,0,13,37,30.10810810810811,82.86486486486487,-34,-28,-35
Shot Glass of Tears - Jung Kook,Shot Glass of Tears,Jung Kook,2,2024-12-15,45,85,45,2024-12-15,2,47.0,85.0,4,0,0.0,2.8284271247461903,13,0,13,37,30.10810810810811,82.86486486486487,-32,-32,-35
Shot Glass of Tears - Jung Kook,Shot Glass of Tears,Jung Kook,3,2024-12-19,50,85,50,2024-12-19,1,50.0,85.0,0,0,0.0,0.0,13,0,13,37,30.10810810810811,82.86486486486487,-37,-37,-36
Shot Glass of Tears - Jung Kook,Shot Glass of Tears,Jung Kook,4,2024-12-29,50,81,50,2024-12-29,1,50.0,81.0,0,0,0.0,0.0,13,0,13,37,30.10810810810811,82.86486486486487,-37,-37,-36
Slow Dance (feat. Sofia Carson) - Jimin,Slow Dance (feat. Sofia Carson),Jimin,1,2025-08-14,8,80,6,2025-08-28,106,12.89622641509434,75.39622641509433,8,14,0.14285714285714285,4.633067985446769,7,70,6,23,6.826086956521739,78.8695652173913,-1,0,83
Slow Dancing (Piano Ver.) - V,Slow Dancing (Piano Ver.),V,1,2024-12-31,49,79,49,2024-12-31,1,49.0,79.0,0,0,0.0,0.0,14,74,13,59,24.8135593220339,85.64406779661017,-35,-36,-58
Slow Dancing - V,Slow Dancing,V,1,2024-09-17,6,91,4,2024-09-22,165,24.333333333333332,92.71515151515152,35,5,0.4,12.166193330808188,5,80,4,5,5.0,85.6,-1,0,160
Slow Dancing - V,Slow Dancing,V,2,2025-03-02,41,89,35,2025-03-06,12,38.5,87.66666666666667,6,4,1.5,2.3159525823376357,5,80,4,5,5.0,85.6,-36,-31,7
Slow Dancing - V,Slow Dancing,V,3,2025-03-15,36,87,25,2025-03-24,10,30.8,86.0,0,9,1.2222222222222223,3.457680661303984,5,80,4,5,5.0,85.6,-31,-21,5
Slow Dancing - V,Slow Dancing,V,4,2025-03-26,26,85,26,2025-03-26,36,36.44444444444444,83.94444444444444,23,0,0.0,5.500360738530542,5,80,4,5,5.0,85.6,-21,-22,31
Slow Dancing - V,Slow Dancing,V,5,2025-05-02,48,83,48,2025-05-02,1,48.0,83.0,0,0,0.0,0.0,5,80,4,5,5.0,85.6,-43,-44,-4
Slow Dancing - V,Slow Dancing,V,6,2025-05-04,48,82,48,2025-05-04,2,48.0,82.0,0,0,0.0,0.0,5,80,4,5,5.0,85.6,-43,-44,-3
Slow Dancing - V,Slow Dancing,V,7,2025-05-07,44,82,44,2025-05-07,2,46.0,82.0,4,0,0.0,2.8284271247461903,5,80,4,5,5.0,85.6,-39,-40,-3
Small girl (feat. D.O.) - Lee Young Ji,Small girl (feat. D.O.),Lee Young Ji,1,2025-07-12,11,76,10,2025-07-14,32,18.78125,76.75,18,2,0.5,5.796185480903131,23,0,4,19,8.157894736842104,64.26315789473684,12,-6,13
Small girl (feat. D.O.) - Lee Young Ji,Small girl (feat. D.O.),Lee Young Ji,2,2025-08-14,27,76,25,2025-08-15,18,35.888888888888886,75.55555555555556,19,1,2.0,6.841816828616495,23,0,4,19,8.157894736842104,64.26315789473684,-4,-21,-1
Small girl (feat. D.O.) - Lee Young Ji,Small girl (feat. D.O.),Lee Young Ji,3,2025-09-02,43,75,43,2025-09-02,2,43.0,75.0,0,0,0.0,0.0,23,0,4,19,8.157894736842104,64.26315789473684,-20,-39,-17
Small girl (feat. D.O.) - Lee Young Ji,Small girl (feat. D.O.),Lee Young Ji,4,2025-09-09,44,74,44,2025-09-09,3,45.0,74.0,3,0,0.0,1.7320508075688772,23,0,4,19,8.157894736842104,64.26315789473684,-21,-40,-16
Small girl (feat. D.O.) - Lee Young Ji,Small girl (feat. D.O.),Lee Young Ji,5,2025-09-13,50,74,31,2025-09-17,19,41.05263157894737,74.0,14,4,4.75,6.1325514375749774,23,0,4,19,8.157894736842104,64.26315789473684,-27,-27,0
Smart - LE SSERAFIM,Smart,LE SSERAFIM,1,2025-03-02,12,84,10,2025-03-08,12,10.916666666666666,85.66666666666667,0,6,0.3333333333333333,1.443375672974064,24,67,14,8,18.5,74.625,12,4,4
Smart - LE SSERAFIM,Smart,LE SSERAFIM,2,2025-03-15,9,87,9,2025-03-15,10,10.1,78.3,1,0,0.0,0.7378647873726218,24,67,14,8,18.5,74.625,15,5,2
Smart - LE SSERAFIM,Smart,LE SSERAFIM,3,2025-03-26,11,47,11,2025-03-26,61,22.19672131147541,75.88524590163935,25,0,0.0,9.944545694552279,24,67,14,8,18.5,74.625,13,3,53
Smart - LE SSERAFIM,Smart,LE SSERAFIM,4,2025-05-27,39,80,35,2025-06-03,25,43.28,76.76,13,7,0.5714285714285714,3.529872518944558,24,67,14,8,18.5,74.625,-15,-21,17
Smeraldo Garden Marching Band (feat. Loco) - Jimin,Smeraldo Garden Marching Band (feat. Loco),Jimin,1,2025-08-14,4,80,4,2025-08-14,106,6.7924528301886795,75.06603773584905,7,0,0.0,2.7245514480354216,3,68,3,23,3.391304347826087,78.26086956521739,-1,-1,83
Smeraldo Garden Marching Band (feat. Loco) - Jimin & Loco,Smeraldo Garden Marching Band (feat. Loco),Jimin & Loco,1,2025-07-12,2,91,2,2025-07-12,9,2.0,92.33333333333333,0,0,0.0,0.0,2,78,2,11,2.0,87.18181818181819,0,0,-2
Snowman - Sia,Snowman,Sia,1,2024-12-21,34,94,14,2024-12-25,7,26.285714285714285,94.0,2,4,5.0,12.297889869326983,36,94,36,3,38.666666666666664,94.0,2,22,4
Somebody - Jung Kook,Somebody,Jung Kook,1,2024-12-06,48,86,47,2024-12-08,3,47.666666666666664,86.0,0,2,0.5,0.5773502691896258,12,0,11,31,24.903225806451612,82.61290322580645,-36,-36,-28
Somebody - Jung Kook,Somebody,Jung Kook,2,2024-12-10,50,86,50,2024-12-10,1,50.0,86.0,0,0,0.0,0.0,12,0,11,31,24.903225806451612,82.61290322580645,-38,-39,-30
Somebody - Jung Kook,Somebody,Jung Kook,3,2024-12-12,48,86,37,2024-12-13,3,42.666666666666664,86.0,6,1,11.0,5.507570547286102,12,0,11,31,24.903225806451612,82.61290322580645,-36,-26,-28
Somebody - Jung Kook,Somebody,Jung Kook,4,2024-12-16,46,85,46,2024-12-16,1,46.0,85.0,0,0,0.0,0.0,12,0,11,31,24.903225806451612,82.61290322580645,-34,-35,-30
Somebody - Jung Kook,Somebody,Jung Kook,5,2024-12-21,49,84,49,2024-12-21,1,49.0,84.0,0,0,0.0,0.0,12,0,11,31,24.903225806451612,82.61290322580645,-37,-38,-30
Somebody - Jung Kook,Somebody,Jung Kook,6,2025-01-25,50,82,50,2025-01-25,1,50.0,82.0,0,0,0.0,0.0,12,0,11,31,24.903225806451612,82.61290322580645,-38,-39,-30
Somebody - Jung Kook,Somebody,Jung Kook,7,2025-01-28,46,82,46,2025-01-28,4,47.0,82.0,2,0,0.0,1.1547005383792515,12,0,11,31,24.903225806451612,82.61290322580645,-34,-35,-27
Somebody - Jung Kook,Somebody,Jung Kook,8,2025-02-02,48,82,48,2025-02-02,1,48.0,82.0,0,0,0.0,0.0,12,0,11,31,24.903225806451612,82.61290322580645,-36,-37,-30
Somebody - Jung Kook,Somebody,Jung Kook,9,2025-02-08,47,82,47,2025-02-08,1,47.0,82.0,0,0,0.0,0.0,12,0,11,31,24.903225806451612,82.61290322580645,-35,-36,-30
Somebody - Jung Kook,Somebody,Jung Kook,10,2025-02-10,48,82,48,2025-02-10,1,48.0,82.0,0,0,0.0,0.0,12,0,11,31,24.903225806451612,82.61290322580645,-36,-37,-30
Somebody - Jung Kook,Somebody,Jung Kook,11,2025-02-13,49,81,41,2025-02-14,2,45.0,81.0,0,1,8.0,5.656854249492381,12,0,11,31,24.903225806451612,82.61290322580645,-37,-30,-29
Somebody - Jung Kook,Somebody,Jung Kook,12,2025-02-17,45,81,45,2025-02-17,1,45.0,81.0,0,0,0.0,0.0,12,0,11,31,24.903225806451612,82.61290322580645,-33,-34,-30
Somebody - Jung Kook,Somebody,Jung Kook,13,2025-02-26,45,81,43,2025-02-28,3,44.333333333333336,81.0,0,2,1.0,1.1547005383792517,12,0,11,31,24.903225806451612,82.61290322580645,-33,-32,-28
Somebody - Jung Kook,Somebody,Jung Kook,14,2025-03-02,39,81,38,2025-03-03,4,40.25,80.25,4,1,1.0,2.0615528128088303,12,0,11,31,24.903225806451612,82.61290322580645,-27,-27,-27
Somebody - Jung Kook,Somebody,Jung Kook,15,2025-03-07,41,80,41,2025-03-07,2,41.5,80.0,1,0,0.0,0.7071067811865476,12,0,11,31,24.903225806451612,82.61290322580645,-29,-30,-29
Somebody - Jung Kook,Somebody,Jung Kook,16,2025-03-10,50,79,50,2025-03-10,1,50.0,79.0,0,0,0.0,0.0,12,0,11,31,24.903225806451612,82.61290322580645,-38,-39,-30
Spicy - aespa,Spicy,aespa,1,2024-09-15,46,80,46,2024-09-15,2,46.0,80.0,0,0,0.0,0.0,3,81,3,118,21.26271186440678,83.22033898305085,-43,-43,-116
Spring Snow - 10CM,Spring Snow,10CM,1,2025-05-19,44,69,44,2025-05-19,1,44.0,69.0,0,0,0.0,0.0,50,60,50,1,50.0,60.0,6,6,0
Spring Snow - 10CM,Spring Snow,10CM,2,2025-05-22,46,72,32,2025-05-24,4,38.0,73.25,6,2,7.0,5.887840577551898,50,60,50,1,50.0,60.0,4,18,3
Spring Snow - 10CM,Spring Snow,10CM,3,2025-05-29,50,76,30,2025-05-31,16,38.5625,75.8125,19,2,10.0,6.076937276841573,50,60,50,1,50.0,60.0,0,20,15
Standing Next to You - Jung Kook,Standing Next to You,Jung Kook,1,2025-03-03,8,95,8,2025-03-03,11,8.363636363636363,93.72727272727273,0,0,0.0,0.504524979109513,5,0,3,117,6.068376068376068,95.17094017094017,-3,-5,-106
Standing Next to You - Jung Kook,Standing Next to You,Jung Kook,2,2025-03-15,5,93,5,2025-03-15,10,6.5,92.6,1,0,0.0,1.1785113019775793,5,0,3,117,6.068376068376068,95.17094017094017,0,-2,-107
Standing Next to You - Jung Kook,Standing Next to You,Jung Kook,3,2025-03-26,7,92,5,2025-04-06,107,9.626168224299066,89.8785046728972,7,11,0.18181818181818182,1.756515442498442,5,0,3,117,6.068376068376068,95.17094017094017,-2,-2,-10
Standing Next to You - Jung Kook,Standing Next to You,Jung Kook,4,2025-07-12,12,89,9,2025-07-19,32,11.3125,89.96875,1,7,0.42857142857142855,1.4013242584852925,5,0,3,117,6.068376068376068,95.17094017094017,-7,-6,-85
Standing Next to You - Jung Kook,Standing Next to You,Jung Kook,5,2025-08-14,9,90,5,2025-08-17,106,9.084905660377359,89.51886792452831,12,3,1.3333333333333333,2.8689401544931004,5,0,3,117,6.068376068376068,95.17094017094017,-4,-2,-11
Stay Alive (Prod. SUGA of BTS) - Jung Kook,Stay Alive (Prod. SUGA of BTS),Jung Kook,1,2024-08-12,49,80,49,2024-08-12,1,49.0,80.0,0,0,0.0,0.0,45,82,34,12,38.5,82.5,-4,-15,-11
Steady - NCT WISH,Steady,NCT WISH,1,2025-10-02,48,59,48,2025-10-02,1,48.0,59.0,0,0,0.0,0.0,39,46,25,4,33.0,52.25,-9,-23,-3
"Steal The Show - From ""Elemental"" - Lauv","Steal The Show - From ""Elemental""",Lauv,1,2024-09-09,44,77,36,2024-09-18,25,44.28,76.84,13,9,0.8888888888888888,3.8785736209763164,49,70,8,80,22.3875,76.55,5,-28,-55
Sticky - KISS OF LIFE,Sticky,KISS OF LIFE,1,2025-07-12,6,75,6,2025-07-12,32,9.125,80.21875,5,0,0.0,2.090685950097595,13,51,8,9,11.777777777777779,65.44444444444444,7,2,23
Sticky - KISS OF LIFE,Sticky,KISS OF LIFE,2,2025-08-14,11,82,11,2025-08-14,67,22.26865671641791,81.2089552238806,29,0,0.0,11.427746788107362,13,51,8,9,11.777777777777779,65.44444444444444,2,-3,58
Sticky - KISS OF LIFE,Sticky,KISS OF LIFE,3,2025-10-21,49,79,49,2025-10-21,1,49.0,79.0,0,0,0.0,0.0,13,51,8,9,11.777777777777779,65.44444444444444,-36,-41,-8
Still With You - Jung Kook,Still With You,Jung Kook,1,2024-10-23,44,84,44,2024-10-23,1,44.0,84.0,0,0,0.0,0.0,8,78,8,108,22.98148148148148,86.31481481481481,-36,-36,-107
Sudden Shower - ECLIPSE,Sudden Shower,ECLIPSE,1,2025-05-15,50,74,41,2025-05-17,4,45.75,75.0,2,2,4.5,4.425306015783918,48,72,48,2,48.0,72.0,-2,7,2
Sudden Shower - ECLIPSE,Sudden Shower,ECLIPSE,2,2025-05-21,48,77,36,2025-05-24,5,42.0,77.2,5,3,4.0,4.301162633521313,48,72,48,2,48.0,72.0,0,12,3
Sudden Shower - ECLIPSE,Sudden Shower,ECLIPSE,3,2025-05-28,38,78,26,2025-06-02,44,31.477272727272727,76.97727272727273,10,5,2.4,4.453838879113092,48,72,48,2,48.0,72.0,10,22,42
Sudden Shower - ECLIPSE,Sudden Shower,ECLIPSE,4,2025-07-12,38,78,35,2025-07-20,22,42.81818181818182,77.86363636363636,14,8,0.375,5.52601090632262,48,72,48,2,48.0,72.0,10,13,20
Sugarcoat (NATTY Solo) - KISS OF LIFE,Sugarcoat (NATTY Solo),KISS OF LIFE,1,2024-08-24,44,73,26,2024-08-31,14,36.642857142857146,73.64285714285714,21,7,2.5714285714285716,8.205131066849319,50,73,50,1,50.0,73.0,6,24,13
Sugarcoat (NATTY Solo) - KISS OF LIFE,Sugarcoat (NATTY Solo),KISS OF LIFE,2,2024-09-09,49,74,49,2024-09-09,1,49.0,74.0,0,0,0.0,0.0,50,73,50,1,50.0,73.0,1,1,0
Sugarcoat (NATTY Solo) - KISS OF LIFE,Sugarcoat (NATTY Solo),KISS OF LIFE,3,2024-09-13,46,74,46,2024-09-13,1,46.0,74.0,0,0,0.0,0.0,50,73,50,1,50.0,73.0,4,4,0
Sunflower - Spider-Man: Into the Spider-Verse - Post Malone,Sunflower - Spider-Man: Into the Spider-Verse,Post Malone,1,2024-07-07,50,89,45,2024-07-08,2,47.5,89.0,0,1,5.0,3.5355339059327378,49,87,31,12,36.416666666666664,87.75,-1,-14,-10
Sunflower - Spider-Man: Into the Spider-Verse - Post Malone,Sunflower - Spider-Man: Into the Spider-Verse,Post Malone,2,2024-07-10,46,89,46,2024-07-10,5,47.2,89.0,3,0,0.0,1.6431676725154984,49,87,31,12,36.416666666666664,87.75,3,-15,-7
Sunflower - Spider-Man: Into the Spider-Verse - Post Malone,Sunflower - Spider-Man: Into the Spider-Verse,Post Malone,3,2024-07-16,50,89,50,2024-07-16,1,50.0,89.0,0,0,0.0,0.0,49,87,31,12,36.416666666666664,87.75,-1,-19,-11
Sunflower - Spider-Man: Into the Spider-Verse - Post Malone,Sunflower - Spider-Man: Into the Spider-Verse,Post Malone,4,2024-07-21,48,88,47,2024-07-22,2,47.5,88.0,0,1,1.0,0.7071067811865476,49,87,31,12,36.416666666666664,87.75,1,-16,-10
Sunflower - Spider-Man: Into the Spider-Verse - Post Malone,Sunflower - Spider-Man: Into the Spider-Verse,Post Malone,5,2024-09-24,47,85,47,2024-09-24,1,47.0,85.0,0,0,0.0,0.0,49,87,31,12,36.416666666666664,87.75,2,-16,-11
Super - SEVENTEEN,Super,SEVENTEEN,1,2024-07-07,47,88,37,2024-07-10,22,43.09090909090909,87.27272727272727,11,3,3.3333333333333335,2.5054054117160915,13,88,13,48,21.020833333333332,88.0,-34,-24,-26
Super - SEVENTEEN,Super,SEVENTEEN,2,2024-07-31,49,86,44,2024-08-06,9,47.333333333333336,85.77777777777777,1,6,0.8333333333333334,2.179449471770337,13,88,13,48,21.020833333333332,88.0,-36,-31,-39
Super Lady - (G)I-DLE,Super Lady,(G)I-DLE,1,2025-02-15,48,81,48,2025-02-15,2,48.5,81.5,1,0,0.0,0.7071067811865476,32,71,32,12,37.916666666666664,77.5,-16,-16,-10
Super Shy - NewJeans,Super Shy,NewJeans,1,2025-03-02,32,88,30,2025-03-03,12,32.583333333333336,86.83333333333333,6,1,2.0,1.7298624923456323,4,0,1,235,19.085106382978722,91.0127659574468,-28,-29,-223
Super Shy - NewJeans,Super Shy,NewJeans,2,2025-03-15,33,86,29,2025-03-24,10,34.2,85.2,0,9,0.4444444444444444,2.973961069759395,4,0,1,235,19.085106382978722,91.0127659574468,-29,-28,-225
Super Shy - NewJeans,Super Shy,NewJeans,3,2025-03-26,31,85,21,2025-05-06,107,32.13084112149533,82.39252336448598,17,41,0.24390243902439024,4.7106545476156825,4,0,1,235,19.085106382978722,91.0127659574468,-27,-20,-128
Super Shy - NewJeans,Super Shy,NewJeans,4,2025-07-12,39,81,29,2025-07-15,32,37.09375,81.125,7,3,3.3333333333333335,3.5228230523352315,4,0,1,235,19.085106382978722,91.0127659574468,-35,-28,-203
Super Shy - NewJeans,Super Shy,NewJeans,5,2025-08-14,35,81,33,2025-08-15,9,38.111111111111114,81.0,14,1,2.0,6.313565641625271,4,0,1,235,19.085106382978722,91.0127659574468,-31,-32,-226
Super Shy - NewJeans,Super Shy,NewJeans,6,2025-08-24,49,81,49,2025-08-24,2,49.0,81.0,0,0,0.0,0.0,4,0,1,235,19.085106382978722,91.0127659574468,-45,-48,-233
Super Shy - NewJeans,Super Shy,NewJeans,7,2025-09-19,49,81,49,2025-09-19,1,49.0,81.0,0,0,0.0,0.0,4,0,1,235,19.085106382978722,91.0127659574468,-45,-48,-234
Supernatural - NewJeans,Supernatural,NewJeans,1,2025-07-12,4,82,4,2025-07-12,32,6.25,82.84375,4,0,0.0,1.8837162994395398,1,0,1,19,2.9473684210526314,72.21052631578948,-3,-3,13
Supernatural - NewJeans,Supernatural,NewJeans,2,2025-08-14,6,83,6,2025-08-14,106,17.754716981132077,80.11320754716981,38,0,0.0,8.27711857012447,1,0,1,19,2.9473684210526314,72.21052631578948,-5,-5,87
Supernova - aespa,Supernova,aespa,1,2025-07-12,13,75,11,2025-07-14,32,13.9375,75.3125,5,2,1.0,1.1053389496206072,7,0,1,57,5.508771929824562,71.66666666666667,-6,-10,-25
Supernova - aespa,Supernova,aespa,2,2025-08-14,14,76,14,2025-08-14,38,17.157894736842106,74.97368421052632,3,0,0.0,2.1120800019331996,7,0,1,57,5.508771929824562,71.66666666666667,-7,-13,-19
Supernova - aespa,Supernova,aespa,3,2025-09-22,19,75,14,2025-10-09,67,20.80597014925373,67.71641791044776,22,17,0.29411764705882354,4.576748898939499,7,0,1,57,5.508771929824562,71.66666666666667,-12,-13,10
Swan Song - LE SSERAFIM,Swan Song,LE SSERAFIM,1,2025-03-02,23,80,23,2025-03-02,12,30.583333333333332,79.58333333333333,19,0,0.0,6.761634193720996,18,67,15,8,18.5,73.125,-5,-8,4
Swan Song - LE SSERAFIM,Swan Song,LE SSERAFIM,2,2025-03-15,44,79,44,2025-03-15,2,45.5,79.0,3,0,0.0,2.1213203435596424,18,67,15,8,18.5,73.125,-26,-29,-6
Sweet Night - V,Sweet Night,V,1,2024-09-04,39,80,39,2024-09-04,2,44.0,80.0,10,0,0.0,7.0710678118654755,49,79,31,19,41.73684210526316,79.89473684210526,10,-8,-17
Sweet Night - V,Sweet Night,V,2,2024-09-07,47,80,47,2024-09-07,2,47.0,80.0,0,0,0.0,0.0,49,79,31,19,41.73684210526316,79.89473684210526,2,-16,-17
T.B.H - QWER,T.B.H,QWER,1,2025-07-12,37,62,31,2025-07-15,32,38.21875,61.65625,14,3,2.0,3.6784847423905402,47,49,10,96,19.166666666666668,61.625,10,-21,-64
T.B.H - QWER,T.B.H,QWER,2,2025-08-14,39,61,39,2025-08-14,8,43.25,61.0,8,0,0.0,2.659215781283755,47,49,10,96,19.166666666666668,61.625,8,-29,-88
T.B.H - QWER,T.B.H,QWER,3,2025-08-25,44,60,44,2025-08-25,4,45.75,60.0,5,0,0.0,2.217355782608345,47,49,10,96,19.166666666666668,61.625,3,-34,-92
T.B.H - QWER,T.B.H,QWER,4,2025-09-19,50,60,50,2025-09-19,1,50.0,60.0,0,0,0.0,0.0,47,49,10,96,19.166666666666668,61.625,-3,-40,-95
T.B.H - QWER,T.B.H,QWER,5,2025-09-29,44,59,42,2025-09-30,9,48.0,59.0,7,1,2.0,2.9154759474226504,47,49,10,96,19.166666666666668,61.625,3,-32,-87
T.B.H - QWER,T.B.H,QWER,6,2025-10-10,50,59,49,2025-10-11,2,49.5,59.0,0,1,1.0,0.7071067811865476,47,49,10,96,19.166666666666668,61.625,-3,-39,-94
T.B.H - QWER,T.B.H,QWER,7,2025-10-15,47,59,47,2025-10-15,1,47.0,59.0,0,0,0.0,0.0,47,49,10,96,19.166666666666668,61.625,0,-37,-95
T.B.H - QWER,T.B.H,QWER,8,2025-10-17,48,59,47,2025-10-18,2,47.5,59.0,0,1,1.0,0.7071067811865476,47,49,10,96,19.166666666666668,61.625,-1,-37,-94
Take Two - BTS,Take Two,BTS,1,2024-11-07,49,85,35,2024-11-08,11,43.90909090909091,85.36363636363636,14,1,14.0,5.107926104683689,5,83,5,144,26.40972222222222,89.625,-44,-30,-133
Talk Saxy - RIIZE,Talk Saxy,RIIZE,1,2024-11-07,50,67,46,2024-11-09,4,48.25,68.0,4,2,2.0,2.0615528128088303,39,0,26,7,34.714285714285715,51.57142857142857,-11,-20,-3
Talk Saxy - RIIZE,Talk Saxy,RIIZE,2,2024-12-14,49,70,48,2024-12-15,2,48.5,70.0,0,1,1.0,0.7071067811865476,39,0,26,7,34.714285714285715,51.57142857142857,-10,-22,-5
Talk Saxy - RIIZE,Talk Saxy,RIIZE,3,2025-01-10,49,70,49,2025-01-10,1,49.0,70.0,0,0,0.0,0.0,39,0,26,7,34.714285714285715,51.57142857142857,-10,-23,-6
Talk Saxy - RIIZE,Talk Saxy,RIIZE,4,2025-01-12,46,70,44,2025-01-13,2,45.0,70.0,0,1,2.0,1.4142135623730951,39,0,26,7,34.714285714285715,51.57142857142857,-7,-18,-5
Talk Saxy - RIIZE,Talk Saxy,RIIZE,5,2025-01-17,50,70,47,2025-01-18,5,49.0,70.0,3,1,3.0,1.224744871391589,39,0,26,7,34.714285714285715,51.57142857142857,-11,-21,-2
Talk Saxy - RIIZE,Talk Saxy,RIIZE,6,2025-01-27,49,70,49,2025-01-27,1,49.0,70.0,0,0,0.0,0.0,39,0,26,7,34.714285714285715,51.57142857142857,-10,-23,-6
Taste - Sabrina Carpenter,Taste,Sabrina Carpenter,1,2025-09-20,47,96,43,2025-09-21,2,45.0,96.0,0,1,4.0,2.8284271247461903,50,85,29,20,36.75,92.25,3,-14,-18
Taste - Sabrina Carpenter,Taste,Sabrina Carpenter,2,2025-09-25,47,96,47,2025-09-25,1,47.0,96.0,0,0,0.0,0.0,50,85,29,20,36.75,92.25,3,-18,-19
Taste - Sabrina Carpenter,Taste,Sabrina Carpenter,3,2025-09-28,50,96,45,2025-09-29,2,47.5,96.0,0,1,5.0,3.5355339059327378,50,85,29,20,36.75,92.25,0,-16,-18
Teddy Bear - STAYC,Teddy Bear,STAYC,1,2024-05-21,47,74,42,2024-05-22,7,46.142857142857146,74.0,7,1,5.0,3.184785258515422,47,74,47,1,47.0,74.0,0,5,6
Teddy Bear - STAYC,Teddy Bear,STAYC,2,2024-05-29,45,74,45,2024-05-29,1,45.0,74.0,0,0,0.0,0.0,47,74,47,1,47.0,74.0,2,2,0
Teddy Bear - STAYC,Teddy Bear,STAYC,3,2024-05-31,48,74,48,2024-05-31,3,48.666666666666664,74.0,1,0,0.0,0.5773502691896258,47,74,47,1,47.0,74.0,-1,-1,2
Teddy Bear - STAYC,Teddy Bear,STAYC,4,2024-06-05,46,73,46,2024-06-05,1,46.0,73.0,0,0,0.0,0.0,47,74,47,1,47.0,74.0,1,1,0
That's What I Like - Bruno Mars,That's What I Like,Bruno Mars,1,2025-11-11,45,87,45,2025-11-11,2,47.5,87.0,5,0,0.0,3.5355339059327378,50,87,38,3,43.666666666666664,87.0,5,-7,-1
The Planet - BTS,The Planet,BTS,1,2024-06-22,42,88,42,2024-06-22,3,45.0,88.0,6,0,0.0,3.0,19,84,18,34,31.058823529411764,87.55882352941177,-23,-24,-31
The Planet - BTS,The Planet,BTS,2,2024-07-02,44,87,43,2024-07-03,3,43.333333333333336,87.0,0,1,1.0,0.5773502691896258,19,84,18,34,31.058823529411764,87.55882352941177,-25,-25,-31
The Planet - BTS,The Planet,BTS,3,2024-07-16,46,86,46,2024-07-16,1,46.0,86.0,0,0,0.0,0.0,19,84,18,34,31.058823529411764,87.55882352941177,-27,-28,-33
Thirsty - aespa,Thirsty,aespa,1,2024-07-04,50,77,50,2024-07-04,1,50.0,77.0,0,0,0.0,0.0,24,75,17,46,34.06521739130435,76.84782608695652,-26,-33,-45
Tick-Tack - ILLIT,Tick-Tack,ILLIT,1,2025-11-27,50,74,50,2025-11-27,1,50.0,74.0,0,0,0.0,0.0,49,73,49,1,49.0,73.0,-1,-1,0
Time of Our Life -Japanese ver.- - Japanese ver. - DAY6,Time of Our Life -Japanese ver.- - Japanese ver.,DAY6,1,2025-04-01,49,54,47,2025-04-02,4,48.25,54.0,2,1,2.0,0.9574271077563381,43,54,42,4,45.0,54.75,-6,-5,0
Time of Our Life -Japanese ver.- - Japanese ver. - DAY6,Time of Our Life -Japanese ver.- - Japanese ver.,DAY6,2,2025-04-14,42,55,42,2025-04-14,7,44.285714285714285,55.0,5,0,0.0,2.3603873774083297,43,54,42,4,45.0,54.75,1,0,3
Time of Our Life -Japanese ver.- - Japanese ver. - DAY6,Time of Our Life -Japanese ver.- - Japanese ver.,DAY6,3,2025-04-23,49,55,49,2025-04-23,1,49.0,55.0,0,0,0.0,0.0,43,54,42,4,45.0,54.75,-6,-7,-3
Time of Our Life -Japanese ver.- - Japanese ver. - DAY6,Time of Our Life -Japanese ver.- - Japanese ver.,DAY6,4,2025-04-25,48,55,47,2025-04-26,2,47.5,55.0,0,1,1.0,0.7071067811865476,43,54,42,4,45.0,54.75,-5,-5,-2
Time of Our Life -Japanese ver.- - Japanese ver. - DAY6,Time of Our Life -Japanese ver.- - Japanese ver.,DAY6,5,2025-06-03,49,54,49,2025-06-03,1,49.0,54.0,0,0,0.0,0.0,43,54,42,4,45.0,54.75,-6,-7,-3
Time of Our Life -Japanese ver.- - Japanese ver. - DAY6,Time of Our Life -Japanese ver.- - Japanese ver.,DAY6,6,2025-08-14,47,54,47,2025-08-14,1,47.0,54.0,0,0,0.0,0.0,43,54,42,4,45.0,54.75,-4,-5,-3
Time of Our Life -Japanese ver.- - Japanese ver. - DAY6,Time of Our Life -Japanese ver.- - Japanese ver.,DAY6,7,2025-09-05,50,55,29,2025-09-19,30,37.03333333333333,56.1,12,14,1.5,5.209297611885445,43,54,42,4,45.0,54.75,-7,13,26
Time of Our Life -Japanese ver.- - Japanese ver. - DAY6,Time of Our Life -Japanese ver.- - Japanese ver.,DAY6,8,2025-10-06,37,56,37,2025-10-06,1,37.0,56.0,0,0,0.0,0.0,43,54,42,4,45.0,54.75,6,5,-3
Time of Our Life -Japanese ver.- - Japanese ver. - DAY6,Time of Our Life -Japanese ver.- - Japanese ver.,DAY6,9,2025-10-08,40,56,25,2025-10-21,51,33.90196078431372,55.23529411764706,17,13,1.1538461538461537,5.9371875562787615,43,54,42,4,45.0,54.75,3,17,47
To. X - TAEYEON,To. X,TAEYEON,1,2025-03-02,16,76,16,2025-03-02,12,17.75,75.66666666666667,4,0,0.0,1.2880570286640687,41,0,12,93,21.913978494623656,74.12903225806451,25,-4,-81
To. X - TAEYEON,To. X,TAEYEON,2,2025-03-15,20,75,20,2025-03-15,10,21.8,75.0,2,0,0.0,1.3165611772087666,41,0,12,93,21.913978494623656,74.12903225806451,21,-8,-83
To. X - TAEYEON,To. X,TAEYEON,3,2025-03-26,21,75,20,2025-04-04,36,30.52777777777778,76.0,22,9,0.1111111111111111,7.268271993932105,41,0,12,93,21.913978494623656,74.12903225806451,20,-8,-57
To. X - TAEYEON,To. X,TAEYEON,4,2025-05-05,50,75,48,2025-05-06,3,49.333333333333336,75.0,2,1,2.0,1.1547005383792517,41,0,12,93,21.913978494623656,74.12903225806451,-9,-36,-90
Too Sad to Dance - Jung Kook,Too Sad to Dance,Jung Kook,1,2024-12-04,50,86,50,2024-12-04,1,50.0,86.0,0,0,0.0,0.0,11,0,10,29,22.413793103448278,81.89655172413794,-39,-40,-28
Too Sad to Dance - Jung Kook,Too Sad to Dance,Jung Kook,2,2024-12-09,48,86,45,2024-12-11,4,47.75,85.5,5,2,1.5,2.0615528128088303,11,0,10,29,22.413793103448278,81.89655172413794,-37,-35,-25
Too Sad to Dance - Jung Kook,Too Sad to Dance,Jung Kook,3,2024-12-14,47,85,47,2024-12-14,1,47.0,85.0,0,0,0.0,0.0,11,0,10,29,22.413793103448278,81.89655172413794,-36,-37,-28
Too Sad to Dance - Jung Kook,Too Sad to Dance,Jung Kook,4,2024-12-16,47,85,47,2024-12-16,1,47.0,85.0,0,0,0.0,0.0,11,0,10,29,22.413793103448278,81.89655172413794,-36,-37,-28
Too Sad to Dance - Jung Kook,Too Sad to Dance,Jung Kook,5,2024-12-23,45,83,45,2024-12-23,1,45.0,83.0,0,0,0.0,0.0,11,0,10,29,22.413793103448278,81.89655172413794,-34,-35,-28
Too Sad to Dance - Jung Kook,Too Sad to Dance,Jung Kook,6,2025-03-17,40,78,40,2025-03-17,1,40.0,78.0,0,0,0.0,0.0,11,0,10,29,22.413793103448278,81.89655172413794,-29,-30,-28
Too Sad to Dance - Jung Kook,Too Sad to Dance,Jung Kook,7,2025-03-19,41,78,41,2025-03-19,1,41.0,78.0,0,0,0.0,0.0,11,0,10,29,22.413793103448278,81.89655172413794,-30,-31,-28
Too Sad to Dance - Jung Kook,Too Sad to Dance,Jung Kook,8,2025-03-21,50,78,43,2025-03-22,3,45.333333333333336,77.33333333333333,0,1,7.0,4.041451884327381,11,0,10,29,22.413793103448278,81.89655172413794,-39,-33,-26
Touch - KATSEYE,Touch,KATSEYE,1,2025-09-05,47,82,16,2025-09-24,68,30.08823529411765,83.92647058823529,23,19,1.631578947368421,8.540920454638778,50,80,39,9,45.22222222222222,80.66666666666667,3,23,59
Touch - KATSEYE,Touch,KATSEYE,2,2025-11-15,50,85,50,2025-11-15,1,50.0,85.0,0,0,0.0,0.0,50,80,39,9,45.22222222222222,80.66666666666667,0,-11,-8
Trust in me - Lim Young Woong,Trust in me,Lim Young Woong,1,2024-11-29,48,58,42,2024-12-05,10,45.0,58.3,2,6,1.0,2.211083193570267,50,57,42,15,46.666666666666664,57.46666666666667,2,0,-5
VIBE (feat. Jimin of BTS) - TAEYANG,VIBE (feat. Jimin of BTS),TAEYANG,1,2024-05-24,43,68,35,2024-05-28,12,37.333333333333336,68.75,1,4,2.0,2.7413776673693677,36,67,31,5,39.2,67.6,-7,-4,7
VIBE (feat. Jimin of BTS) - TAEYANG,VIBE (feat. Jimin of BTS),TAEYANG,2,2024-06-06,45,69,28,2024-06-18,40,36.625,70.9,22,12,1.4166666666666667,7.02262826100796,36,67,31,5,39.2,67.6,-9,3,35
VIBE (feat. Jimin of BTS) - TAEYANG,VIBE (feat. Jimin of BTS),TAEYANG,3,2024-07-20,49,72,49,2024-07-20,1,49.0,72.0,0,0,0.0,0.0,36,67,31,5,39.2,67.6,-13,-18,-4
VIBE (feat. Jimin of BTS) - TAEYANG,VIBE (feat. Jimin of BTS),TAEYANG,4,2024-10-26,50,71,50,2024-10-26,1,50.0,71.0,0,0,0.0,0.0,36,67,31,5,39.2,67.6,-14,-19,-4
VIBE (feat. Jimin of BTS) - TAEYANG,VIBE (feat. Jimin of BTS),TAEYANG,5,2024-10-29,43,71,43,2024-10-29,1,43.0,71.0,0,0,0.0,0.0,36,67,31,5,39.2,67.6,-7,-12,-4
VIBE (feat. Jimin of BTS) - TAEYANG,VIBE (feat. Jimin of BTS),TAEYANG,6,2024-11-02,48,71,48,2024-11-02,1,48.0,71.0,0,0,0.0,0.0,36,67,31,5,39.2,67.6,-12,-17,-4
VIBE (feat. Jimin of BTS) - TAEYANG,VIBE (feat. Jimin of BTS),TAEYANG,7,2024-11-04,45,71,44,2024-11-11,8,46.0,71.0,0,7,0.14285714285714285,1.8516401995451028,36,67,31,5,39.2,67.6,-9,-13,3
Vancouver - BIG Naughty,Vancouver,BIG Naughty,1,2024-06-12,50,59,50,2024-06-12,2,50.0,59.0,0,0,0.0,0.0,41,58,33,6,38.0,58.833333333333336,-9,-17,-4
Vancouver - BIG Naughty,Vancouver,BIG Naughty,2,2024-09-22,50,56,50,2024-09-22,1,50.0,56.0,0,0,0.0,0.0,41,58,33,6,38.0,58.833333333333336,-9,-17,-5
WAY 4 LUV - PLAVE,WAY 4 LUV,PLAVE,1,2025-10-25,47,60,41,2025-10-26,3,46.0,60.666666666666664,9,1,6.0,4.58257569495584,50,57,42,9,46.666666666666664,58.666666666666664,3,1,-6
Warmth - Lim Young Woong,Warmth,Lim Young Woong,1,2025-07-12,18,65,16,2025-07-18,32,17.71875,65.3125,1,6,0.3333333333333333,0.9583041136265399,37,35,11,64,16.453125,60.4375,19,-5,-32
Warmth - Lim Young Woong,Warmth,Lim Young Woong,2,2025-08-14,19,65,15,2025-08-22,74,23.08108108108108,63.82432432432432,32,8,0.5,7.789625620554835,37,35,11,64,16.453125,60.4375,18,-4,10
Warmth - Lim Young Woong,Warmth,Lim Young Woong,3,2025-10-29,50,62,50,2025-10-29,1,50.0,62.0,0,0,0.0,0.0,37,35,11,64,16.453125,60.4375,-13,-39,-63
Warmth - Lim Young Woong,Warmth,Lim Young Woong,4,2025-11-01,49,62,36,2025-11-09,24,42.75,62.0,14,8,1.625,4.05666386814713,37,35,11,64,16.453125,60.4375,-12,-25,-40
Welcome to the Show - DAY6,Welcome to the Show,DAY6,1,2025-03-26,36,63,32,2025-03-27,6,38.0,64.33333333333333,15,1,4.0,4.9396356140913875,36,0,24,5,29.2,47.6,0,-8,1
Welcome to the Show - DAY6,Welcome to the Show,DAY6,2,2025-04-02,48,65,46,2025-04-04,3,47.666666666666664,65.0,0,2,1.0,1.5275252316519465,36,0,24,5,29.2,47.6,-12,-22,-2
Welcome to the Show - DAY6,Welcome to the Show,DAY6,3,2025-04-16,46,67,46,2025-04-16,1,46.0,67.0,0,0,0.0,0.0,36,0,24,5,29.2,47.6,-10,-22,-4
Welcome to the Show - DAY6,Welcome to the Show,DAY6,4,2025-04-18,48,67,48,2025-04-18,2,48.0,67.0,0,0,0.0,0.0,36,0,24,5,29.2,47.6,-12,-24,-3
Welcome to the Show - DAY6,Welcome to the Show,DAY6,5,2025-09-07,44,59,22,2025-10-15,74,33.2972972972973,59.66216216216216,16,38,0.5789473684210527,4.683780611270467,36,0,24,5,29.2,47.6,-8,2,69
Welcome to the Show - DAY6,Welcome to the Show,DAY6,6,2025-11-21,47,59,43,2025-11-22,6,46.5,59.0,7,1,4.0,2.588435821108957,36,0,24,5,29.2,47.6,-11,-19,1
Who (Acoustic Remix) - Jimin,Who (Acoustic Remix),Jimin,1,2025-08-14,42,62,36,2025-08-17,11,40.27272727272727,62.0,7,3,2.0,2.195035721390843,40,48,26,19,33.94736842105263,59.10526315789474,-2,-10,-8
Who (Acoustic Remix) - Jimin,Who (Acoustic Remix),Jimin,2,2025-08-28,45,63,45,2025-08-28,1,45.0,63.0,0,0,0.0,0.0,40,48,26,19,33.94736842105263,59.10526315789474,-5,-19,-18
Who (Acoustic Remix) - Jimin,Who (Acoustic Remix),Jimin,3,2025-09-21,50,64,29,2025-09-22,8,41.25,64.625,10,1,21.0,6.840008354213778,40,48,26,19,33.94736842105263,59.10526315789474,-10,-3,-11
Who (Acoustic Remix) - Jimin,Who (Acoustic Remix),Jimin,4,2025-09-30,44,65,18,2025-10-07,36,32.583333333333336,65.36111111111111,22,7,3.7142857142857144,7.791478862009629,40,48,26,19,33.94736842105263,59.10526315789474,-4,8,17
Who (Acoustic Remix) - Jimin,Who (Acoustic Remix),Jimin,5,2025-11-06,36,66,27,2025-11-24,22,36.31818181818182,66.27272727272727,8,18,0.5,5.303964048901032,40,48,26,19,33.94736842105263,59.10526315789474,4,-1,3
Who (Beautiful Mind Remix) - Jimin,Who (Beautiful Mind Remix),Jimin,1,2025-08-05,50,61,43,2025-08-12,8,47.5,61.25,0,7,1.0,2.9277002188455996,42,48,30,10,33.9,56.8,-8,-13,-2
Who (Beautiful Mind Remix) - Jimin,Who (Beautiful Mind Remix),Jimin,2,2025-08-17,49,62,49,2025-08-17,1,49.0,62.0,0,0,0.0,0.0,42,48,30,10,33.9,56.8,-7,-19,-9
Who (Beautiful Mind Remix) - Jimin,Who (Beautiful Mind Remix),Jimin,3,2025-08-20,49,62,49,2025-08-20,2,49.0,62.0,0,0,0.0,0.0,42,48,30,10,33.9,56.8,-7,-19,-8
Who (Beautiful Mind Remix) - Jimin,Who (Beautiful Mind Remix),Jimin,4,2025-08-23,49,62,49,2025-08-23,1,49.0,62.0,0,0,0.0,0.0,42,48,30,10,33.9,56.8,-7,-19,-9
Who (Beautiful Mind Remix) - Jimin,Who (Beautiful Mind Remix),Jimin,5,2025-09-22,32,63,32,2025-09-22,3,38.333333333333336,63.333333333333336,13,0,0.0,6.506407098647712,42,48,30,10,33.9,56.8,10,-2,-7
Who (Beautiful Mind Remix) - Jimin,Who (Beautiful Mind Remix),Jimin,6,2025-09-27,45,64,45,2025-09-27,2,45.5,64.0,1,0,0.0,0.7071067811865476,42,48,30,10,33.9,56.8,-3,-15,-8
Who (Beautiful Mind Remix) - Jimin,Who (Beautiful Mind Remix),Jimin,7,2025-09-30,49,64,20,2025-10-07,18,35.166666666666664,64.0,23,7,4.142857142857143,8.556043615652106,42,48,30,10,33.9,56.8,-7,10,8
Who (Beautiful Mind Remix) - Jimin,Who (Beautiful Mind Remix),Jimin,8,2025-10-19,44,64,34,2025-10-24,7,39.57142857142857,64.85714285714286,8,5,2.0,3.5523298860110977,42,48,30,10,33.9,56.8,-2,-4,-3
Who (Beautiful Mind Remix) - Jimin,Who (Beautiful Mind Remix),Jimin,9,2025-10-27,46,65,42,2025-10-31,6,44.666666666666664,65.0,1,4,1.0,1.8618986725025255,42,48,30,10,33.9,56.8,-4,-12,-4
Who (Beautiful Mind Remix) - Jimin,Who (Beautiful Mind Remix),Jimin,10,2025-11-04,48,65,48,2025-11-04,1,48.0,65.0,0,0,0.0,0.0,42,48,30,10,33.9,56.8,-6,-18,-9
Who (Beautiful Mind Remix) - Jimin,Who (Beautiful Mind Remix),Jimin,11,2025-11-06,41,65,38,2025-11-14,11,43.09090909090909,65.0,3,8,0.375,2.8444523358476395,42,48,30,10,33.9,56.8,1,-8,1
Who (Beautiful Mind Remix) - Jimin,Who (Beautiful Mind Remix),Jimin,12,2025-11-20,45,65,35,2025-11-24,8,42.625,65.625,6,4,2.5,4.50198368975912,42,48,30,10,33.9,56.8,-3,-5,-2
Who (Funky Remix) - Jimin,Who (Funky Remix),Jimin,1,2025-08-14,49,62,49,2025-08-14,1,49.0,62.0,0,0,0.0,0.0,46,49,24,19,37.05263157894737,59.21052631578947,-3,-25,-18
Who (Funky Remix) - Jimin,Who (Funky Remix),Jimin,2,2025-08-17,44,62,44,2025-08-17,1,44.0,62.0,0,0,0.0,0.0,46,49,24,19,37.05263157894737,59.21052631578947,2,-20,-18
Who (Funky Remix) - Jimin,Who (Funky Remix),Jimin,3,2025-08-20,39,62,39,2025-08-20,5,42.2,62.0,3,0,0.0,4.54972526643093,46,49,24,19,37.05263157894737,59.21052631578947,7,-15,-14
Who (Funky Remix) - Jimin,Who (Funky Remix),Jimin,4,2025-09-22,34,64,34,2025-09-22,3,41.0,64.0,12,0,0.0,6.244997998398398,46,49,24,19,37.05263157894737,59.21052631578947,12,-10,-16
Who (Funky Remix) - Jimin,Who (Funky Remix),Jimin,5,2025-09-27,49,64,44,2025-09-28,2,46.5,64.0,0,1,5.0,3.5355339059327378,46,49,24,19,37.05263157894737,59.21052631578947,-3,-20,-17
Who (Funky Remix) - Jimin,Who (Funky Remix),Jimin,6,2025-10-01,41,64,23,2025-10-07,14,33.142857142857146,64.0,24,6,3.0,6.224729130432324,46,49,24,19,37.05263157894737,59.21052631578947,5,1,-5
Who (Funky Remix) - Jimin,Who (Funky Remix),Jimin,7,2025-10-16,48,64,44,2025-10-17,2,46.0,64.0,0,1,4.0,2.8284271247461903,46,49,24,19,37.05263157894737,59.21052631578947,-2,-20,-17
Who (Funky Remix) - Jimin,Who (Funky Remix),Jimin,8,2025-10-19,47,64,33,2025-10-24,7,41.0,64.85714285714286,13,5,2.8,5.196152422706632,46,49,24,19,37.05263157894737,59.21052631578947,-1,-9,-12
Who (Funky Remix) - Jimin,Who (Funky Remix),Jimin,9,2025-10-27,47,65,42,2025-11-01,6,45.333333333333336,65.0,0,5,1.0,2.3380903889000244,46,49,24,19,37.05263157894737,59.21052631578947,-1,-18,-13
Who (Funky Remix) - Jimin,Who (Funky Remix),Jimin,10,2025-11-03,50,65,46,2025-11-04,2,48.0,65.0,0,1,4.0,2.8284271247461903,46,49,24,19,37.05263157894737,59.21052631578947,-4,-22,-17
Who (Funky Remix) - Jimin,Who (Funky Remix),Jimin,11,2025-11-06,40,65,37,2025-11-14,12,44.0,65.0,13,8,0.375,3.8376128944009875,46,49,24,19,37.05263157894737,59.21052631578947,6,-13,-7
Who (Funky Remix) - Jimin,Who (Funky Remix),Jimin,12,2025-11-20,46,65,32,2025-11-24,8,40.625,65.625,8,4,3.5,5.423164600647327,46,49,24,19,37.05263157894737,59.21052631578947,0,-8,-11
Who (Instrumental) - Jimin,Who (Instrumental),Jimin,1,2025-08-14,46,61,41,2025-08-17,8,44.875,61.0,4,3,1.6666666666666667,1.6420805617960927,44,47,29,19,37.36842105263158,57.89473684210526,-2,-12,-11
Who (Instrumental) - Jimin,Who (Instrumental),Jimin,2,2025-08-23,46,61,45,2025-08-24,2,45.5,61.0,0,1,1.0,0.7071067811865476,44,47,29,19,37.36842105263158,57.89473684210526,-2,-16,-17
Who (Instrumental) - Jimin,Who (Instrumental),Jimin,3,2025-09-22,30,63,30,2025-09-22,3,36.0,63.0,11,0,0.0,5.5677643628300215,44,47,29,19,37.36842105263158,57.89473684210526,14,-1,-16
Who (Instrumental) - Jimin,Who (Instrumental),Jimin,4,2025-09-26,50,63,42,2025-09-28,3,45.333333333333336,63.0,0,2,4.0,4.163331998932266,44,47,29,19,37.36842105263158,57.89473684210526,-6,-13,-16
Who (Instrumental) - Jimin,Who (Instrumental),Jimin,5,2025-09-30,48,63,17,2025-10-07,34,36.029411764705884,64.26470588235294,33,7,4.428571428571429,8.768004140805976,44,47,29,19,37.36842105263158,57.89473684210526,-4,12,15
Who (Instrumental) - Jimin,Who (Instrumental),Jimin,6,2025-11-04,47,65,47,2025-11-04,1,47.0,65.0,0,0,0.0,0.0,44,47,29,19,37.36842105263158,57.89473684210526,-3,-18,-18
Who (Instrumental) - Jimin,Who (Instrumental),Jimin,7,2025-11-06,43,65,38,2025-11-08,11,43.27272727272727,65.0,2,2,2.5,3.37908002541843,44,47,29,19,37.36842105263158,57.89473684210526,1,-9,-8
Who (Instrumental) - Jimin,Who (Instrumental),Jimin,8,2025-11-18,50,65,50,2025-11-18,1,50.0,65.0,0,0,0.0,0.0,44,47,29,19,37.36842105263158,57.89473684210526,-6,-21,-18
Who (Instrumental) - Jimin,Who (Instrumental),Jimin,9,2025-11-20,44,65,26,2025-11-24,8,33.0,65.5,1,4,4.5,6.141195788629908,44,47,29,19,37.36842105263158,57.89473684210526,0,3,-11
Who (Rock Remix) - Jimin,Who (Rock Remix),Jimin,1,2025-08-14,43,63,31,2025-08-23,11,40.0,63.0,4,9,1.3333333333333333,5.157518783291051,43,47,21,19,33.21052631578947,59.05263157894737,0,-10,-8
Who (Rock Remix) - Jimin,Who (Rock Remix),Jimin,2,2025-08-28,42,63,42,2025-08-28,3,45.333333333333336,63.333333333333336,5,0,0.0,2.8867513459481287,43,47,21,19,33.21052631578947,59.05263157894737,1,-21,-16
Who (Rock Remix) - Jimin,Who (Rock Remix),Jimin,3,2025-09-13,49,64,49,2025-09-13,1,49.0,64.0,0,0,0.0,0.0,43,47,21,19,33.21052631578947,59.05263157894737,-6,-28,-18
Who (Rock Remix) - Jimin,Who (Rock Remix),Jimin,4,2025-09-21,49,65,16,2025-10-07,45,33.51111111111111,65.6,23,16,2.0625,8.577513472664288,43,47,21,19,33.21052631578947,59.05263157894737,-6,5,26
Who (Rock Remix) - Jimin,Who (Rock Remix),Jimin,5,2025-11-06,35,67,25,2025-11-24,22,35.59090909090909,67.0909090909091,8,18,0.5555555555555556,5.4218173978938,43,47,21,19,33.21052631578947,59.05263157894737,8,-4,3
Who (Shibuyakei Remix) - Jimin,Who (Shibuyakei Remix),Jimin,1,2025-08-14,48,62,42,2025-08-20,10,46.7,62.0,3,6,1.0,3.0203016773531455,41,49,29,19,37.63157894736842,59.78947368421053,-7,-13,-9
Who (Shibuyakei Remix) - Jimin,Who (Shibuyakei Remix),Jimin,2,2025-09-22,31,64,31,2025-09-22,3,38.666666666666664,64.0,13,0,0.0,6.8068592855540455,41,49,29,19,37.63157894736842,59.78947368421053,10,-2,-16
Who (Shibuyakei Remix) - Jimin,Who (Shibuyakei Remix),Jimin,3,2025-09-27,47,64,43,2025-09-28,2,45.0,64.0,0,1,4.0,2.8284271247461903,41,49,29,19,37.63157894736842,59.78947368421053,-6,-14,-17
Who (Shibuyakei Remix) - Jimin,Who (Shibuyakei Remix),Jimin,4,2025-09-30,46,64,20,2025-10-10,18,33.666666666666664,64.22222222222223,18,10,2.6,8.217628110635445,41,49,29,19,37.63157894736842,59.78947368421053,-5,9,-1
Who (Shibuyakei Remix) - Jimin,Who (Shibuyakei Remix),Jimin,5,2025-10-19,39,65,32,2025-10-24,15,40.6,65.0,16,5,1.4,4.777925431457824,41,49,29,19,37.63157894736842,59.78947368421053,2,-3,-4
Who (Shibuyakei Remix) - Jimin,Who (Shibuyakei Remix),Jimin,6,2025-11-04,42,65,42,2025-11-04,1,42.0,65.0,0,0,0.0,0.0,41,49,29,19,37.63157894736842,59.78947368421053,-1,-13,-18
Who (Shibuyakei Remix) - Jimin,Who (Shibuyakei Remix),Jimin,7,2025-11-06,37,65,35,2025-11-14,13,41.38461538461539,65.46153846153847,13,8,0.25,4.011202262382637,41,49,29,19,37.63157894736842,59.78947368421053,4,-6,-6
Who (Shibuyakei Remix) - Jimin,Who (Shibuyakei Remix),Jimin,8,2025-11-20,41,66,31,2025-11-24,8,38.125,66.25,7,4,2.5,4.611708700997618,41,49,29,19,37.63157894736842,59.78947368421053,0,-2,-11
Who - Jimin,Who,Jimin,1,2025-08-14,1,94,1,2025-08-14,106,1.0,93.13207547169812,0,0,0.0,0.0,1,81,1,23,1.0,91.26086956521739,0,0,83
Why? - PLAVE,Why?,PLAVE,1,2025-09-02,49,55,49,2025-09-02,2,49.0,55.0,0,0,0.0,0.0,39,53,34,3,37.333333333333336,53.666666666666664,-10,-15,-1
With you - Jimin & HA SUNG WOON,With you,Jimin & HA SUNG WOON,1,2024-06-08,44,76,20,2024-06-21,17,32.8235294117647,76.0,23,13,1.8461538461538463,8.009644921262483,50,77,50,1,50.0,77.0,6,30,16
With you - Jimin & HA SUNG WOON,With you,Jimin & HA SUNG WOON,2,2024-06-28,43,76,43,2024-06-28,1,43.0,76.0,0,0,0.0,0.0,50,77,50,1,50.0,77.0,7,7,0
With you - Jimin & HA SUNG WOON,With you,Jimin & HA SUNG WOON,3,2024-07-05,50,77,50,2024-07-05,2,50.0,77.0,0,0,0.0,0.0,50,77,50,1,50.0,77.0,0,0,1
With you - Jimin & HA SUNG WOON,With you,Jimin & HA SUNG WOON,4,2025-01-23,28,74,28,2025-01-23,1,28.0,74.0,0,0,0.0,0.0,50,77,50,1,50.0,77.0,22,22,0
"Yes or No (Feat. 허윤진 of LE SSERAFIM, Crush) - GroovyRoom & HUH YUNJIN","Yes or No (Feat. 허윤진 of LE SSERAFIM, Crush)",GroovyRoom & HUH YUNJIN,1,2025-03-02,30,75,30,2025-03-02,12,35.333333333333336,73.66666666666667,13,0,0.0,4.9787426914712904,16,71,14,28,20.535714285714285,73.89285714285714,-14,-16,-16
"Yes or No (Feat. 허윤진 of LE SSERAFIM, Crush) - GroovyRoom & HUH YUNJIN","Yes or No (Feat. 허윤진 of LE SSERAFIM, Crush)",GroovyRoom & HUH YUNJIN,2,2025-03-15,41,72,40,2025-03-16,10,45.1,71.6,7,1,1.0,2.8460498941515415,16,71,14,28,20.535714285714285,73.89285714285714,-25,-26,-18
"Yes or No (Feat. 허윤진 of LE SSERAFIM, Crush) - GroovyRoom & HUH YUNJIN","Yes or No (Feat. 허윤진 of LE SSERAFIM, Crush)",GroovyRoom & HUH YUNJIN,3,2025-03-26,41,70,41,2025-03-26,2,43.0,70.0,4,0,0.0,2.8284271247461903,16,71,14,28,20.535714285714285,73.89285714285714,-25,-27,-26
Yes or No - Jung Kook,Yes or No,Jung Kook,1,2025-03-02,25,86,21,2025-03-03,12,25.25,85.41666666666667,9,1,4.0,2.7344602259445514,7,0,7,117,16.641025641025642,86.93162393162393,-18,-14,-105
Yes or No - Jung Kook,Yes or No,Jung Kook,2,2025-03-15,27,84,26,2025-03-22,10,28.0,83.8,2,7,0.14285714285714285,1.8856180831641267,7,0,7,117,16.641025641025642,86.93162393162393,-20,-19,-107
Yes or No - Jung Kook,Yes or No,Jung Kook,3,2025-03-26,28,83,27,2025-03-27,37,39.16216216216216,82.48648648648648,19,1,1.0,5.008401350139991,7,0,7,117,16.641025641025642,86.93162393162393,-21,-20,-80
Yes or No - Jung Kook,Yes or No,Jung Kook,4,2025-05-06,47,82,47,2025-05-06,3,47.0,81.33333333333333,0,0,0.0,0.0,7,0,7,117,16.641025641025642,86.93162393162393,-40,-40,-114
You & Me (Coachella ver.) - JENNIE,You & Me (Coachella ver.),JENNIE,1,2024-10-10,16,74,16,2024-10-10,2,16.0,75.0,0,0,0.0,0.0,4,0,4,1,4.0,0.0,-12,-12,1
You & Me - JENNIE,You & Me,JENNIE,1,2024-11-21,48,83,47,2024-11-22,7,48.57142857142857,82.42857142857143,3,1,1.0,1.3972762620115438,4,69,4,43,22.3953488372093,81.30232558139535,-44,-43,-36
You & Me - JENNIE,You & Me,JENNIE,2,2024-12-15,50,81,50,2024-12-15,1,50.0,81.0,0,0,0.0,0.0,4,69,4,43,22.3953488372093,81.30232558139535,-46,-46,-42
You & Me - JENNIE,You & Me,JENNIE,3,2024-12-28,46,77,46,2024-12-28,6,47.666666666666664,77.66666666666667,2,0,0.0,1.3662601021279464,4,69,4,43,22.3953488372093,81.30232558139535,-42,-42,-37
You & Me - JENNIE,You & Me,JENNIE,4,2025-01-04,47,79,47,2025-01-04,1,47.0,79.0,0,0,0.0,0.0,4,69,4,43,22.3953488372093,81.30232558139535,-43,-43,-42
You & Me - JENNIE,You & Me,JENNIE,5,2025-01-06,47,79,47,2025-01-06,3,48.333333333333336,79.66666666666667,2,0,0.0,1.1547005383792517,4,69,4,43,22.3953488372093,81.30232558139535,-43,-43,-40
You & Me - JENNIE,You & Me,JENNIE,6,2025-01-12,48,80,48,2025-01-12,2,49.0,80.0,2,0,0.0,1.4142135623730951,4,69,4,43,22.3953488372093,81.30232558139535,-44,-44,-41
You Were Beautiful - DAY6,You Were Beautiful,DAY6,1,2025-04-14,48,66,43,2025-04-16,4,46.25,66.0,3,2,2.5,2.362907813126304,50,66,50,1,50.0,66.0,2,7,3
You Were Beautiful - DAY6,You Were Beautiful,DAY6,2,2025-04-19,49,67,49,2025-04-19,2,49.0,67.0,0,0,0.0,0.0,50,66,50,1,50.0,66.0,1,1,1
You Were Beautiful - DAY6,You Were Beautiful,DAY6,3,2025-09-16,47,65,37,2025-09-25,19,42.89473684210526,65.0,9,9,1.1111111111111112,3.089313782884931,50,66,50,1,50.0,66.0,3,13,18
You Were Beautiful - DAY6,You Were Beautiful,DAY6,4,2025-10-06,44,65,44,2025-10-06,1,44.0,65.0,0,0,0.0,0.0,50,66,50,1,50.0,66.0,6,6,0
You Were Beautiful - DAY6,You Were Beautiful,DAY6,5,2025-10-08,49,65,49,2025-10-08,1,49.0,65.0,0,0,0.0,0.0,50,66,50,1,50.0,66.0,1,1,0
You Were Beautiful - DAY6,You Were Beautiful,DAY6,6,2025-10-14,38,64,26,2025-10-15,6,37.833333333333336,64.0,20,1,12.0,6.585337247754792,50,66,50,1,50.0,66.0,12,24,5
You Were Beautiful - DAY6,You Were Beautiful,DAY6,7,2025-10-21,33,65,32,2025-10-22,3,37.0,64.33333333333333,14,1,1.0,7.810249675906654,50,66,50,1,50.0,66.0,17,18,2
You Were Beautiful - DAY6,You Were Beautiful,DAY6,8,2025-10-26,49,64,49,2025-10-26,1,49.0,64.0,0,0,0.0,0.0,50,66,50,1,50.0,66.0,1,1,0
You Were Beautiful - DAY6,You Were Beautiful,DAY6,9,2025-10-28,49,64,43,2025-10-29,2,46.0,64.0,0,1,6.0,4.242640687119285,50,66,50,1,50.0,66.0,1,7,1
You Were Beautiful - DAY6,You Were Beautiful,DAY6,10,2025-11-02,42,64,38,2025-11-05,4,40.75,64.0,0,3,1.3333333333333333,1.8929694486000912,50,66,50,1,50.0,66.0,8,12,3
You Were Beautiful - DAY6,You Were Beautiful,DAY6,11,2025-11-07,48,64,36,2025-11-12,14,42.57142857142857,64.0,12,5,2.4,4.815268755408486,50,66,50,1,50.0,66.0,2,14,13
You Were Beautiful - DAY6,You Were Beautiful,DAY6,12,2025-11-23,46,65,46,2025-11-23,1,46.0,65.0,0,0,0.0,0.0,50,66,50,1,50.0,66.0,4,4,0
You Were Beautiful - DAY6,You Were Beautiful,DAY6,13,2025-11-26,48,65,48,2025-11-26,1,48.0,65.0,0,0,0.0,0.0,50,66,50,1,50.0,66.0,2,2,0
Young Man - HYUKOH & 落日飛車 Sunset Rollercoaster,Young Man,HYUKOH & 落日飛車 Sunset Rollercoaster,1,2025-07-12,33,35,33,2025-07-12,3,37.333333333333336,40.0,13,0,0.0,7.505553499465135,13,47,13,6,31.333333333333332,51.833333333333336,-20,-20,-3
bye - Ariana Grande,bye,Ariana Grande,1,2025-03-15,47,87,47,2025-03-15,1,47.0,87.0,0,0,0.0,0.0,41,78,34,4,38.75,82.0,-6,-13,-3
double take - Dhruv,double take,Dhruv,1,2025-09-25,39,83,39,2025-09-25,2,41.5,83.0,5,0,0.0,3.5355339059327378,49,83,49,1,49.0,83.0,10,10,1
double take - Dhruv,double take,Dhruv,2,2025-09-30,47,82,47,2025-09-30,2,48.0,82.0,2,0,0.0,1.4142135623730951,49,83,49,1,49.0,83.0,2,2,1
double take - Dhruv,double take,Dhruv,3,2025-10-03,48,82,45,2025-10-08,7,47.57142857142857,82.0,5,5,0.6,1.7182493859684491,49,83,49,1,49.0,83.0,1,4,6
double take - Dhruv,double take,Dhruv,4,2025-10-19,41,82,30,2025-10-21,4,41.0,82.0,19,2,5.5,8.04155872120988,49,83,49,1,49.0,83.0,8,19,3
double take - Dhruv,double take,Dhruv,5,2025-10-24,40,82,36,2025-10-25,6,43.5,82.0,13,1,4.0,4.764451699828638,49,83,49,1,49.0,83.0,9,13,5
double take - Dhruv,double take,Dhruv,6,2025-10-31,49,82,39,2025-11-02,9,45.666666666666664,82.0,10,2,5.0,3.6400549446402595,49,83,49,1,49.0,83.0,0,10,8
euphoria - Kendrick Lamar,euphoria,Kendrick Lamar,1,2025-05-06,50,89,50,2025-05-06,1,50.0,89.0,0,0,0.0,0.0,48,69,42,2,45.0,77.0,-2,-8,-1
greedy - Tate McRae,greedy,Tate McRae,1,2024-10-10,50,96,45,2024-10-12,4,47.75,96.0,1,2,2.5,2.6299556396765835,48,93,45,5,47.0,94.0,-2,0,-1
plot twist - TWS,plot twist,TWS,1,2025-03-02,10,78,10,2025-03-02,12,10.583333333333334,78.0,1,0,0.0,0.5149286505444373,45,64,8,32,16.875,73.3125,35,-2,-20
plot twist - TWS,plot twist,TWS,2,2025-03-15,11,78,11,2025-03-15,10,12.9,77.3,4,0,0.0,1.1972189997378646,45,64,8,32,16.875,73.3125,34,-3,-22
plot twist - TWS,plot twist,TWS,3,2025-03-26,13,77,11,2025-04-01,61,26.934426229508198,76.55737704918033,37,6,0.3333333333333333,12.725131109290539,45,64,8,32,16.875,73.3125,32,-3,29
plot twist - TWS,plot twist,TWS,4,2025-06-02,46,74,43,2025-06-06,14,45.142857142857146,71.28571428571429,3,4,0.75,1.4064216928154865,45,64,8,32,16.875,73.3125,-1,-35,-18
plot twist - TWS,plot twist,TWS,5,2025-06-17,49,68,49,2025-06-17,1,49.0,68.0,0,0,0.0,0.0,45,64,8,32,16.875,73.3125,-4,-41,-31
vampire - Olivia Rodrigo,vampire,Olivia Rodrigo,1,2024-07-25,48,98,42,2024-07-27,4,44.0,98.25,0,2,3.0,2.8284271247461903,22,85,21,21,33.95238095238095,95.23809523809524,-26,-21,-17
vampire - Olivia Rodrigo,vampire,Olivia Rodrigo,2,2024-07-31,48,98,42,2024-08-06,13,46.76923076923077,98.0,8,6,1.0,2.2417941532712202,22,85,21,21,33.95238095238095,95.23809523809524,-26,-21,-8
we can't be friends (wait for your love) - Ariana Grande,we can't be friends (wait for your love),Ariana Grande,1,2025-03-15,18,89,15,2025-03-16,10,17.1,91.7,4,1,3.0,1.1972189997378646,20,81,17,3,19.0,84.33333333333333,2,2,7
we can't be friends (wait for your love) - Ariana Grande,we can't be friends (wait for your love),Ariana Grande,2,2025-03-26,19,93,17,2025-03-27,42,29.952380952380953,94.76190476190476,29,1,2.0,10.09697462767058,20,81,17,3,19.0,84.33333333333333,1,0,39
we can't be friends (wait for your love) - Ariana Grande,we can't be friends (wait for your love),Ariana Grande,3,2025-05-08,50,94,49,2025-05-09,4,49.5,94.0,0,1,1.0,0.5773502691896257,20,81,17,3,19.0,84.33333333333333,-30,-32,1
wherever u r (ft. V of BTS) - UMI & V,wherever u r (ft. V of BTS),UMI & V,1,2025-03-02,45,86,45,2025-03-02,6,47.0,84.83333333333333,4,0,0.0,1.6733200530681511,14,0,14,60,25.183333333333334,86.38333333333334,-31,-31,-54
wherever u r (ft. V of BTS) - UMI & V,wherever u r (ft. V of BTS),UMI & V,2,2025-03-09,49,84,46,2025-03-10,2,47.5,83.5,0,1,3.0,2.1213203435596424,14,0,14,60,25.183333333333334,86.38333333333334,-35,-32,-58
wherever u r (ft. V of BTS) - UMI & V,wherever u r (ft. V of BTS),UMI & V,3,2025-03-16,41,82,41,2025-03-16,1,41.0,82.0,0,0,0.0,0.0,14,0,14,60,25.183333333333334,86.38333333333334,-27,-27,-59
"yes, and? - Ariana Grande","yes, and?",Ariana Grande,1,2025-02-15,45,97,45,2025-02-15,4,46.75,97.0,4,0,0.0,2.0615528128088303,15,85,13,30,27.0,95.2,-30,-32,-26
"yes, and? - Ariana Grande","yes, and?",Ariana Grande,2,2025-03-10,30,73,25,2025-03-13,4,29.25,77.75,0,3,1.6666666666666667,2.8722813232690143,15,85,13,30,27.0,95.2,-15,-12,-26
"yes, and? - Ariana Grande","yes, and?",Ariana Grande,3,2025-03-15,29,83,29,2025-03-15,5,40.8,84.2,20,0,0.0,8.78635305459552,15,85,13,30,27.0,95.2,-14,-16,-25
アイドル - YOASOBI,アイドル,YOASOBI,1,2024-09-03,45,88,45,2024-09-03,1,45.0,88.0,0,0,0.0,0.0,8,89,7,106,21.556603773584907,90.15094339622641,-37,-38,-105
アイドル - YOASOBI,アイドル,YOASOBI,2,2024-09-22,48,86,42,2024-09-28,10,44.7,86.0,3,6,1.0,1.946506842754191,8,89,7,106,21.556603773584907,90.15094339622641,-40,-35,-96
アイドル - YOASOBI,アイドル,YOASOBI,3,2024-10-06,44,30,44,2024-10-06,1,44.0,30.0,0,0,0.0,0.0,8,89,7,106,21.556603773584907,90.15094339622641,-36,-37,-105
踊り子 - Vaundy,踊り子,Vaundy,1,2025-07-12,21,70,21,2025-07-12,32,27.875,70.46875,11,0,0.0,3.9164664785261922,29,68,14,11,19.454545454545453,68.72727272727273,8,-7,21
踊り子 - Vaundy,踊り子,Vaundy,2,2025-08-14,29,71,27,2025-08-15,40,41.475,71.0,23,1,2.0,6.637065693937421,29,68,14,11,19.454545454545453,68.72727272727273,0,-13,29
踊り子 - Vaundy,踊り子,Vaundy,3,2025-09-25,44,71,44,2025-09-25,2,46.0,71.0,4,0,0.0,2.8284271247461903,29,68,14,11,19.454545454545453,68.72727272727273,-15,-30,-9
녹아내려요 Melt Down - DAY6,녹아내려요 Melt Down,DAY6,1,2025-10-07,40,55,40,2025-10-07,1,40.0,55.0,0,0,0.0,0.0,30,55,30,1,30.0,55.0,-10,-10,0
"무제(無題) (Untitled, 2014) - G-DRAGON","무제(無題) (Untitled, 2014)",G-DRAGON,1,2025-11-27,43,61,43,2025-11-27,1,43.0,61.0,0,0,0.0,0.0,50,58,50,1,50.0,58.0,7,7,0
예뻤어 - DAY6,예뻤어,DAY6,1,2025-10-07,44,49,44,2025-10-07,1,44.0,49.0,0,0,0.0,0.0,43,49,43,1,43.0,49.0,-1,-1,0
한 페이지가 될 수 있게 - DAY6,한 페이지가 될 수 있게,DAY6,1,2025-10-07,35,52,35,2025-10-07,1,35.0,52.0,0,0,0.0,0.0,36,52,36,1,36.0,52.0,1,1,0
